"DateTime","Bitcoin","Ethereum"
"2023-03-18 00:00:00",0,0
"2023-03-19 00:00:00",3.98059149026765,1.805224081128386
"2023-03-20 00:00:00",3.0300348478244334,-1.4119763389846918
"2023-03-21 00:00:00",4.266107026310085,2.372856097254686
"2023-03-22 00:00:00",1.2596475765768624,-1.2312075828607967
"2023-03-23 00:00:00",4.98728528275978,3.138382283693957
"2023-03-24 00:00:00",1.799123150898965,-1.0289170618899728
"2023-03-25 00:00:00",2.074707195576203,-0.8727517443163577
"2023-03-26 00:00:00",3.470137990815175,0.4206090775239689
"2023-03-27 00:00:00",0.27485593788541596,-2.8401511763541776
"2023-03-28 00:00:00",0.6771404926798139,0.3740373960595576
"2023-03-29 00:00:00",4.748470801241818,1.4757119454467167
"2023-03-30 00:00:00",3.4430354573544495,1.327168264115614
"2023-03-31 00:00:00",5.1977399584847745,3.085446885530828
"2023-04-01 00:00:00",5.131928266705402,3.0278222029577924
"2023-04-02 00:00:00",4.163808501242908,1.6000483914972319
"2023-04-03 00:00:00",2.6104462619224957,2.3194495946672458
"2023-04-04 00:00:00",3.93812282270864,5.759395292755882
"2023-04-05 00:00:00",4.0188007579788865,8.020308112559192
"2023-04-06 00:00:00",3.4498980833750594,5.811002809338316
"2023-04-07 00:00:00",3.0494793664828377,5.495129768753207
"2023-04-08 00:00:00",3.173758518314688,4.6130991185399415
"2023-04-09 00:00:00",4.587038302229127,5.115506091119816
"2023-04-10 00:00:00",9.407560512884082,7.937985960397946
"2023-04-11 00:00:00",11.631872874633427,6.980434962664166
"2023-04-12 00:00:00",10.315655706246233,8.522411315552498
"2023-04-13 00:00:00",12.163421893441688,13.753622972872886
"2023-04-14 00:00:00",12.397234324129315,18.84910633471379
"2023-04-15 00:00:00",11.820843521535359,18.296392591203194
"2023-04-16 00:00:00",11.793713444606865,19.733721278386877
"2023-04-17 00:00:00",8.70475776773859,17.413017268307904
"2023-04-18 00:00:00",12.019097542070105,18.86790482775789
"2023-04-19 00:00:00",6.36505291923766,9.438126116203474
"2023-04-20 00:00:00",4.234155468623761,9.834281709117542
"2023-04-21 00:00:00",0.7096297024479173,4.562182437666367
"2023-04-22 00:00:00",2.7809290954788324,6.110232486481026
"2023-04-23 00:00:00",1.8400102847642819,5.324543164894218
"2023-04-24 00:00:00",1.4897690520984275,4.137245243502765
"2023-04-25 00:00:00",4.586969150610747,5.715974258575198
"2023-04-26 00:00:00",4.590558790878809,5.547789816669789
"2023-04-27 00:00:00",8.764009644923096,7.9704664585720595
"2023-04-28 00:00:00",8.23454303815776,7.064596348700104
"2023-04-29 00:00:00",7.78429998659241,7.677550631542215
"2023-04-30 00:00:00",8.315926339042825,6.553913672490766
"2023-05-01 00:00:00",3.7543041692355574,3.577459389341514
"2023-05-02 00:00:00",5.705363016484085,5.730857602957957
"2023-05-03 00:00:00",6.937226019791332,7.590197889694804
"2023-05-04 00:00:00",6.41390956273465,6.10231279606693
"2023-05-05 00:00:00",8.8997660493137,12.670081942720483
"2023-05-06 00:00:00",6.56618897610613,7.402701324649595
"2023-05-07 00:00:00",5.546918037190871,7.109925422089132
"2023-05-08 00:00:00",2.172691151440978,4.513516418936849
"2023-05-09 00:00:00",1.8430106518192386,4.331289710018471
"2023-05-10 00:00:00",1.9623190956720709,4.150513209346218
"2023-05-11 00:00:00",-0.3062826129179305,1.618978669418853
"2023-05-12 00:00:00",-1.1808478736265016,2.2193461567849
"2023-05-13 00:00:00",-1.1423501771473694,1.5696702654568302
"2023-05-14 00:00:00",-0.7229910461290379,1.6719175007305294
"2023-05-15 00:00:00",0.4426817139612898,2.860783773076264
"2023-05-16 00:00:00",-0.31385444084513603,3.065271566483993
"2023-05-17 00:00:00",1.0409528228186562,2.9176313355984593
"2023-05-18 00:00:00",-0.9769873067979462,1.8630697814488517
"2023-05-19 00:00:00",-0.8241952070517857,2.4135732658202196
"2023-05-20 00:00:00",-0.051649658195027995,2.8000165838286413
"2023-05-21 00:00:00",-1.2319776453141975,2.006512490524887
"2023-05-22 00:00:00",-0.8783679618803315,2.7679120921973674
"2023-05-23 00:00:00",0.42476924096411256,4.790696169639254
"2023-05-24 00:00:00",-2.836244395339825,1.7695396871391835
"2023-05-25 00:00:00",-2.332112761860055,2.056059271938373
"2023-05-26 00:00:00",-1.437979999600301,3.3644375268378144
"2023-05-27 00:00:00",-0.9574820485378585,3.440739966758023
"2023-05-28 00:00:00",3.6982771496790114,8.160328678972343
"2023-05-29 00:00:00",2.4050445569438006,7.024255010235947
"2023-05-30 00:00:00",2.235948836861912,7.4404373697284365
"2023-05-31 00:00:00",0.5079066592512238,5.949364266121164
"2023-06-01 00:00:00",-1.0465281793020171,5.216386282719379
"2023-06-02 00:00:00",0.516264463758736,7.787104256016608
"2023-06-03 00:00:00",-0.15280054789267353,6.931790095208696
"2023-06-04 00:00:00",0.766035841570183,6.993963044825042
"2023-06-05 00:00:00",-4.85165329720702,2.5011695783306203
"2023-06-06 00:00:00",0.40144686242734107,6.432441990227071
"2023-06-07 00:00:00",-2.809331107493978,3.5545481707761284
"2023-06-08 00:00:00",-2.2129514909961916,4.329353361505822
"2023-06-09 00:00:00",-2.35434333853781,3.943805069625892
"2023-06-10 00:00:00",-4.610000264346378,-0.8337225808079292
"2023-06-11 00:00:00",-4.394353767581602,-1.0003660588995484
"2023-06-12 00:00:00",-4.417288698685233,-1.516270505284468
"2023-06-13 00:00:00",-4.558046322418298,-1.8444344188265984
"2023-06-14 00:00:00",-7.378090676230313,-6.7111427395040195
"2023-06-15 00:00:00",-5.692800579886714,-5.902925821700671
"2023-06-16 00:00:00",-2.879122389483789,-2.998038120748469
"2023-06-17 00:00:00",-2.2382779724835924,-2.433135579229854
"2023-06-18 00:00:00",-2.857848579462804,-2.8343759209395705
"2023-06-19 00:00:00",-1.2114772009387154,-1.9572582658483824
"2023-06-20 00:00:00",4.5119839639625665,1.1735512939808197
"2023-06-21 00:00:00",11.044693775566614,6.9782116898081945
"2023-06-22 00:00:00",10.431834153453615,5.920149243472976
"2023-06-23 00:00:00",12.99055321803345,6.8903546962772495
"2023-06-24 00:00:00",12.653278651067296,5.969996778578582
"2023-06-25 00:00:00",12.346873431281281,7.331306002010883
"2023-06-26 00:00:00",11.722507163459607,5.1077087773308865
"2023-06-27 00:00:00",13.227761775250926,6.815070126889693
"2023-06-28 00:00:00",10.977231349629438,3.336281480271588
"2023-06-29 00:00:00",12.390600645942508,4.7484297689821995
"2023-06-30 00:00:00",12.442877219977275,9.30360749596003
"2023-07-01 00:00:00",12.822244588067768,8.767926602856626
"2023-07-02 00:00:00",12.778963575923447,9.298756605804083
"2023-07-03 00:00:00",14.855215514211142,10.418964730132897
"2023-07-04 00:00:00",13.530544332204961,9.470594552834392
"2023-07-05 00:00:00",12.457678471413912,7.973206410705822
"2023-07-06 00:00:00",10.632599468834478,4.863130159562794
"2023-07-07 00:00:00",11.832292342863157,5.645440850806134
"2023-07-08 00:00:00",11.643903496035273,5.394026159304931
"2023-07-09 00:00:00",11.295934590491582,5.509778462261647
"2023-07-10 00:00:00",12.12377954141149,5.982108662631592
"2023-07-11 00:00:00",12.959454756377362,6.015543204796325
"2023-07-12 00:00:00",12.172234863390807,5.882219886986871
"2023-07-13 00:00:00",16.00360058171006,13.214928350216235
"2023-07-14 00:00:00",11.819611139621932,9.410677653326111
"2023-07-15 00:00:00",11.768495180375963,9.15348360745235
"2023-07-16 00:00:00",11.544808151312411,8.681387146869953
"2023-07-17 00:00:00",11.214738091278363,8.064624513261357
"2023-07-18 00:00:00",10.108680450444531,7.221202488154208
"2023-07-19 00:00:00",10.373705965114514,6.770473826610825
"2023-07-20 00:00:00",9.883687054685382,6.871676170658043
"2023-07-21 00:00:00",10.354552395318592,6.897554480470591
"2023-07-22 00:00:00",9.600057927519547,5.023431480497892
"2023-07-23 00:00:00",10.883086734766518,6.69153154666519
"2023-07-24 00:00:00",7.662408341827237,4.578086593649668
"2023-07-25 00:00:00",7.802857689631987,4.983045313863368
"2023-07-26 00:00:00",8.321890286025498,5.770674650520485
"2023-07-27 00:00:00",7.719004940064165,5.049757856972496
"2023-07-28 00:00:00",8.139007369757735,5.949313970073822
"2023-07-29 00:00:00",8.29634352804861,6.301071196521028
"2023-07-30 00:00:00",8.004944158047278,5.22455406707297
"2023-07-31 00:00:00",7.840344088845955,4.964937910339363
"2023-08-01 00:00:00",8.961694655831545,5.669625060192743
"2023-08-02 00:00:00",7.521247298703672,3.8762090674771454
"2023-08-03 00:00:00",7.630124943704073,3.7456215164877813
"2023-08-04 00:00:00",7.304711092292436,3.3364429663177417
"2023-08-05 00:00:00",7.152955358345089,3.709975771883181
"2023-08-06 00:00:00",7.143378475700326,3.2372913107312407
"2023-08-07 00:00:00",7.6374924020145025,3.250103736299703
"2023-08-08 00:00:00",9.856094032522723,4.940520307379305
"2023-08-09 00:00:00",9.140161165108681,4.886637435324798
"2023-08-10 00:00:00",8.543767477616202,4.603283368230607
"2023-08-11 00:00:00",8.4442723052487,4.414795414866638
"2023-08-12 00:00:00",8.500692625503724,4.4692426711225135
"2023-08-13 00:00:00",8.031556076207814,3.9610308253198063
"2023-08-14 00:00:00",8.458064770329184,4.187125784070154
"2023-08-15 00:00:00",7.609244602414433,3.2489532263747907
"2023-08-16 00:00:00",6.073548249388204,2.262607341665516
"2023-08-17 00:00:00",-2.2362754940732312,-5.287770811401587
"2023-08-18 00:00:00",-3.9285896816896004,-6.145849487289965
"2023-08-19 00:00:00",-3.700093116828483,-5.662396179151267
"2023-08-20 00:00:00",-3.4937989684838167,-4.914787894596753
"2023-08-21 00:00:00",-3.6476088433004477,-5.797637224512381
"2023-08-22 00:00:00",-3.9623912181665437,-7.58630673662081
"2023-08-23 00:00:00",-2.4265478886557252,-5.103427200151692
"2023-08-24 00:00:00",-3.5888497388585434,-6.274674118108277
"2023-08-25 00:00:00",-3.9241704636585335,-6.555575162781023
"2023-08-26 00:00:00",-4.07918305813892,-6.980816051082958
"2023-08-27 00:00:00",-3.7814772901674765,-6.357672557526054
"2023-08-28 00:00:00",-3.6835252122916664,-6.568616317583681
"2023-08-29 00:00:00",2.297168090217773,-2.217390496182901
"2023-08-30 00:00:00",0.69894757084385,-3.634921615948971
"2023-08-31 00:00:00",-4.354375929011651,-7.02170357829285
"2023-09-01 00:00:00",-4.778927329490633,-7.845453227137172
"2023-09-02 00:00:00",-4.626475414287641,-7.531435541762622
"2023-09-03 00:00:00",-4.235667236447666,-7.5743396322293846
"2023-09-04 00:00:00",-4.7160882815863,-7.844229317449063
"2023-09-05 00:00:00",-4.881912384142154,-7.705796960245564
"2023-09-06 00:00:00",-4.997949503757299,-7.7156638649600175
"2023-09-07 00:00:00",-3.37710553561823,-6.95820514781878
"2023-09-08 00:00:00",-4.428852184371485,-7.520581190687237
"2023-09-09 00:00:00",-4.49489639655154,-7.628430460728512
"2023-09-10 00:00:00",-4.69684906952987,-8.586920567716984
"2023-09-11 00:00:00",-7.283843197449855,-12.40696063371756
"2023-09-12 00:00:00",-4.5779660399683175,-9.8591798627892
"2023-09-13 00:00:00",-3.262368627649284,-9.137917685070033
"2023-09-14 00:00:00",-2.1263133985207276,-8.08109752077214
"2023-09-15 00:00:00",-1.7454802489998982,-7.20519632498402
"2023-09-16 00:00:00",-2.0290235655698594,-7.62990332847848
"2023-09-17 00:00:00",-2.1647057227961586,-8.30476130408119
"2023-09-18 00:00:00",-1.3513866052799561,-7.504737040966074
"2023-09-19 00:00:00",0.4113381509463386,-7.105522156982941
"2023-09-20 00:00:00",0.02971198617902628,-8.358214917048896
"2023-09-21 00:00:00",-2.016611037905403,-10.489342335169967
"2023-09-22 00:00:00",-1.9763840165375923,-9.944198869871313
"2023-09-23 00:00:00",-1.969428938218271,-9.960598494630071
"2023-09-24 00:00:00",-3.1659874026231485,-10.678468848174056
"2023-09-25 00:00:00",-2.9849627728642525,-10.226718286428115
"2023-09-26 00:00:00",-3.3312731134833076,-9.999811724284188
"2023-09-27 00:00:00",-2.79493543017883,-9.721151496751162
"2023-09-28 00:00:00",-0.3643912868680967,-6.625254459400541
"2023-09-29 00:00:00",-0.7030933414857016,-5.732735741836974
"2023-09-30 00:00:00",-0.5087689860442596,-5.562617967426386
"2023-10-01 00:00:00",3.1714806936810147,-2.0123647748470845
"2023-10-02 00:00:00",1.871316919345763,-5.886029787013423
"2023-10-03 00:00:00",1.2222676083617947,-6.392093643046688
"2023-10-04 00:00:00",2.5244368449948236,-6.851487459805599
"2023-10-05 00:00:00",1.2102882795104508,-8.84074819579995
"2023-10-06 00:00:00",3.1371210465583443,-6.953213721299852
"2023-10-07 00:00:00",3.2084918657642465,-7.592435217226962
"2023-10-08 00:00:00",3.0998890007588193,-7.641106392432917
"2023-10-09 00:00:00",1.7928068344560442,-10.695425432689763
"2023-10-10 00:00:00",1.0493496382973577,-11.414276564893122
"2023-10-11 00:00:00",-0.9797985118597311,-11.557940352583804
"2023-10-12 00:00:00",-1.3968491979196411,-13.146218643199555
"2023-10-13 00:00:00",-0.9836874986162459,-12.346294053406233
"2023-10-14 00:00:00",-0.9023553551249828,-12.092576935779405
"2023-10-15 00:00:00",0.15679926131670519,-11.96233118429455
"2023-10-16 00:00:00",5.184921514295458,-9.505523330703673
"2023-10-17 00:00:00",4.832298991111254,-11.549780376697623
"2023-10-18 00:00:00",4.502222115210421,-11.605696865907529
"2023-10-19 00:00:00",5.931711251211728,-11.3624825252091
"2023-10-20 00:00:00",9.479195825234662,-9.354189114262162
"2023-10-21 00:00:00",10.37444248542812,-7.919508974959366
"2023-10-22 00:00:00",10.740779985512065,-5.925917710299322
"2023-10-23 00:00:00",21.56380179454144,-0.2540383176183352
"2023-10-24 00:00:00",24.859759984174843,0.8674050180905647
"2023-10-25 00:00:00",27.166335783883422,0.9115853571029031
"2023-10-26 00:00:00",26.06873817525169,1.9631482435385972
"2023-10-27 00:00:00",25.052947237321423,0.6298703189385421
"2023-10-28 00:00:00",25.766903855731588,0.39155305497356807
"2023-10-29 00:00:00",27.477157050770934,1.6242610635712622
"2023-10-30 00:00:00",27.264897435865766,2.272713847901193
"2023-10-31 00:00:00",27.905249713723467,2.6775824499293064
"2023-11-01 00:00:00",30.801707022392797,4.354911305326448
"2023-11-02 00:00:00",28.83400910715058,1.7792134254087009
"2023-11-03 00:00:00",28.1232390076504,3.659251894342309
"2023-11-04 00:00:00",29.292742092914274,4.86197733555323
"2023-11-05 00:00:00",29.34262042385126,7.149933776283744
"2023-11-06 00:00:00",29.229516904016638,7.2957528474678774
"2023-11-07 00:00:00",30.72454366513966,6.662614869243541
"2023-11-08 00:00:00",32.0472002603462,6.898649542788587
"2023-11-09 00:00:00",35.637829042757005,20.299482073021313
"2023-11-10 00:00:00",37.76204549570522,17.487493520397035
"2023-11-11 00:00:00",36.9448407048709,16.026065346701294
"2023-11-12 00:00:00",36.74185168306304,15.635684018654239
"2023-11-13 00:00:00",34.82898865714114,16.45209463187921
"2023-11-14 00:00:00",31.125401850632628,11.929867878708071
"2023-11-15 00:00:00",39.82570839807696,16.51441295072706
"2023-11-16 00:00:00",33.54653107268115,10.897239332190804
"2023-11-17 00:00:00",34.75003784164823,10.573608411693366
"2023-11-18 00:00:00",34.951486252667216,10.91909538421617
"2023-11-19 00:00:00",38.019335380151944,13.659881006327476
"2023-11-20 00:00:00",38.29712953759287,14.296326427432263
"2023-11-21 00:00:00",32.67535813029851,9.665255767049697
"2023-11-22 00:00:00",38.206876748183156,16.757763658525203
"2023-11-23 00:00:00",37.57415533870455,16.55024490109857
"2023-11-24 00:00:00",39.21802056766691,17.600427995992415
"2023-11-25 00:00:00",39.479647070857965,17.85897883464148
"2023-11-26 00:00:00",38.30649848652388,16.652236563620402
"2023-11-27 00:00:00",37.414986802757696,14.726542846244648
"2023-11-28 00:00:00",39.45154879407306,15.77404400716376
"2023-11-29 00:00:00",39.481467766120254,14.496910205002244
"2023-11-30 00:00:00",39.11800016971469,15.956106580983832
"2023-12-01 00:00:00",42.72006543319343,17.875127568168367
"2023-12-02 00:00:00",45.64692745464133,22.372944934041193
"2023-12-03 00:00:00",47.41250467726461,23.808787353191967
"2023-12-04 00:00:00",54.84231061091648,26.762147492904674
"2023-12-05 00:00:00",62.70578022004665,29.651991240379346
"2023-12-06 00:00:00",61.53395493012022,26.144087928555283
"2023-12-07 00:00:00",59.622440908479135,33.0594117274717
"2023-12-08 00:00:00",63.06077533062432,33.37036723677268
"2023-12-09 00:00:00",61.37607849345843,32.30693861705022
"2023-12-10 00:00:00",61.422072448405395,32.93009276598756
"2023-12-11 00:00:00",51.98937061047032,25.597096673101106
"2023-12-12 00:00:00",52.91108588548651,24.353013530162425
"2023-12-13 00:00:00",58.37424728435619,27.77495145956176
"2023-12-14 00:00:00",58.661373693674626,30.972753646430423
"2023-12-15 00:00:00",54.90754061770308,25.46172952945453
"2023-12-16 00:00:00",55.84842762455129,25.912996341201545
"2023-12-17 00:00:00",52.76352774969211,24.308163093078132
"2023-12-18 00:00:00",57.46093324655837,25.290905462056607
"2023-12-19 00:00:00",55.860004742505986,23.025220649238644
"2023-12-20 00:00:00",60.96524524431327,24.244938230746566
"2023-12-21 00:00:00",61.76049787662167,26.379278500302263
"2023-12-22 00:00:00",62.32858701204639,31.514392120359467
"2023-12-23 00:00:00",61.400200313652164,30.604870849852627
"2023-12-24 00:00:00",58.754983702731145,28.002640700566978
"2023-12-25 00:00:00",60.980414807652,28.49553906199265
"2023-12-26 00:00:00",56.84208677885495,26.07913713371131
"2023-12-27 00:00:00",60.169693943074385,34.32447321368118
"2023-12-28 00:00:00",57.152785976719734,32.543638495214026
"2023-12-29 00:00:00",55.21259301151006,29.958929167592053
"2023-12-30 00:00:00",55.750830297816215,29.666054365181243
"2023-12-31 00:00:00",55.70505296211879,28.852061394868343
"2024-01-01 00:00:00",62.93721335872245,32.8129675927192
"2024-01-02 00:00:00",65.98428076438024,33.42083916641092
"2024-01-03 00:00:00",57.96771164276653,24.965478578456537
"2024-01-04 00:00:00",63.03643713557202,28.345480580257572
"2024-01-05 00:00:00",62.73438808762768,28.125612367124802
"2024-01-06 00:00:00",62.15308284660222,26.680159536084147
"2024-01-07 00:00:00",61.88608641376826,25.473029458869977
"2024-01-08 00:00:00",73.146471108703,31.775005928349202
"2024-01-09 00:00:00",70.08373742198015,32.31192007123534
"2024-01-10 00:00:00",72.02549301092594,46.30564650258051
"2024-01-11 00:00:00",70.8525549704739,47.97628484642003
"2024-01-12 00:00:00",58.23468512351734,42.67353674069754
"2024-01-13 00:00:00",58.067002382000446,45.579736892796845
"2024-01-14 00:00:00",54.20264601029099,40.04193569193987
"2024-01-15 00:00:00",57.103668753480484,42.15462738875424
"2024-01-16 00:00:00",59.17195082262733,46.34596850431454
"2024-01-17 00:00:00",57.57040963642851,42.88982682668151
"2024-01-18 00:00:00",52.21230308501088,39.44239075745463
"2024-01-19 00:00:00",53.46488069161373,40.702070146010634
"2024-01-20 00:00:00",53.55771812124148,39.60824328286872
"2024-01-21 00:00:00",53.24707809418223,38.7404998675082
"2024-01-22 00:00:00",45.73200867912789,30.414489292192926
"2024-01-23 00:00:00",46.94466386405674,26.704571368809177
"2024-01-24 00:00:00",48.01526729604929,26.410494926087445
"2024-01-25 00:00:00",47.33138785777909,25.442678687078025
"2024-01-26 00:00:00",54.431372822811454,28.226418882939353
"2024-01-27 00:00:00",55.37824035804064,28.172001228836912
"2024-01-28 00:00:00",55.03504777454944,27.55861636642276
"2024-01-29 00:00:00",59.61318053307857,30.810534489716463
"2024-01-30 00:00:00",58.22769423562736,32.472468002407865
"2024-01-31 00:00:00",57.088645428480675,28.99588540418336
"2024-02-01 00:00:00",58.880675819648474,30.08389019309396
"2024-02-02 00:00:00",59.25553165436613,30.405785617974107
"2024-02-03 00:00:00",58.54057021309487,29.687073531875864
"2024-02-04 00:00:00",57.14802475313034,29.42532572841906
"2024-02-05 00:00:00",57.329142234932796,29.91053489019721
"2024-02-06 00:00:00",58.94982194220657,34.09782501960345
"2024-02-07 00:00:00",63.22766205358855,36.997758740997035
"2024-02-08 00:00:00",67.25180303462285,36.82230748353043
"2024-02-09 00:00:00",73.91030103794009,40.602197750768944
"2024-02-10 00:00:00",76.21868622822421,41.26011118638797
"2024-02-11 00:00:00",77.77132666069778,41.57572915641818
"2024-02-12 00:00:00",84.63376049127743,50.21772140086427
"2024-02-13 00:00:00",83.46070027723496,49.28779741736868
"2024-02-14 00:00:00",91.05270155140873,57.13423633193412
"2024-02-15 00:00:00",91.67267455544876,59.75929771438092
"2024-02-16 00:00:00",92.44073422367103,58.66008360767751
"2024-02-17 00:00:00",90.66295455849318,57.59700565418014
"2024-02-18 00:00:00",92.33763279499028,62.479039511509235
"2024-02-19 00:00:00",90.95731896966629,66.36605343020517
"2024-02-20 00:00:00",92.88473724306205,70.41911326795251
"2024-02-21 00:00:00",91.24669547158494,68.25135095577058
"2024-02-22 00:00:00",89.31641418194374,68.08460582637034
"2024-02-23 00:00:00",87.5515377667293,65.38058252014241
"2024-02-24 00:00:00",90.17814643054106,68.8863236336291
"2024-02-25 00:00:00",90.91146820296105,75.95590223191381
"2024-02-26 00:00:00",100.9687499237758,79.35936027182436
"2024-02-27 00:00:00",110.2846530304912,83.22602285116037
"2024-02-28 00:00:00",130.77711973261324,91.06790798807978
"2024-02-29 00:00:00",126.12766265193673,89.19648212933559
"2024-03-01 00:00:00",130.29039069873315,93.9472633020966
"2024-03-02 00:00:00",128.96688296102693,93.39002866517595
"2024-03-03 00:00:00",132.60140483677577,97.08042373016349
"2024-03-04 00:00:00",151.5389135077399,105.39499532877139
"2024-03-05 00:00:00",137.16994774916625,102.41232169766059
"2024-03-06 00:00:00",144.01072145875457,116.02300814958892
"2024-03-07 00:00:00",146.9580552239669,118.25735962273056
"2024-03-08 00:00:00",152.0133379300256,120.04962995483584
"2024-03-09 00:00:00",152.72439562343044,121.31712077012445
"2024-03-10 00:00:00",154.81849061832435,119.70258058402588
"2024-03-11 00:00:00",166.08789280726023,130.052323377275
"2024-03-12 00:00:00",163.64070160885757,124.85751225916948
"2024-03-13 00:00:00",169.65592229758732,126.50925501731152
"2024-03-14 00:00:00",163.4667969930966,119.22588693882297
"2024-03-15 00:00:00",156.37559386056427,111.27657254608312
"2024-03-16 00:00:00",140.86178930147454,98.60812540255762
"2024-03-17 00:00:00",152.41972932812342,105.90189888025682
"2024-03-18 00:00:00",149.7766810035941,99.26772760868002
"2024-03-19 00:00:00",129.20537739898904,79.22733377929771
"2024-03-20 00:00:00",150.18288190991134,98.69097488225613
"2024-03-21 00:00:00",141.7606642578507,97.4330527345131
"2024-03-22 00:00:00",134.28335489408977,87.79494261671431
"2024-03-23 00:00:00",137.14879602088016,89.51753377410402
"2024-03-24 00:00:00",148.30861477926626,95.21914933920198
"2024-03-25 00:00:00",158.0031041574909,102.80558594985392
"2024-03-26 00:00:00",158.53101849957102,102.97824798127924
"2024-03-27 00:00:00",156.14683015500609,98.09923950282233
"2024-03-28 00:00:00",160.84822721808573,101.21004584473575
"2024-03-29 00:00:00",157.92973100935194,98.71401206652155
"2024-03-30 00:00:00",157.13015754109696,98.2372809181254
"2024-03-31 00:00:00",162.82830766261057,105.98595167312577
"2024-04-01 00:00:00",157.43861604668444,98.27045915701862
"2024-04-02 00:00:00",141.4081485606736,85.08275843769884
"2024-04-03 00:00:00",143.92963503428595,87.4440760077891
"2024-04-04 00:00:00",152.85045970842734,88.3148040178198
"2024-04-05 00:00:00",150.77147476234626,87.64745471217785
"2024-04-06 00:00:00",154.54175481862814,90.05260387969152
"2024-04-07 00:00:00",156.0222283662903,95.17275319020864
"2024-04-08 00:00:00",164.21991277458488,108.83839147882716
"2024-04-09 00:00:00",155.12459053807544,98.01082003265851
"2024-04-10 00:00:00",160.17570703787743,100.05156534311581
"2024-04-11 00:00:00",158.62181492364863,98.28915326831957
"2024-04-12 00:00:00",148.09141440589605,83.42116750199602
"2024-04-13 00:00:00",137.5878679203779,70.79024128822677
"2024-04-14 00:00:00",142.55999751725147,78.45815349205994
"2024-04-15 00:00:00",133.99386799183014,75.26542027558722
"2024-04-16 00:00:00",135.06341333934625,74.27726210677011
"2024-04-17 00:00:00",126.24084460086604,68.5640919312068
"2024-04-18 00:00:00",134.10830459931555,73.2150854638145
"2024-04-19 00:00:00",136.05322793763094,73.25865720008808
"2024-04-20 00:00:00",139.39396558670109,78.14775558532344
"2024-04-21 00:00:00",139.5489102070437,77.86214012158302
"2024-04-22 00:00:00",146.5773176937272,80.83665590331726
"2024-04-23 00:00:00",144.97366659147497,81.92162278250757
"2024-04-24 00:00:00",137.1256120507344,77.39173896006434
"2024-04-25 00:00:00",137.88799516620537,78.45451115999767
"2024-04-26 00:00:00",135.3652765867257,76.97379890028763
"2024-04-27 00:00:00",134.3136184364818,84.19834808474485
"2024-04-28 00:00:00",132.5177690237648,84.21254373839463
"2024-04-29 00:00:00",135.3481213225584,81.62331869090674
"2024-04-30 00:00:00",124.10335626348828,70.59491519463957
"2024-05-01 00:00:00",115.05836285258609,68.19529834072576
"2024-05-02 00:00:00",118.14824667557669,68.89939369527468
"2024-05-03 00:00:00",131.81283193521693,75.31970664056631
"2024-05-04 00:00:00",135.4321276734661,76.04717611956741
"2024-05-05 00:00:00",136.13139800836024,77.26518676343066
"2024-05-06 00:00:00",133.04177952919224,73.19698960725984
"2024-05-07 00:00:00",130.0558332805466,70.40333512570747
"2024-05-08 00:00:00",125.82253690893974,68.17476955968732
"2024-05-09 00:00:00",132.95368178868154,71.71364388513175
"2024-05-10 00:00:00",124.61518200152251,64.49886049143001
"2024-05-11 00:00:00",124.20480306085872,64.40268716961087
"2024-05-12 00:00:00",126.89805790067294,65.66455912721233
"2024-05-13 00:00:00",131.95833461860772,66.62491546966707
"2024-05-14 00:00:00",127.12699208030622,62.866211293827725
"2024-05-15 00:00:00",144.28591552588856,71.56750889420151
"2024-05-16 00:00:00",140.7458319053347,66.35825675227241
"2024-05-17 00:00:00",147.35737536714655,74.97188478115274
"2024-05-18 00:00:00",146.8390570544346,76.35948411001786
"2024-05-19 00:00:00",144.40467946420586,73.57750967960166
"2024-05-20 00:00:00",163.5046650741949,106.64280287431683
"2024-05-21 00:00:00",158.92863329686017,114.33434700692595
"2024-05-22 00:00:00",155.20780293895376,111.47531255762895
"2024-05-23 00:00:00",150.50533397583135,112.85996272671849
"2024-05-24 00:00:00",152.84212008692774,110.63708792320008
"2024-05-25 00:00:00",155.52964668177648,111.93757670094122
"2024-05-26 00:00:00",152.72744694585242,116.18758923575898
"2024-05-27 00:00:00",155.89409217829734,120.03709603777095
"2024-05-28 00:00:00",152.01844332445845,117.05854448815695
"2024-05-29 00:00:00",149.29092392512524,112.7980480164825
"2024-05-30 00:00:00",152.22449848183487,111.85630697821665
"2024-05-31 00:00:00",148.91350199314562,112.5588002185894
"2024-06-01 00:00:00",149.75964829520623,115.51926399828554
"2024-06-02 00:00:00",149.89130964139184,113.66891991611176
"2024-06-03 00:00:00",153.8321572635382,112.87350150653342
"2024-06-04 00:00:00",160.44176039435433,115.60288372292136
"2024-06-05 00:00:00",162.59829258212412,118.77623382829103
"2024-06-06 00:00:00",161.03043624509405,115.47684429288265
"2024-06-07 00:00:00",155.73961139726754,107.94190048105878
"2024-06-08 00:00:00",155.70176890162807,108.14811024337567
"2024-06-09 00:00:00",156.9525406793951,109.44087484451997
"2024-06-10 00:00:00",156.3586777511373,107.2326878651243
"2024-06-11 00:00:00",148.37564000588378,97.7227239268513
"2024-06-12 00:00:00",151.67862883550103,101.16404346025418
"2024-06-13 00:00:00",146.05588132785442,95.84418350372933
"2024-06-14 00:00:00",143.51329791183417,96.60478360282973
"2024-06-15 00:00:00",144.17513252662505,101.48481006586758
"2024-06-16 00:00:00",145.7431330828033,104.50191358405722
"2024-06-17 00:00:00",145.17079269754535,98.38976192656155
"2024-06-18 00:00:00",140.1867122613224,96.70066238410391
"2024-06-19 00:00:00",139.4406529614062,100.9672736944412
"2024-06-20 00:00:00",139.21046014746327,98.44210291043433
"2024-06-21 00:00:00",136.35869661011986,98.75837236616583
"2024-06-22 00:00:00",136.97947458525647,97.51037294532911
"2024-06-23 00:00:00",133.22208225739357,93.15859704928819
"2024-06-24 00:00:00",122.67853673464802,89.72830268750646
"2024-06-25 00:00:00",127.86958617634807,91.88742444788464
"2024-06-26 00:00:00",124.10492076513835,90.2281276589527
"2024-06-27 00:00:00",127.10313296175755,94.57787258638174
"2024-06-28 00:00:00",122.50833476639966,90.71757813009033
"2024-06-29 00:00:00",124.52748180271227,90.52955650016341
"2024-06-30 00:00:00",131.42568533349973,94.14881630689189
"2024-07-01 00:00:00",131.7408287770701,94.30088553101086
"2024-07-02 00:00:00",128.8735453522326,93.16432140783891
"2024-07-03 00:00:00",122.24119307286084,86.26434324763753
"2024-07-04 00:00:00",110.96950182054121,73.44859679329292
"2024-07-05 00:00:00",109.31200323130746,68.66482338118047
"2024-07-06 00:00:00",114.81086973088941,73.2905814853014
"2024-07-07 00:00:00",106.1413744040582,65.51143393640653
"2024-07-08 00:00:00",109.03635511859441,70.45553196973093
"2024-07-09 00:00:00",113.91747110770542,73.16878615428504
"2024-07-10 00:00:00",112.86942844271152,75.18174624190624
"2024-07-11 00:00:00",111.70367579433356,75.31625568188097
"2024-07-12 00:00:00",113.58909853503177,77.06205460942938
"2024-07-13 00:00:00",118.21297263326893,79.35225555273348
"2024-07-14 00:00:00",124.8147961568351,83.82545650476982
"2024-07-15 00:00:00",139.17657806403935,97.15659683227184
"2024-07-16 00:00:00",140.3819381941308,94.79578125623951
"2024-07-17 00:00:00",136.5973348528033,91.55605130583562
"2024-07-18 00:00:00",135.94532736242363,93.76641481392758
"2024-07-19 00:00:00",146.01615784826927,98.09948931302529
"2024-07-20 00:00:00",147.92157270205922,99.0929625134275
"2024-07-21 00:00:00",151.1755273256039,99.67603581762879
"2024-07-22 00:00:00",149.40324516848906,94.58709550777425
"2024-07-23 00:00:00",143.26000811440548,96.8426538050917
"2024-07-24 00:00:00",141.27208400994473,88.55727915122866
"2024-07-25 00:00:00",142.55005045989714,79.36690235274578
"2024-07-26 00:00:00",150.5563567328614,85.26845454671378
"2024-07-27 00:00:00",151.0547813300007,83.93608495832636
"2024-07-28 00:00:00",151.74402615339767,84.96684097891693
"2024-07-29 00:00:00",146.31412424326825,87.45872675857565
"2024-07-30 00:00:00",144.28050272997703,85.20034327958822
"2024-07-31 00:00:00",138.60216357418003,82.71903061913122
"2024-08-01 00:00:00",141.1023707325241,81.08967216706733
"2024-08-02 00:00:00",126.5300510579515,68.60281874118164
"2024-08-03 00:00:00",124.06378399941609,64.27452348327111
"2024-08-04 00:00:00",113.98351512369098,51.59935556593326
"2024-08-05 00:00:00",99.04336537754334,36.52066027825871
"2024-08-06 00:00:00",106.43452146592536,38.77451279260012
"2024-08-07 00:00:00",103.2624104481558,32.33620602201632
"2024-08-08 00:00:00",128.19649486867948,51.744903266015896
"2024-08-09 00:00:00",124.70508893165544,47.0637970248414
"2024-08-10 00:00:00",124.61330751040367,47.39450735570416
"2024-08-11 00:00:00",116.92742109669246,44.611407546460306
"2024-08-12 00:00:00",118.94101124481658,54.105287580051275
"2024-08-13 00:00:00",123.55646954817247,52.79257720823036
"2024-08-14 00:00:00",116.68748758541379,50.48843003389597
"2024-08-15 00:00:00",112.57399547126603,45.237012386440696
"2024-08-16 00:00:00",117.21402242172871,46.50231161413245
"2024-08-17 00:00:00",119.23877544931389,47.68293534073287
"2024-08-18 00:00:00",115.57747435531344,47.76556212117754
"2024-08-19 00:00:00",119.77055678180368,49.23435199954761
"2024-08-20 00:00:00",117.87139911999571,45.56383907983342
"2024-08-21 00:00:00",125.5612969686059,48.65271575796849
"2024-08-22 00:00:00",122.76819969116426,48.256562821058004
"2024-08-23 00:00:00",136.27776538191253,56.16682802808251
"2024-08-24 00:00:00",136.6742380905509,56.425970141188955
"2024-08-25 00:00:00",137.07506637828254,55.14442061230466
"2024-08-26 00:00:00",132.11992301259227,51.63567937464249
"2024-08-27 00:00:00",119.59206591459304,38.87431780144342
"2024-08-28 00:00:00",117.70602319576504,42.81625468830413
"2024-08-29 00:00:00",118.94656373782601,42.799942832832755
"2024-08-30 00:00:00",118.22598327451601,42.853737112903396
"2024-08-31 00:00:00",117.50290908060481,42.044103917418326
"2024-09-01 00:00:00",111.59124942578723,37.33386931817404
"2024-09-02 00:00:00",118.0507064481874,43.261474688164114
"2024-09-03 00:00:00",112.1328738133585,37.73664922098226
"2024-09-04 00:00:00",113.91578340853796,38.367402150492865
"2024-09-05 00:00:00",107.07110469235282,33.81576577086929
"2024-09-06 00:00:00",98.92197691973297,25.678116762572873
"2024-09-07 00:00:00",99.76152241516616,28.44267855944561
"2024-09-08 00:00:00",102.12788701777423,29.782416762603997
"2024-09-09 00:00:00",110.45284088410308,33.352096352656645
"2024-09-10 00:00:00",112.57416093969923,35.04237645880816
"2024-09-11 00:00:00",111.67996292932601,32.41383448393041
"2024-09-12 00:00:00",114.35515971372625,33.50663643419668
"2024-09-13 00:00:00",123.6280515306875,38.18532905201279
"2024-09-14 00:00:00",121.35074296955845,36.65921763073419
"2024-09-15 00:00:00",118.44199581864949,31.265405576706414
"2024-09-16 00:00:00",114.73944774709253,29.710748667730886
"2024-09-17 00:00:00",122.50809498299142,32.30806509058356
"2024-09-18 00:00:00",126.65221744740076,33.487463764469396
"2024-09-19 00:00:00",132.2820275913958,39.32403621798081
"2024-09-20 00:00:00",132.87851741450064,44.545340040292075
"2024-09-21 00:00:00",133.89364179884078,47.765467408392865
"2024-09-22 00:00:00",134.55469607716762,45.970990945889994
"2024-09-23 00:00:00",133.6118932733984,49.65272181473044
"2024-09-24 00:00:00",137.3271209741326,49.98340449548597
"2024-09-25 00:00:00",132.9658541223547,45.729029665417556
"2024-09-26 00:00:00",140.2658556600056,48.68950935615532
"2024-09-27 00:00:00",142.70144053064206,52.48978186289921
"2024-09-28 00:00:00",143.22935135432056,51.47396509461725
"2024-09-29 00:00:00",142.23178863891965,50.309321968028556
"2024-09-30 00:00:00",133.30293701723758,46.79009688506485
"2024-10-01 00:00:00",124.55782504031832,38.555240806267065
"2024-10-02 00:00:00",123.7569160238691,33.672272249589625
"2024-10-03 00:00:00",124.0236443477235,32.69872433795985
"2024-10-04 00:00:00",129.09652712560177,36.59341079812645
"2024-10-05 00:00:00",129.05566106183676,36.5078128479353
"2024-10-06 00:00:00",131.7112338139293,37.78659519917972
"2024-10-07 00:00:00",129.77669919946842,36.923022658672075
"2024-10-08 00:00:00",129.39983456701353,37.98068403829414
"2024-10-09 00:00:00",123.5414453747303,33.807008455166645
"2024-10-10 00:00:00",122.05858865317623,34.60764196009809
"2024-10-11 00:00:00",130.16385864467352,37.65564148557806
"2024-10-12 00:00:00",133.17196101178632,40.02359918075371
"2024-10-13 00:00:00",131.77665396270407,39.41592726120655
"2024-10-14 00:00:00",143.6568588100422,48.55130285408904
"2024-10-15 00:00:00",147.02203518336236,47.057691783870965
"2024-10-16 00:00:00",149.55017985136686,47.601603721810484
"2024-10-17 00:00:00",148.37177743675272,47.116708048819675
"2024-10-18 00:00:00",152.56803926787745,49.37937650072158
"2024-10-19 00:00:00",152.28491802910426,49.76496884470069
"2024-10-20 00:00:00",154.40223502385854,55.01977390292082
"2024-10-21 00:00:00",148.6180257732979,50.65523808378135
"2024-10-22 00:00:00",148.45641238208387,48.04610701614992
"2024-10-23 00:00:00",145.9955706241633,42.651052741178106
"2024-10-24 00:00:00",151.64001402181523,43.33659650651854
"2024-10-25 00:00:00",145.63293426579244,36.885872061978226
"2024-10-26 00:00:00",147.22841522228356,40.12309903865802
"2024-10-27 00:00:00",150.62370874379022,41.59981260761098
"2024-10-28 00:00:00",157.65766558322738,44.951799698386345
"2024-10-29 00:00:00",168.48779343184853,49.123973255370345
"2024-10-30 00:00:00",166.87020920612966,50.19645878399779
"2024-10-31 00:00:00",159.20590242126616,42.12245913930382
"2024-11-01 00:00:00",156.41307153835237,42.07083219771401
"2024-11-02 00:00:00",155.64295276383612,40.800072891852764
"2024-11-03 00:00:00",153.81449657358758,38.85749514125693
"2024-11-04 00:00:00",150.08786170458578,35.408212907995704
"2024-11-05 00:00:00",155.77673409172337,36.901424604536196
"2024-11-06 00:00:00",178.96364837727305,53.75736424859632
"2024-11-07 00:00:00",180.31512588268913,63.61085315966982
"2024-11-08 00:00:00",182.3912064337879,67.34016925740882
"2024-11-09 00:00:00",182.6870805095889,76.89559861429905
"2024-11-10 00:00:00",196.83980164678144,80.39215371255648
"2024-11-11 00:00:00",226.98133216901314,90.61507909063299
"2024-11-12 00:00:00",225.6060071153303,84.29341642927541
"2024-11-13 00:00:00",233.80844689388996,80.39185581058122
"2024-11-14 00:00:00",222.44423354511108,72.92689611671733
"2024-11-15 00:00:00",235.50491489226442,74.85411768065372
"2024-11-16 00:00:00",234.24505500283442,77.11288381342692
"2024-11-17 00:00:00",231.42305110344822,73.81544650824125
"2024-11-18 00:00:00",233.98007474616963,81.3822747148129
"2024-11-19 00:00:00",240.31414946260807,75.92772939718503
"2024-11-20 00:00:00",247.56435219271088,73.79619302815262
"2024-11-21 00:00:00",263.3977932403145,90.22769259334788
"2024-11-22 00:00:00",264.94117365166574,88.06994251515547
"2024-11-23 00:00:00",260.33721652872646,91.81577827340539
"2024-11-24 00:00:00",261.5784526656951,90.38400268758774
"2024-11-25 00:00:00",243.09212753825625,93.1300050766118
"2024-11-26 00:00:00",239.13433506717521,87.9500921574294
"2024-11-27 00:00:00",254.07229007205444,107.19656459514061
"2024-11-28 00:00:00",252.8933500397435,102.28266950905969
"2024-11-29 00:00:00",259.50270935162166,103.3537819595114
"2024-11-30 00:00:00",256.034684394967,109.66747693057674
"2024-12-01 00:00:00",258.9805710922501,109.60518549887652
"2024-12-02 00:00:00",253.52615801870311,105.9343969074555
"2024-12-03 00:00:00",254.25840041682358,104.90892736782445
"2024-12-04 00:00:00",264.77138671719155,116.98816007209496
"2024-12-05 00:00:00",258.57402073204383,114.58203459686503
"2024-12-06 00:00:00",268.8011580944443,126.83783736687846
"2024-12-07 00:00:00",268.09279529855104,126.11816478769009
"2024-12-08 00:00:00",273.4548760637803,126.95402626802795
"2024-12-09 00:00:00",259.1363927728948,109.8598817095872
"2024-12-10 00:00:00",256.53849569692954,104.95855838720927
"2024-12-11 00:00:00",273.04261972273093,116.34750730175266
"2024-12-12 00:00:00",268.9006013046162,119.21524198155153
"2024-12-13 00:00:00",273.8859624820321,120.83043573950893
"2024-12-14 00:00:00",273.9404889905391,118.54529508649449
"2024-12-15 00:00:00",286.31512595782897,123.87582035424379
"2024-12-16 00:00:00",291.3048562470596,125.65841774257478
"2024-12-17 00:00:00",291.16027113108385,119.24667659077413
"2024-12-18 00:00:00",270.20933120927396,105.05315612137424
"2024-12-19 00:00:00",260.97131447799654,94.11248484456779
"2024-12-20 00:00:00",260.3813754200739,96.03307736696081
"2024-12-21 00:00:00",258.5789071661364,88.6260568532594
"2024-12-22 00:00:00",250.8005126529266,85.13860842712589
"2024-12-23 00:00:00",249.1428228973867,92.9802512740241
"2024-12-24 00:00:00",264.086139290553,97.66617074663057
"2024-12-25 00:00:00",266.481170805665,97.49411711324481
"2024-12-26 00:00:00",252.95501676406334,88.07178384722553
"2024-12-27 00:00:00",247.98830768643398,88.1182045200003
"2024-12-28 00:00:00",251.13379506726864,92.03037668952655
"2024-12-29 00:00:00",245.5222280206145,89.74130707342205
"2024-12-30 00:00:00",241.69983857077008,89.86469169738977
"2024-12-31 00:00:00",244.94826474403055,88.5706880656593
"2025-01-01 00:00:00",248.18097865167687,89.26863972093221
"2025-01-02 00:00:00",257.28526379691215,94.87346453770348
"2025-01-03 00:00:00",261.8308054334857,103.69841692518366
"2025-01-04 00:00:00",262.46677008351685,106.86818404046976
"2025-01-05 00:00:00",262.86462873895033,105.48225126438604
"2025-01-06 00:00:00",277.1218026162493,108.3809165597173
"2025-01-07 00:00:00",257.6539845496846,91.02366598356603
"2025-01-08 00:00:00",250.51439736103939,87.92146686161743
"2025-01-09 00:00:00",240.7738821300063,81.92871978248209
"2025-01-10 00:00:00",249.4811606226914,84.7591952982477
"2025-01-11 00:00:00",248.8279349056861,85.57388508502484
"2025-01-12 00:00:00",248.44140111811427,84.47068202818451
"2025-01-13 00:00:00",248.44722408702413,77.15085184919434
"2025-01-14 00:00:00",256.2594734172433,82.25129929438279
"2025-01-15 00:00:00",270.0528310060157,94.81093636716287
"2025-01-16 00:00:00",269.0620711215444,87.03511042003927
"2025-01-17 00:00:00",284.246318843433,96.52054439356051
"2025-01-18 00:00:00",284.88791359679635,87.0154969124941
"2025-01-19 00:00:00",273.6023076411639,81.30951870050589
"2025-01-20 00:00:00",275.4083250779543,84.41410441296824
"2025-01-21 00:00:00",291.7037437109926,87.97224668845352
"2025-01-22 00:00:00",282.4492027737575,82.95768789399742
"2025-01-23 00:00:00",283.9029353906499,88.34255633505701
"2025-01-24 00:00:00",286.73452941459294,87.17093812875612
"2025-01-25 00:00:00",286.5900995107743,87.63896727833614
"2025-01-26 00:00:00",278.3128041139716,82.6738164820986
"2025-01-27 00:00:00",276.1223667617651,79.35397214407746
"2025-01-28 00:00:00",273.74166054967554,73.8696582723327
"2025-01-29 00:00:00",282.6168457247229,76.01397685831205
"2025-01-30 00:00:00",286.53650876729483,83.5765225549723
"2025-01-31 00:00:00",277.68621437021756,86.2972449137969
"2025-02-01 00:00:00",271.3868947494513,76.61319935924145
"2025-02-02 00:00:00",259.92719683612813,61.78685674562928
"2025-02-03 00:00:00",274.308833337781,62.64115700052507
"2025-02-04 00:00:00",261.95658632927456,54.87406756285734
"2025-02-05 00:00:00",256.29197012940404,57.709518366399216
"2025-02-06 00:00:00",256.4857591468769,51.83812935936447
"2025-02-07 00:00:00",256.20184652450615,48.26569179725966
"2025-02-08 00:00:00",256.20103980201645,48.95238028505274
"2025-02-09 00:00:00",256.16540808715894,48.77914213250808
"2025-02-10 00:00:00",259.30621333707563,50.34806833508756
"2025-02-11 00:00:00",253.1824972048184,47.111795576466186
"2025-02-12 00:00:00",260.9153703812574,54.64175130681199
"2025-02-13 00:00:00",256.21367961445054,51.219096958086716
"2025-02-14 00:00:00",259.63268725621265,53.9861440969703
"2025-02-15 00:00:00",259.9332289174018,52.18621240634723
"2025-02-16 00:00:00",254.69265738775326,50.32574175091408
"2025-02-17 00:00:00",253.3159638755457,54.96020308928047
"2025-02-18 00:00:00",252.28207036021715,50.86788123174435
"2025-02-19 00:00:00",256.1886224778936,53.42844906656053
"2025-02-20 00:00:00",262.9374045528988,54.94258621151463
"2025-02-21 00:00:00",254.6402995945736,50.237879714955
"2025-02-22 00:00:00",256.2228656956597,56.228985273334544
"2025-02-23 00:00:00",255.34971804120767,59.77980904240816
"2025-02-24 00:00:00",237.16049706519806,41.464202078954884
"2025-02-25 00:00:00",227.41792003890623,41.02406096152263
"2025-02-26 00:00:00",209.505526666624,31.4468544856922
"2025-02-27 00:00:00",212.49001838677347,30.286534432410793
"2025-02-28 00:00:00",211.50416327560131,26.323737691145016
"2025-03-01 00:00:00",217.27134292090034,25.05892833346179
"2025-03-02 00:00:00",247.72855062222771,42.26869034113223
"2025-03-03 00:00:00",217.71202023465327,21.406622862069945
"2025-03-04 00:00:00",222.08748215177243,22.723288205933795
"2025-03-05 00:00:00",234.23629771063247,26.672998336169517
"2025-03-06 00:00:00",232.01302513614098,24.465311016740614
"2025-03-07 00:00:00",220.10477056983814,20.985597774789138
"2025-03-08 00:00:00",217.77941477308468,24.33412513205278
"2025-03-09 00:00:00",197.88902905249793,14.006815066026576
"2025-03-10 00:00:00",190.63208115962195,6.199627467661753
"2025-03-11 00:00:00",205.44393829162905,8.583837562225304
"2025-03-12 00:00:00",209.4469856506292,7.981676821449941
"2025-03-13 00:00:00",199.17191328371405,5.276832444799951
"2025-03-14 00:00:00",209.76963594897856,7.982305965999344
"2025-03-15 00:00:00",211.31893850000506,9.628005130756934
"2025-03-16 00:00:00",204.74860122953996,6.687991533585945
"2025-03-17 00:00:00",210.15202207469952,9.028808869194254
"2025-03-18 00:00:00",205.3735616921891,9.233002179194258
"2025-03-19 00:00:00",220.26009535198185,16.46315725933359
"2025-03-20 00:00:00",210.87313573601776,11.947746559158084
"2025-03-21 00:00:00",209.909166888717,11.026408034155114
"2025-03-22 00:00:00",209.11152031376807,11.87501928785549
"2025-03-23 00:00:00",216.46881667191877,13.09022159116633
"2025-03-24 00:00:00",222.1499158084621,17.42452728751596
"2025-03-25 00:00:00",222.8613504295831,16.90792505265631
"2025-03-26 00:00:00",220.79652581231827,13.589622162674003
"2025-03-27 00:00:00",221.77932820882666,13.21774327855722
"2025-03-28 00:00:00",211.20007333683026,7.205279092308416
"2025-03-29 00:00:00",205.0014991783914,3.3824085909547144
"2025-03-30 00:00:00",203.81072923362092,2.0296166493035663
"2025-03-31 00:00:00",204.39252704685623,3.09602270385748
"2025-04-01 00:00:00",214.43943139402896,7.784551475104464
"2025-04-02 00:00:00",204.43800658492245,1.4884224417066838
"2025-04-03 00:00:00",206.78997024510565,2.7612972584307305
"2025-04-04 00:00:00",209.32805994072345,2.546332289231486
"2025-04-05 00:00:00",208.38323141877225,2.2894721604725174
"2025-04-06 00:00:00",188.520300925113,-11.008837886702617
"2025-04-07 00:00:00",192.0905241252412,-12.066941231909862
"2025-04-08 00:00:00",181.57619713040594,-16.845268175017132
"2025-04-09 00:00:00",204.791219204275,-6.041066826739055
"2025-04-10 00:00:00",193.6290671836604,-13.874374856916996
"2025-04-11 00:00:00",207.80554762852876,-11.376215414373972
"2025-04-12 00:00:00",214.68847299131207,-6.983213799230603
"2025-04-13 00:00:00",208.40143503615502,-9.833847083881702
"2025-04-14 00:00:00",211.80500396092881,-8.357636180843175
"2025-04-15 00:00:00",208.6068091502036,-10.26339454668785
"2025-04-16 00:00:00",210.26421795004092,-10.835041881681786
"2025-04-17 00:00:00",213.30809975625127,-10.508998282313373
"2025-04-18 00:00:00",211.4740942404552,-10.188263010771612
"2025-04-19 00:00:00",214.03023111126114,-8.724588127458034
"2025-04-20 00:00:00",213.83288197240523,-10.396895464871411
"2025-04-21 00:00:00",222.6085193463321,-10.849780683033462
"2025-04-22 00:00:00",245.20024815109892,-0.5492668627028968
"2025-04-23 00:00:00",245.308285068284,1.3871465611286955
"2025-04-24 00:00:00",246.2945768257651,-0.001854623447553421
"2025-04-25 00:00:00",249.61575389421648,1.0948669732680676
"2025-04-26 00:00:00",249.13970761807406,2.93000233626578
"2025-04-27 00:00:00",246.06041386420293,1.3714349394642187
"2025-04-28 00:00:00",250.56564478376555,1.6997941152164735
"2025-04-29 00:00:00",247.7094660646659,1.5568172528125088
"2025-04-30 00:00:00",247.63345045793739,1.3916503610228173
"2025-05-01 00:00:00",255.7167052557273,3.923816429267885
"2025-05-02 00:00:00",257.29788497247614,4.069245694061494
"2025-05-03 00:00:00",253.85717794611207,3.677837316682449
"2025-05-04 00:00:00",247.968657302504,2.1888895983868935
"2025-05-05 00:00:00",249.56304471088177,2.858506217115737
"2025-05-06 00:00:00",257.2940626536831,2.6417259185261335
"2025-05-07 00:00:00",257.9284255717139,2.311010212980504
"2025-05-08 00:00:00",280.2459265489514,24.19632272129747
"2025-05-09 00:00:00",279.8263604794017,32.325898549741225
"2025-05-10 00:00:00",285.98082275062,46.01819392130223
"2025-05-11 00:00:00",283.631617480194,41.71094267854943
"2025-05-12 00:00:00",279.5101782254513,40.8607841861731
"2025-05-13 00:00:00",284.3341047011079,51.27166557513161
"2025-05-14 00:00:00",282.15737028538854,47.15049282492229
"2025-05-15 00:00:00",282.5794836487876,43.679230414533215
"2025-05-16 00:00:00",282.01574749728724,43.79736737262955
"2025-05-17 00:00:00",280.74795667669014,39.878996628213955
"2025-05-18 00:00:00",291.14449810360867,39.330038296474015
"2025-05-19 00:00:00",289.6644001448633,42.81414453929519
"2025-05-20 00:00:00",293.93366761651396,42.66068790370273
"2025-05-21 00:00:00",304.5547603946453,44.62041406646295
"2025-05-22 00:00:00",311.5435007873205,50.17121120303432
"2025-05-23 00:00:00",295.5197378042131,42.40859847092715
"2025-05-24 00:00:00",297.7873336708808,42.952796354643716
"2025-05-25 00:00:00",301.5886267701619,43.923570981170485
"2025-05-26 00:00:00",303.4917871297206,44.80254632222896
"2025-05-27 00:00:00",302.35094105297816,50.449641266856105
"2025-05-28 00:00:00",297.8124945808945,51.250655890724715
"2025-05-29 00:00:00",290.0923243314873,48.813242722390164
"2025-05-30 00:00:00",283.6938060404644,42.67209790710492
"2025-05-31 00:00:00",286.18972257377294,43.11781044348892
"2025-06-01 00:00:00",289.96169523003823,43.45505401275634
"2025-06-02 00:00:00",290.6062947341223,47.49066910404815
"2025-06-03 00:00:00",288.94527720191985,46.68428882136614
"2025-06-04 00:00:00",286.6523599903838,47.52491388735627
"2025-06-05 00:00:00",274.9871552298563,36.85805594238763
"2025-06-06 00:00:00",285.16508084759414,40.23784705283634
"2025-06-07 00:00:00",289.856370075342,42.77471659676554
"2025-06-08 00:00:00",289.896184431085,41.78525001466598
"2025-06-09 00:00:00",306.752324619719,51.74419311194447
"2025-06-10 00:00:00",306.57214639620906,58.72403122071267
"2025-06-11 00:00:00",300.917844418744,56.8948488166445
"2025-06-12 00:00:00",290.95485278307143,49.944670063205855
"2025-06-13 00:00:00",291.1995624369744,45.643253678495924
"2025-06-14 00:00:00",289.1239293935523,43.21430698397755
"2025-06-15 00:00:00",289.3880147673939,43.99283006412589
"2025-06-16 00:00:00",294.5406962476031,44.75489892749705
"2025-06-17 00:00:00",286.17466184524005,42.13579190511269
"2025-06-18 00:00:00",286.319528879354,42.49448027265607
"2025-06-19 00:00:00",286.20131553276684,42.542279236259475
"2025-06-20 00:00:00",281.0347388143712,35.959138688910855
"2025-06-21 00:00:00",274.5512275489516,28.323131896083943
"2025-06-22 00:00:00",272.04277634923056,25.884302251076484
"2025-06-23 00:00:00",289.2298703822082,36.987959164074375
"2025-06-24 00:00:00",290.943196630281,38.26745126423046
"2025-06-25 00:00:00",295.60038576443435,36.6108390539737
"2025-06-26 00:00:00",294.6614752449679,36.48679196266011
"2025-06-27 00:00:00",295.01157040595183,36.93882713330836
"2025-06-28 00:00:00",295.9436635712106,37.73584930160818
"2025-06-29 00:00:00",299.87253694213416,41.43955294715111
"2025-06-30 00:00:00",295.2103453567602,40.62140650108074
"2025-07-01 00:00:00",289.6053172707303,35.9257450822967
"2025-07-02 00:00:00",301.4507839480277,45.4747866069749
"2025-07-03 00:00:00",304.31992431252525,46.38268098661713
"2025-07-04 00:00:00",298.5602781983717,41.810807589270695
"2025-07-05 00:00:00",299.21166492407286,42.271004040861605
"2025-07-06 00:00:00",302.89226425774393,45.321656303153105
"2025-07-07 00:00:00",299.5187657656407,43.75467922379886
"2025-07-08 00:00:00",301.925730947501,47.83195137485969
"2025-07-09 00:00:00",310.6846097566128,56.69378755303025
"2025-07-10 00:00:00",327.4772711723888,66.63298291590675
"2025-07-11 00:00:00",333.7167125395992,67.22104064503168
"2025-07-12 00:00:00",333.1557385980344,66.32301803179539
"2025-07-13 00:00:00",339.4218306563639,68.09217376941736
"2025-07-14 00:00:00",342.0635721858854,70.23491531924968
"2025-07-15 00:00:00",334.1120595046251,77.06708557262665
"2025-07-16 00:00:00",338.0591452557956,90.35143615831771
"2025-07-17 00:00:00",340.6311085600933,96.78043273595388
"2025-07-18 00:00:00",335.25841516653736,100.47848445753715
"2025-07-19 00:00:00",334.93629344980775,103.1347944676367
"2025-07-20 00:00:00",332.5579893357113,112.41956496539565
"2025-07-21 00:00:00",333.39003406247525,112.80658566108961
"2025-07-22 00:00:00",342.5140745289988,111.7603162870489
"2025-07-23 00:00:00",337.61976290158276,105.15437844535475
"2025-07-24 00:00:00",336.60669365175613,109.58386199376662
"2025-07-25 00:00:00",333.60524374384323,110.41028703802209
"2025-07-26 00:00:00",335.1499434003641,111.50547406243412
"2025-07-27 00:00:00",340.5335308866851,118.38304101867176
"2025-07-28 00:00:00",335.3113717903111,113.98494688689999
"2025-07-29 00:00:00",334.75805086168424,114.11462320469097
"2025-07-30 00:00:00",334.6840203078747,115.17814530928531
"2025-07-31 00:00:00",326.81455448653367,108.91883917680853
"2025-08-01 00:00:00",317.7197625235819,96.8536847631113
"2025-08-02 00:00:00",315.2123550316667,92.0106769548331
"2025-08-03 00:00:00",321.27779677351214,97.66717897759284
"2025-08-04 00:00:00",324.7438719880985,109.99524299449546
"2025-08-05 00:00:00",321.01678113892257,104.15907793867925
"2025-08-06 00:00:00",324.31377291693934,108.2057865647484
"2025-08-07 00:00:00",333.31996097539974,121.04696291958984
"2025-08-08 00:00:00",330.4606064630737,126.79549732768012
"2025-08-09 00:00:00",329.8029258282358,141.07054383460527
"2025-08-10 00:00:00",339.9728475171944,140.39396035855128
"2025-08-11 00:00:00",338.1537190656487,138.99421744127184
"2025-08-12 00:00:00",343.42428937528626,160.35625000065988
"2025-08-13 00:00:00",355.81356386140516,169.22032045486338
"2025-08-14 00:00:00",336.79542397515416,157.38817186974185
"2025-08-15 00:00:00",332.8636987763917,150.39386503810042
"2025-08-16 00:00:00",333.45919040007044,150.18444384068445
"2025-08-17 00:00:00",333.61272685759246,153.59182699107828
"2025-08-18 00:00:00",328.86713894079105,143.993102826357
"2025-08-19 00:00:00",316.0366291438054,130.27226547117462
"2025-08-20 00:00:00",321.47437452128764,144.74000303395516
"2025-08-21 00:00:00",314.6940448428438,138.74636178930976
"2025-08-22 00:00:00",330.9987648242359,172.92621329355345
"2025-08-23 00:00:00",325.56023259373893,169.7985620523687
"2025-08-24 00:00:00",318.32823457366413,170.03734421800965
"2025-08-25 00:00:00",306.4711493031715,147.6299004783554
"2025-08-26 00:00:00",312.58509448315027,160.10533563267418
"2025-08-27 00:00:00",310.27348905223903,154.32806231227912
"2025-08-28 00:00:00",315.10424989598965,154.74714092058306
"2025-08-29 00:00:00",300.181268662698,146.65400992347477
"2025-08-30 00:00:00",301.29405059204515,147.16275341516592
"2025-08-31 00:00:00",299.34407122145416,148.04276268490858
"2025-09-01 00:00:00",302.6985482290666,143.1977296411794
"2025-09-02 00:00:00",310.1779346165895,144.4780370458177
"2025-09-03 00:00:00",312.10113690199825,151.48657194219692
"2025-09-04 00:00:00",308.46091643297206,142.90907308566855
"2025-09-05 00:00:00",308.23015160056684,143.3905205039593
"2025-09-06 00:00:00",306.559073784858,141.49705326166145
"2025-09-07 00:00:00",309.9632741557925,143.2446487350441
"2025-09-08 00:00:00",313.2580330513196,143.564146913917
"2025-09-09 00:00:00",311.49584890291567,143.54476453892872
"2025-09-10 00:00:00",320.45226008500174,145.69993079381396
"2025-09-11 00:00:00",326.08843187981034,152.02075205860203
"2025-09-12 00:00:00",328.51200370582865,166.1226598563426
"2025-09-13 00:00:00",327.8127266852886,163.79749298468937
"2025-09-14 00:00:00",325.610299716982,160.5244788145989
"2025-09-15 00:00:00",325.6977180070685,155.69007464127972
"2025-09-16 00:00:00",330.73537267809326,154.5609903405104
"2025-09-17 00:00:00",329.60321406447974,159.50622071995275
"2025-09-18 00:00:00",332.14694246035634,159.44224191848645
"2025-09-19 00:00:00",326.65153134379364,152.65149119408608
"2025-09-20 00:00:00",326.8717813110386,153.2912468360354
"2025-09-21 00:00:00",325.355481602949,151.65634642232394
"2025-09-22 00:00:00",315.73559460035534,137.36247640061495
"2025-09-23 00:00:00",313.2471029742556,135.45444311848033
"2025-09-24 00:00:00",318.03688149258187,134.46351561273474
"2025-09-25 00:00:00",301.96386853763755,118.32304697100815
"2025-09-26 00:00:00",304.71834815614136,128.15870552003125
"2025-09-27 00:00:00",304.5139842760253,127.0888402009314
"2025-09-28 00:00:00",313.6912842934126,134.07824004166008
"2025-09-29 00:00:00",321.68373446788837,138.24756689993157
"2025-09-30 00:00:00",320.632661869411,134.21335731666665
"2025-10-01 00:00:00",337.1556477758384,145.5007237305155
"2025-10-02 00:00:00",344.93376037207213,153.4159637996414
"2025-10-03 00:00:00",350.97789978935026,155.21049119608233
"2025-10-04 00:00:00",351.4603633382799,153.62509417139086
"2025-10-05 00:00:00",355.61137684770455,155.1857556964631
"2025-10-06 00:00:00",360.2865013354827,165.00873834164398
"2025-10-07 00:00:00",348.2797976063106,151.73870833196966
"2025-10-08 00:00:00",355.0444537873362,155.87844458231677
"2025-10-09 00:00:00",348.9411378247186,146.89651340128404
"2025-10-10 00:00:00",317.5985261915799,116.77280096040809
"2025-10-11 00:00:00",308.9345081607082,111.88903136693162
"2025-10-12 00:00:00",324.9315867701786,135.08928263458043
"2025-10-13 00:00:00",325.0522589267953,139.97720598729626
"2025-10-14 00:00:00",317.43189069867725,133.3462952200268
"2025-10-15 00:00:00",308.40164650577464,125.11006116547448
"2025-10-16 00:00:00",298.6924788589028,119.85665300932331
"2025-10-17 00:00:00",292.6679503416752,116.52477318849535
"2025-10-18 00:00:00",295.29594535435837,119.81707682414333
"2025-10-19 00:00:00",300.70078050667513,125.218691277566
"2025-10-20 00:00:00",308.03238694066357,124.8634115618647
"2025-10-21 00:00:00",300.2026498239994,119.13822182719562
"2025-10-22 00:00:00",297.0018138807683,114.86019994259284
"2025-10-23 00:00:00",305.9663639441806,117.91493868629163
"2025-10-24 00:00:00",309.46825776111297,122.28868379347067
"2025-10-25 00:00:00",311.76466389269314,123.36142123801297
"2025-10-26 00:00:00",322.2992839112456,135.19449128219534
"2025-10-27 00:00:00",321.2176102543388,133.02516121818022
"2025-10-28 00:00:00",316.67114705611874,125.06249507957084
"2025-10-29 00:00:00",305.95954297355166,120.26130226239438
"2025-10-30 00:00:00",299.29760621790933,114.88871594082828
"2025-10-31 00:00:00",304.21552893182644,117.43207350147419
"2025-11-01 00:00:00",305.8395269634252,118.84008538262432
"2025-11-02 00:00:00",308.1859877531795,120.98105580905722
"2025-11-03 00:00:00",292.953752991657,103.49632435588376
"2025-11-04 00:00:00",274.93010620234674,86.31720199147794
"2025-11-05 00:00:00",283.20332012418635,93.71773079302554
"2025-11-06 00:00:00",273.7768078222328,87.00524484391336
"2025-11-07 00:00:00",281.42569308482814,94.09416019401212
"2025-11-08 00:00:00",277.3458806755903,92.23526127978651
"2025-11-09 00:00:00",286.27151155556794,102.11390954283885
"2025-11-10 00:00:00",290.6960478606082,101.45583662583581
"2025-11-11 00:00:00",279.8198501302554,93.10118806889494
"2025-11-12 00:00:00",274.51116604145784,92.69614849988935
"2025-11-13 00:00:00",267.90326825771274,82.86884374736458
"2025-11-14 00:00:00",248.44738753690487,75.57120046917372
"2025-11-15 00:00:00",252.32788252306287,79.16059708902658
"2025-11-16 00:00:00",248.28114673714543,75.2934555808615
"2025-11-17 00:00:00",239.52128923496184,70.75047540450744
"2025-11-18 00:00:00",242.40988195081758,76.17146876710389
"2025-11-19 00:00:00",237.0369588510112,70.54963074799957
"2025-11-20 00:00:00",219.6496859375785,60.05582802844379
"2025-11-21 00:00:00",213.7540724591244,56.250460340138474
"2025-11-22 00:00:00",212.39218494160218,56.469888126434256
"2025-11-23 00:00:00",220.14354795447667,58.233008848032895
"2025-11-24 00:00:00",225.47599896714758,66.90886022899569
"2025-11-25 00:00:00",222.085734642142,67.00600044411851
"2025-11-26 00:00:00",233.75726863788486,71.09946393819013
"2025-11-27 00:00:00",236.72628133585283,70.42888297269059
"2025-11-28 00:00:00",235.51377531386106,71.41925117051572
"2025-11-29 00:00:00",235.11195587967163,69.05110185821168
"2025-11-30 00:00:00",233.5066311328971,69.14159306022214
"2025-12-01 00:00:00",218.29038165001938,58.18903173918491
"2025-12-02 00:00:00",236.96854444342512,69.30644677451198
"2025-12-03 00:00:00",245.3598761360638,80.59021442208166
"2025-12-04 00:00:00",239.9048641594231,77.10259867749991
"2025-12-05 00:00:00",229.45173454397496,70.82701228189937
"2025-12-06 00:00:00",229.2218026362192,71.77094319302452
"2025-12-07 00:00:00",232.60881789900304,72.54055788638748
"2025-12-08 00:00:00",234.2878420604284,76.62918093516325
"2025-12-09 00:00:00",242.05372792079015,87.77108970376113
"2025-12-10 00:00:00",239.40476054542802,87.98533970591386
"2025-12-11 00:00:00",241.20881660251845,82.88981013432407
"2025-12-12 00:00:00",233.14133321648006,74.36829050833657
"2025-12-13 00:00:00",232.9575078545632,76.05859831743732
"2025-12-14 00:00:00",225.4812250898485,73.24784431032721
"2025-12-15 00:00:00",218.7788899759596,67.53962501857164
"2025-12-16 00:00:00",223.97285841867108,67.5268657241518
"2025-12-17 00:00:00",217.4915411020946,59.81483550012716
"2025-12-18 00:00:00",215.22423745350014,59.7464896381907
"2025-12-19 00:00:00",225.01304481308568,68.23523571650824
"2025-12-20 00:00:00",225.91345878563538,68.25588613014496
"2025-12-21 00:00:00",226.75999500059004,69.63704498450872
"2025-12-22 00:00:00",226.44163570698618,69.8736157426715
"2025-12-23 00:00:00",222.44026284283578,67.57947424748657
"2025-12-24 00:00:00",223.31149762367392,66.49404581787786
"2025-12-25 00:00:00",221.78858414441896,64.13534385587775
"2025-12-26 00:00:00",222.0695952241459,65.40373841153657
"2025-12-27 00:00:00",223.91794439168123,66.65648905367216
"2025-12-28 00:00:00",223.97661785311746,66.59983983142162
"2025-12-29 00:00:00",221.518484688099,65.82873304293612
"2025-12-30 00:00:00",226.15945984172495,67.85424223944727
"2025-12-31 00:00:00",222.85986219374942,67.66879815101396
"2026-01-01 00:00:00",227.31426241525773,69.57025940870474
"2026-01-02 00:00:00",231.7359032442972,76.43585321016847
"2026-01-03 00:00:00",234.19857219848907,76.66985115735656
"2026-01-04 00:00:00",237.07361803034505,77.40545442464534
"2026-01-05 00:00:00",246.49371299859527,82.44885362967086
"2026-01-06 00:00:00",245.53483086734897,86.22441296410118
"2026-01-07 00:00:00",236.6454738276031,78.86003450466022
"2026-01-08 00:00:00",235.63602364043695,75.43663896189864
"2026-01-09 00:00:00",233.87040519838155,74.24505405677037
"2026-01-10 00:00:00",233.6384551948387,74.23540185278061
"2026-01-11 00:00:00",235.0304789643054,76.29237519058849
"2026-01-12 00:00:00",236.1947316202818,74.6489480885955
"2026-01-13 00:00:00",251.4135037344324,87.62789005913854
"2026-01-14 00:00:00",257.8593938308465,89.69415410260662
"2026-01-15 00:00:00",252.61015479140192,87.53002185969201
"2026-01-16 00:00:00",252.35653672303027,86.27870868268211
"2026-01-17 00:00:00",250.8199092046207,86.88956083058616
"2026-01-18 00:00:00",245.85149958812823,85.61503453659682
"2026-01-19 00:00:00",241.4459677024008,80.0394973011729
"2026-01-20 00:00:00",225.7839662290805,65.90829659024087
"2026-01-21 00:00:00",229.62604689546095,68.19297775949659
"2026-01-22 00:00:00",229.9545637504861,66.62347061349759
"2026-01-23 00:00:00",229.84020939167976,66.77238670025885
"2026-01-24 00:00:00",228.94922995454593,66.67543635553909
"2026-01-25 00:00:00",219.2746998679057,59.045162332864024
"2026-01-26 00:00:00",225.76559761581132,65.46821741444487
"2026-01-27 00:00:00",229.07225270351876,70.73857093881475
"2026-01-28 00:00:00",228.916853177029,69.931280355497
"2026-01-29 00:00:00",211.97822562924515,59.306970876210954
"2026-01-30 00:00:00",210.39701794997563,52.72800463307716
"2026-01-31 00:00:00",190.41781789500482,38.119930092113215
"2026-02-01 00:00:00",183.81899767250974,28.252309795148662
"2026-02-02 00:00:00",190.57201567817742,32.50133960366904
"2026-02-03 00:00:00",179.03031051013753,25.85926072740995
"2026-02-04 00:00:00",169.93084326881032,21.626325730785194
"2026-02-05 00:00:00",131.86576744788744,2.8904296704205366
"2026-02-06 00:00:00",160.16118794533992,16.46351689581575
"2026-02-07 00:00:00",155.63427041365776,18.176241850187726
"2026-02-08 00:00:00",160.22913565630176,18.40740225717356
"2026-02-09 00:00:00",158.5839763275964,18.934535421378786
"2026-02-10 00:00:00",153.72744983099685,14.100535815061749
"2026-02-11 00:00:00",146.93114422027242,9.608026090351945
"2026-02-12 00:00:00",144.1533312881878,9.964241593890593
"2026-02-13 00:00:00",153.9449706531053,15.707774898082654
"2026-02-14 00:00:00",157.36362414161377,17.864464292011387
"2026-02-15 00:00:00",153.4938401094883,10.994075614962348
"2026-02-16 00:00:00",154.19917295217678,13.065548049685946
"2026-02-17 00:00:00",148.96699423477799,12.579198690653184
"2026-02-18 00:00:00",145.15590687798218,10.473918589400693
"2026-02-19 00:00:00",146.8614327632269,10.030597604067587
"2026-02-20 00:00:00",150.74079648837724,11.211933328219317
"2026-02-21 00:00:00",150.76888808140131,11.54267442472058
"2026-02-22 00:00:00",149.31988828846713,10.442149018373877
"2026-02-23 00:00:00",138.2250563362796,4.76258942326031
"2026-02-24 00:00:00",136.3678699893282,4.712545095221589
"2026-02-25 00:00:00",150.65631090827182,16.03703433262277
"2026-02-26 00:00:00",148.89175756750558,14.574008148003934
"2026-02-27 00:00:00",143.0444741362803,9.1495955051994
"2026-02-28 00:00:00",147.19259283033347,11.055074789190495
"2026-03-01 00:00:00",142.41553330595795,9.550341471087378
"2026-03-02 00:00:00",154.037792724009,14.695091311978933
"2026-03-03 00:00:00",152.03682168554099,12.039668953579692
"2026-03-04 00:00:00",168.07705206418095,20.142656119430907
"2026-03-05 00:00:00",161.4561392223259,17.242712457691283
"2026-03-06 00:00:00",151.39739503070084,11.94472318246134
"2026-03-07 00:00:00",148.16182122959748,11.318277648625525
"2026-03-08 00:00:00",143.60581406482896,9.562404011379622
"2026-03-09 00:00:00",152.54478456793242,12.599000276042013
"2026-03-10 00:00:00",157.7967560129266,15.020900725426234
"2026-03-11 00:00:00",159.06506260376077,15.954662635675055
"2026-03-12 00:00:00",160.2367056567139,17.355403293109582
"2026-03-13 00:00:00",161.78923685710467,18.28735057945132
"2026-03-14 00:00:00",162.7181902025868,18.487982350795733
"2026-03-15 00:00:00",168.12184762917866,22.92465142928147
"2026-03-16 00:00:00",176.14992838316314,32.877770754093675
"2026-03-17 00:00:00",172.71228321025205,31.009744684201006
"2026-03-18 00:00:00",162.7989749875363,23.213450539042046