"DateTime","Maple - Total Value Locked","Maple - Market Cap","Maple - Fully Diluted Value","Maple - Price"
"2021-05-26 00:00:00",17000000,,,
"2021-05-27 00:00:00",17000000,,,
"2021-05-28 00:00:00",17000000,,,
"2021-05-29 00:00:00",17000000,,,
"2021-05-30 00:00:00",17000000,,,
"2021-05-31 00:00:00",17000000,,,
"2021-06-01 00:00:00",17000000,,,
"2021-06-02 00:00:00",17000000,,,
"2021-06-03 00:00:00",17000000,,,
"2021-06-04 00:00:00",17000000,,,
"2021-06-05 00:00:00",17000000,,,
"2021-06-06 00:00:00",17000000,,,
"2021-06-07 00:00:00",17000000,,,
"2021-06-08 00:00:00",17000000,,,
"2021-06-09 00:00:00",17000000,,,
"2021-06-10 00:00:00",17000000,,,
"2021-06-11 00:00:00",17000000,,,
"2021-06-12 00:00:00",17000000,,,
"2021-06-13 00:00:00",17000000,,,
"2021-06-14 00:00:00",17000000,,,
"2021-06-15 00:00:00",17000000,,,
"2021-06-16 00:00:00",17000000,,,
"2021-06-17 00:00:00",17000000,,,
"2021-06-18 00:00:00",17000000,,,
"2021-06-19 00:00:00",17000000,,,
"2021-06-20 00:00:00",17000000,,,
"2021-06-21 00:00:00",17000000,,,
"2021-06-22 00:00:00",17000000,,,
"2021-06-23 00:00:00",17000000,,,
"2021-06-24 00:00:00",17000000,,,
"2021-06-25 00:00:00",17000000,,,
"2021-06-26 00:00:00",17000000,,,
"2021-06-27 00:00:00",17000000,,,
"2021-06-28 00:00:00",17000000,,,
"2021-06-29 00:00:00",17000000,,,
"2021-06-30 00:00:00",21000000,,,
"2021-07-01 00:00:00",21000000,,,
"2021-07-02 00:00:00",25000000,,,
"2021-07-03 00:00:00",25000000,,,
"2021-07-04 00:00:00",25000000,,,
"2021-07-05 00:00:00",25000000,,,
"2021-07-06 00:00:00",25000000,,,
"2021-07-07 00:00:00",25000000,,,
"2021-07-08 00:00:00",25000000,,,
"2021-07-09 00:00:00",25000000,,,
"2021-07-10 00:00:00",25000000,,,
"2021-07-11 00:00:00",25000000,,,
"2021-07-12 00:00:00",25000000,,,
"2021-07-13 00:00:00",25000000,,,
"2021-07-14 00:00:00",25000000,,,
"2021-07-15 00:00:00",36500000,,,
"2021-07-16 00:00:00",36500000,,,
"2021-07-17 00:00:00",40500000,,,
"2021-07-18 00:00:00",40500000,,,
"2021-07-19 00:00:00",40750000,,,
"2021-07-20 00:00:00",44750000,,,
"2021-07-21 00:00:00",44750000,,,
"2021-07-22 00:00:00",44750000,,,
"2021-07-23 00:00:00",44750000,,,
"2021-07-24 00:00:00",44750000,,,
"2021-07-25 00:00:00",44750000,,,
"2021-07-26 00:00:00",44750000,,,
"2021-07-27 00:00:00",44750000,,,
"2021-07-28 00:00:00",44750000,,,
"2021-07-29 00:00:00",44750000,,,
"2021-07-30 00:00:00",49750000,,,
"2021-07-31 00:00:00",49750000,,,
"2021-08-01 00:00:00",49750000,,,
"2021-08-02 00:00:00",49750000,,,
"2021-08-03 00:00:00",54750000,,,
"2021-08-04 00:00:00",54750000,,,
"2021-08-05 00:00:00",54750000,,,
"2021-08-06 00:00:00",54750000,,,
"2021-08-07 00:00:00",54750000,,,
"2021-08-08 00:00:00",57250000,,,
"2021-08-09 00:00:00",61250000,,,
"2021-08-10 00:00:00",61250000,,,
"2021-08-11 00:00:00",59250000,,,
"2021-08-12 00:00:00",67250000,,,
"2021-08-13 00:00:00",67250000,,,
"2021-08-14 00:00:00",73050000,,,
"2021-08-15 00:00:00",73050000,,,
"2021-08-16 00:00:00",73050000,,,
"2021-08-17 00:00:00",73050000,,,
"2021-08-18 00:00:00",71050000,,,
"2021-08-19 00:00:00",74050000,,,
"2021-08-20 00:00:00",90050000,,,
"2021-08-21 00:00:00",94700000,,,
"2021-08-22 00:00:00",92700000,,,
"2021-08-23 00:00:00",96700000,,,
"2021-08-24 00:00:00",96700000,,,
"2021-08-25 00:00:00",96700000,,,
"2021-08-26 00:00:00",113700000,,,
"2021-08-27 00:00:00",113700000,,,
"2021-08-28 00:00:00",113700000,,,
"2021-08-29 00:00:00",113700000,,,
"2021-08-30 00:00:00",113700000,,,
"2021-08-31 00:00:00",113700000,,,
"2021-09-01 00:00:00",113700000,,,
"2021-09-02 00:00:00",113700000,,,
"2021-09-03 00:00:00",132200000,,,
"2021-09-04 00:00:00",132200000,,,
"2021-09-05 00:00:00",132200000,,,
"2021-09-06 00:00:00",147200000,,,
"2021-09-07 00:00:00",157200000,,,
"2021-09-08 00:00:00",157200000,,,
"2021-09-09 00:00:00",157200000,,,
"2021-09-10 00:00:00",165900000,,,
"2021-09-11 00:00:00",165900000,,,
"2021-09-12 00:00:00",165900000,,,
"2021-09-13 00:00:00",165900000,,,
"2021-09-14 00:00:00",166900000,,,
"2021-09-15 00:00:00",166900000,,,
"2021-09-16 00:00:00",166900000,,,
"2021-09-17 00:00:00",166900000,,,
"2021-09-18 00:00:00",166900000,,,
"2021-09-19 00:00:00",166900000,,,
"2021-09-20 00:00:00",166900000,,,
"2021-09-21 00:00:00",166900000,,,
"2021-09-22 00:00:00",166900000,,,
"2021-09-23 00:00:00",166900000,,,
"2021-09-24 00:00:00",166900000,,,
"2021-09-25 00:00:00",166900000,,,
"2021-09-26 00:00:00",166900000,,,
"2021-09-27 00:00:00",166900000,,,
"2021-09-28 00:00:00",169900000,,,
"2021-09-29 00:00:00",173900000,,,
"2021-09-30 00:00:00",173900000,,,
"2021-10-01 00:00:00",178900000,,,
"2021-10-02 00:00:00",178900000,,,
"2021-10-03 00:00:00",178900000,,,
"2021-10-04 00:00:00",178900000,,,
"2021-10-05 00:00:00",178900000,,,
"2021-10-06 00:00:00",178900000,,,
"2021-10-07 00:00:00",178900000,,,
"2021-10-08 00:00:00",178900000,,,
"2021-10-09 00:00:00",178900000,,,
"2021-10-10 00:00:00",190100000,,,
"2021-10-11 00:00:00",191100000,,,
"2021-10-12 00:00:00",197100000,,,
"2021-10-13 00:00:00",204600000,,,
"2021-10-14 00:00:00",204600000,,,
"2021-10-15 00:00:00",209600000,,,
"2021-10-16 00:00:00",209350000,,,
"2021-10-17 00:00:00",209350000,,,
"2021-10-18 00:00:00",209350000,,,
"2021-10-19 00:00:00",221350000,,,
"2021-10-20 00:00:00",221350000,,,
"2021-10-21 00:00:00",229850000,,,
"2021-10-22 00:00:00",229850000,,,
"2021-10-23 00:00:00",229850000,,,
"2021-10-24 00:00:00",229850000,,,
"2021-10-25 00:00:00",232350000,,,
"2021-10-26 00:00:00",232350000,,,
"2021-10-27 00:00:00",232350000,,,
"2021-10-28 00:00:00",239350000,,,
"2021-10-29 00:00:00",239350000,,,
"2021-10-30 00:00:00",239350000,,,
"2021-10-31 00:00:00",239350000,,,
"2021-11-01 00:00:00",239350000,,,
"2021-11-02 00:00:00",239350000,,,
"2021-11-03 00:00:00",239350000,,,
"2021-11-04 00:00:00",239350000,,,
"2021-11-05 00:00:00",245850000,,,
"2021-11-06 00:00:00",245850000,,,
"2021-11-07 00:00:00",245850000,,,
"2021-11-08 00:00:00",249850000,,,
"2021-11-09 00:00:00",259850000,,,
"2021-11-10 00:00:00",259850000,,,
"2021-11-11 00:00:00",261850000,,,
"2021-11-12 00:00:00",275850000,,,
"2021-11-13 00:00:00",275850000,,,
"2021-11-14 00:00:00",275850000,,,
"2021-11-15 00:00:00",275850000,,,
"2021-11-16 00:00:00",277850000,,,
"2021-11-17 00:00:00",277850000,,,
"2021-11-18 00:00:00",277850000,,,
"2021-11-19 00:00:00",306600000,,,
"2021-11-20 00:00:00",313600000,,,
"2021-11-21 00:00:00",313600000,,,
"2021-11-22 00:00:00",313600000,,,
"2021-11-23 00:00:00",313600000,,,
"2021-11-24 00:00:00",323600000,,,
"2021-11-25 00:00:00",323600000,,,
"2021-11-26 00:00:00",323600000,,,
"2021-11-27 00:00:00",323600000,,,
"2021-11-28 00:00:00",323600000,,,
"2021-11-29 00:00:00",323600000,,,
"2021-11-30 00:00:00",339600000,,,
"2021-12-01 00:00:00",355600000,,,
"2021-12-02 00:00:00",358100000,,,
"2021-12-03 00:00:00",363100000,,,
"2021-12-04 00:00:00",370100000,,,
"2021-12-05 00:00:00",370100100,,,
"2021-12-06 00:00:00",370100100,,,
"2021-12-07 00:00:00",383100100,,,
"2021-12-08 00:00:00",407100100,,,
"2021-12-09 00:00:00",407100100,,,
"2021-12-10 00:00:00",435100100,,,
"2021-12-11 00:00:00",435100100,,,
"2021-12-12 00:00:00",435100100,,,
"2021-12-13 00:00:00",462600100,,,
"2021-12-14 00:00:00",462600100,,,
"2021-12-15 00:00:00",462600100,,,
"2021-12-16 00:00:00",462600100,,,
"2021-12-17 00:00:00",462600100,,,
"2021-12-18 00:00:00",462600100,,,
"2021-12-19 00:00:00",462600100,,,
"2021-12-20 00:00:00",462600100,,,
"2021-12-21 00:00:00",485900100,,,
"2021-12-22 00:00:00",481900100,,,
"2021-12-23 00:00:00",497000000,,,
"2021-12-24 00:00:00",497000000,,,
"2021-12-25 00:00:00",497000000,,,
"2021-12-26 00:00:00",494000000,,,
"2021-12-27 00:00:00",494000000,,,
"2021-12-28 00:00:00",490000000,,,
"2021-12-29 00:00:00",490000000,,,
"2021-12-30 00:00:00",490000000,,,
"2021-12-31 00:00:00",490000000,,,
"2022-01-01 00:00:00",490000000,,,
"2022-01-02 00:00:00",490000000,,,
"2022-01-03 00:00:00",490000000,,,
"2022-01-04 00:00:00",490000000,,,
"2022-01-05 00:00:00",490000000,,,
"2022-01-06 00:00:00",490000000,,,
"2022-01-07 00:00:00",490000000,,,
"2022-01-08 00:00:00",490000000,,,
"2022-01-09 00:00:00",490000000,,,
"2022-01-10 00:00:00",481000000,,,
"2022-01-11 00:00:00",481000000,,,
"2022-01-12 00:00:00",481000000,,,
"2022-01-13 00:00:00",481000000,,,
"2022-01-14 00:00:00",485000000,,,
"2022-01-15 00:00:00",481000000,,,
"2022-01-16 00:00:00",481000000,,,
"2022-01-17 00:00:00",481000000,,,
"2022-01-18 00:00:00",486000000,,,
"2022-01-19 00:00:00",486000000,,,
"2022-01-20 00:00:00",486000000,,,
"2022-01-21 00:00:00",486000000,,,
"2022-01-22 00:00:00",486000000,,,
"2022-01-23 00:00:00",486000000,,,
"2022-01-24 00:00:00",493500000,,,
"2022-01-25 00:00:00",493500000,,,
"2022-01-26 00:00:00",493500000,,,
"2022-01-27 00:00:00",493500000,,,
"2022-01-28 00:00:00",488500000,,,
"2022-01-29 00:00:00",488500000,,,
"2022-01-30 00:00:00",488500000,,,
"2022-01-31 00:00:00",509923790,,,
"2022-02-01 00:00:00",509923790,,,
"2022-02-02 00:00:00",509923790,,,
"2022-02-03 00:00:00",514923790,,,
"2022-02-04 00:00:00",514923790,,,
"2022-02-05 00:00:00",519923790,,,
"2022-02-06 00:00:00",505923790,,,
"2022-02-07 00:00:00",511923790,,,
"2022-02-08 00:00:00",526923790,,,
"2022-02-09 00:00:00",527123790,,,
"2022-02-10 00:00:00",532123790,,,
"2022-02-11 00:00:00",535123790,,,
"2022-02-12 00:00:00",525123790,,,
"2022-02-13 00:00:00",530123790,,,
"2022-02-14 00:00:00",521123790,,,
"2022-02-15 00:00:00",548623790,,,
"2022-02-16 00:00:00",548623790,,,
"2022-02-17 00:00:00",520373790,,,
"2022-02-18 00:00:00",559623790,,,
"2022-02-19 00:00:00",597623790,,,
"2022-02-20 00:00:00",597623790,,,
"2022-02-21 00:00:00",588123790,,,
"2022-02-22 00:00:00",580623790,,,
"2022-02-23 00:00:00",592123790,,,
"2022-02-24 00:00:00",642217599,,,
"2022-02-25 00:00:00",673217599,,,
"2022-02-26 00:00:00",673217599,,,
"2022-02-27 00:00:00",673217599,,,
"2022-02-28 00:00:00",664717599,,,
"2022-03-01 00:00:00",667717599,,,
"2022-03-02 00:00:00",681717599,,,
"2022-03-03 00:00:00",681717599,,,
"2022-03-04 00:00:00",681717599,,,
"2022-03-05 00:00:00",656717599,,,
"2022-03-06 00:00:00",656717599,,,
"2022-03-07 00:00:00",656717599,,,
"2022-03-08 00:00:00",645440307,,,
"2022-03-09 00:00:00",662440307,,,
"2022-03-10 00:00:00",662440307,,,
"2022-03-11 00:00:00",678447157,,,
"2022-03-12 00:00:00",678447157,,,
"2022-03-13 00:00:00",688449557,,,
"2022-03-14 00:00:00",712449557,,,
"2022-03-15 00:00:00",712449557,,,
"2022-03-16 00:00:00",712449557,,,
"2022-03-17 00:00:00",712449557,,,
"2022-03-18 00:00:00",727449557,,,
"2022-03-19 00:00:00",727449557,,,
"2022-03-20 00:00:00",727449557,,,
"2022-03-21 00:00:00",727449557,,,
"2022-03-22 00:00:00",772819557,,,
"2022-03-23 00:00:00",775819557,,,
"2022-03-24 00:00:00",790820991,,,
"2022-03-25 00:00:00",799820991,,,
"2022-03-26 00:00:00",799820991,,,
"2022-03-27 00:00:00",816820991,,,
"2022-03-28 00:00:00",816820991,,,
"2022-03-29 00:00:00",833821091,,,
"2022-03-30 00:00:00",833821091,,,
"2022-03-31 00:00:00",833821091,,,
"2022-04-01 00:00:00",833821191,,,
"2022-04-02 00:00:00",833821191,,,
"2022-04-03 00:00:00",833821191,,,
"2022-04-04 00:00:00",833821191,,,
"2022-04-05 00:00:00",833821191,,,
"2022-04-06 00:00:00",822621191,,,
"2022-04-07 00:00:00",813621191,,,
"2022-04-08 00:00:00",830622391,,,
"2022-04-09 00:00:00",830622391,,,
"2022-04-10 00:00:00",830622391,,,
"2022-04-11 00:00:00",830625216,,,
"2022-04-12 00:00:00",805625216,,,
"2022-04-13 00:00:00",832625216,,,
"2022-04-14 00:00:00",832625216,,,
"2022-04-15 00:00:00",838125216,,,
"2022-04-16 00:00:00",848125216,,,
"2022-04-17 00:00:00",836125216,,,
"2022-04-18 00:00:00",836125216,,,
"2022-04-19 00:00:00",838125216,,,
"2022-04-20 00:00:00",838125216,,,
"2022-04-21 00:00:00",838125216,,,
"2022-04-22 00:00:00",856125216,,,
"2022-04-23 00:00:00",856125216,,,
"2022-04-24 00:00:00",856125216,,,
"2022-04-25 00:00:00",856125216,,,
"2022-04-26 00:00:00",856125216,,,
"2022-04-27 00:00:00",856125216,,,
"2022-04-28 00:00:00",871187252.5,,,
"2022-04-29 00:00:00",873187252.5,,,
"2022-04-30 00:00:00",873187252.5,,,
"2022-05-01 00:00:00",853763462.5,,,
"2022-05-02 00:00:00",853763462.5,,,
"2022-05-03 00:00:00",853763462.5,,,
"2022-05-04 00:00:00",850763462.5,,,
"2022-05-05 00:00:00",918793462.5,,,
"2022-05-06 00:00:00",924793462.5,,,
"2022-05-07 00:00:00",924793462.5,,,
"2022-05-08 00:00:00",924793462.5,,,
"2022-05-09 00:00:00",921793462.5,,,
"2022-05-10 00:00:00",921793462.5,,,
"2022-05-11 00:00:00",921793462.5,,,
"2022-05-12 00:00:00",913793462.5,,,
"2022-05-13 00:00:00",876793462.5,,,
"2022-05-14 00:00:00",876793462.5,,,
"2022-05-15 00:00:00",876793262.5,,,
"2022-05-16 00:00:00",869293262.5,,,
"2022-05-17 00:00:00",864643262.5,,,
"2022-05-18 00:00:00",817393262.5,,,
"2022-05-19 00:00:00",817393262.5,,,
"2022-05-20 00:00:00",817393262.5,,,
"2022-05-21 00:00:00",842530262.5,,,
"2022-05-22 00:00:00",842530262.5,,,
"2022-05-23 00:00:00",834511500.7,,,
"2022-05-24 00:00:00",834511500.7,,,
"2022-05-25 00:00:00",814511500.7,,,
"2022-05-26 00:00:00",834011500.7,,,
"2022-05-27 00:00:00",829011500.7,,,
"2022-05-28 00:00:00",829011500.7,,,
"2022-05-29 00:00:00",813011500.7,,,
"2022-05-30 00:00:00",798511500.7,,,
"2022-05-31 00:00:00",798511500.7,,,
"2022-06-01 00:00:00",798513000.7,,,
"2022-06-02 00:00:00",804513000.7,,,
"2022-06-03 00:00:00",796090292.7,,,
"2022-06-04 00:00:00",813092692.7,,,
"2022-06-05 00:00:00",803092692.7,,,
"2022-06-06 00:00:00",795092692.7,,,
"2022-06-07 00:00:00",795092692.7,,,
"2022-06-08 00:00:00",795092692.7,,,
"2022-06-09 00:00:00",795092692.7,,,
"2022-06-10 00:00:00",779590292.7,,,
"2022-06-11 00:00:00",779590292.7,,,
"2022-06-12 00:00:00",779590292.7,,,
"2022-06-13 00:00:00",779590292.7,,,
"2022-06-14 00:00:00",779590292.7,,,
"2022-06-15 00:00:00",779590292.7,,,
"2022-06-16 00:00:00",777090292.7,,,
"2022-06-17 00:00:00",773090292.7,,,
"2022-06-18 00:00:00",695320292.7,,,
"2022-06-19 00:00:00",695320292.7,,,
"2022-06-20 00:00:00",690320292.7,,,
"2022-06-21 00:00:00",690320292.7,,,
"2022-06-22 00:00:00",690320292.7,,,
"2022-06-23 00:00:00",681320292.7,,,
"2022-06-24 00:00:00",681320292.7,,,
"2022-06-25 00:00:00",681320292.7,,,
"2022-06-26 00:00:00",681320292.7,,,
"2022-06-27 00:00:00",661320292.7,,,
"2022-06-28 00:00:00",661320292.7,,,
"2022-06-29 00:00:00",661320292.7,,,
"2022-06-30 00:00:00",661320292.7,,,
"2022-07-01 00:00:00",661320292.7,,,
"2022-07-02 00:00:00",661320292.7,,,
"2022-07-03 00:00:00",661320292.7,,,
"2022-07-04 00:00:00",661320292.7,,,
"2022-07-05 00:00:00",661320292.7,,,
"2022-07-06 00:00:00",661320292.7,,,
"2022-07-07 00:00:00",661320292.7,,,
"2022-07-08 00:00:00",661320292.7,,,
"2022-07-09 00:00:00",661320292.7,,,
"2022-07-10 00:00:00",657320292.7,,,
"2022-07-11 00:00:00",647320292.7,,,
"2022-07-12 00:00:00",640320292.7,,,
"2022-07-13 00:00:00",640320292.7,,,
"2022-07-14 00:00:00",635320292.7,,,
"2022-07-15 00:00:00",633320292.7,,,
"2022-07-16 00:00:00",633320292.7,,,
"2022-07-17 00:00:00",633320292.7,,,
"2022-07-18 00:00:00",633320292.7,,,
"2022-07-19 00:00:00",633320292.7,,,
"2022-07-20 00:00:00",633320292.7,,,
"2022-07-21 00:00:00",633320292.7,,,
"2022-07-22 00:00:00",625820292.7,,,
"2022-07-23 00:00:00",625820292.7,,,
"2022-07-24 00:00:00",625820292.7,,,
"2022-07-25 00:00:00",625820292.7,,,
"2022-07-26 00:00:00",625820292.7,,,
"2022-07-27 00:00:00",625820292.7,,,
"2022-07-28 00:00:00",618820292.7,,,
"2022-07-29 00:00:00",611820292.7,,,
"2022-07-30 00:00:00",611820292.7,,,
"2022-07-31 00:00:00",611820292.7,,,
"2022-08-01 00:00:00",601820292.7,,,
"2022-08-02 00:00:00",576820292.7,,,
"2022-08-03 00:00:00",517790292.7,,,
"2022-08-04 00:00:00",517790292.7,,,
"2022-08-05 00:00:00",514790292.7,,,
"2022-08-06 00:00:00",504790292.7,,,
"2022-08-07 00:00:00",492790292.7,,,
"2022-08-08 00:00:00",486790292.7,,,
"2022-08-09 00:00:00",483790292.7,,,
"2022-08-10 00:00:00",468790292.7,,,
"2022-08-11 00:00:00",463790292.7,,,
"2022-08-12 00:00:00",492990292.7,,,
"2022-08-13 00:00:00",485490292.7,,,
"2022-08-14 00:00:00",475490292.7,,,
"2022-08-15 00:00:00",482992292.7,,,
"2022-08-16 00:00:00",483004292.7,,,
"2022-08-17 00:00:00",434966769.1,,,
"2022-08-18 00:00:00",434966769.1,,,
"2022-08-19 00:00:00",399829769.1,,,
"2022-08-20 00:00:00",399829769.1,,,
"2022-08-21 00:00:00",399829769.1,,,
"2022-08-22 00:00:00",371331769.1,,,
"2022-08-23 00:00:00",355294245.5,,,
"2022-08-24 00:00:00",345794245.5,,,
"2022-08-25 00:00:00",331794245.5,,,
"2022-08-26 00:00:00",331794245.5,,,
"2022-08-27 00:00:00",331794245.5,,,
"2022-08-28 00:00:00",331794245.5,,,
"2022-08-29 00:00:00",331794245.5,,,
"2022-08-30 00:00:00",331794245.5,,,
"2022-08-31 00:00:00",325794245.5,,,
"2022-09-01 00:00:00",335794245.5,,,
"2022-09-02 00:00:00",318794245.5,,,
"2022-09-03 00:00:00",309794245.5,,,
"2022-09-04 00:00:00",309794245.5,,,
"2022-09-05 00:00:00",276794245.5,,,
"2022-09-06 00:00:00",276791745.5,,,
"2022-09-07 00:00:00",276791745.5,,,
"2022-09-08 00:00:00",286791745.5,,,
"2022-09-09 00:00:00",302791745.5,,,
"2022-09-10 00:00:00",306541745.5,,,
"2022-09-11 00:00:00",306541745.5,,,
"2022-09-12 00:00:00",315241745.5,,,
"2022-09-13 00:00:00",306741745.5,,,
"2022-09-14 00:00:00",319541745.5,,,
"2022-09-15 00:00:00",319541745.5,,,
"2022-09-16 00:00:00",304541745.5,,,
"2022-09-17 00:00:00",304541745.5,,,
"2022-09-18 00:00:00",304541745.5,,,
"2022-09-19 00:00:00",306541745.5,,,
"2022-09-20 00:00:00",306541745.5,,,
"2022-09-21 00:00:00",304541745.5,,,
"2022-09-22 00:00:00",304541745.5,,,
"2022-09-23 00:00:00",306541745.5,,,
"2022-09-24 00:00:00",306541745.5,,,
"2022-09-25 00:00:00",306541745.5,,,
"2022-09-26 00:00:00",306541745.5,,,
"2022-09-27 00:00:00",306541745.5,,,
"2022-09-28 00:00:00",306541745.5,,,
"2022-09-29 00:00:00",306541745.5,,,
"2022-09-30 00:00:00",306541745.5,,,
"2022-10-01 00:00:00",306541745.5,,,
"2022-10-02 00:00:00",306541745.5,,,
"2022-10-03 00:00:00",306541745.5,,,
"2022-10-04 00:00:00",301540545.5,,,
"2022-10-05 00:00:00",296540745.5,,,
"2022-10-06 00:00:00",299537920.5,,,
"2022-10-07 00:00:00",299540020.5,,,
"2022-10-08 00:00:00",299540020.5,,,
"2022-10-09 00:00:00",299540020.5,,,
"2022-10-10 00:00:00",299540020.5,,,
"2022-10-11 00:00:00",289540020.5,,,
"2022-10-12 00:00:00",289540020.5,,,
"2022-10-13 00:00:00",289545020.5,,,
"2022-10-14 00:00:00",287745020.5,,,
"2022-10-15 00:00:00",287745020.5,,,
"2022-10-16 00:00:00",287745020.5,,,
"2022-10-17 00:00:00",287745020.5,,,
"2022-10-18 00:00:00",269745020.5,,,
"2022-10-19 00:00:00",269745020.5,,,
"2022-10-20 00:00:00",269745020.5,,,
"2022-10-21 00:00:00",269745020.5,,,
"2022-10-22 00:00:00",269745020.5,,,
"2022-10-23 00:00:00",269745020.5,,,
"2022-10-24 00:00:00",250682984,,,
"2022-10-25 00:00:00",254683354,,,
"2022-10-26 00:00:00",254683354,,,
"2022-10-27 00:00:00",257683354,,,
"2022-10-28 00:00:00",262683354,,,
"2022-10-29 00:00:00",262683354,,,
"2022-10-30 00:00:00",262683354,,,
"2022-10-31 00:00:00",262683354,,,
"2022-11-01 00:00:00",262683354,,,
"2022-11-02 00:00:00",262683354,,,
"2022-11-03 00:00:00",262683354,,,
"2022-11-04 00:00:00",265183354,,,
"2022-11-05 00:00:00",265181754,,,
"2022-11-06 00:00:00",265181754,,,
"2022-11-07 00:00:00",255182354,,,
"2022-11-08 00:00:00",225182354,,,
"2022-11-09 00:00:00",205432354,,,
"2022-11-10 00:00:00",187232354,,,
"2022-11-11 00:00:00",187232354,,,
"2022-11-12 00:00:00",148732354,,,
"2022-11-13 00:00:00",148732354,,,
"2022-11-14 00:00:00",148720354,,,
"2022-11-15 00:00:00",141720354,,,
"2022-11-16 00:00:00",141720354,,,
"2022-11-17 00:00:00",141720354,,,
"2022-11-18 00:00:00",141720354,,,
"2022-11-19 00:00:00",141718354,,,
"2022-11-20 00:00:00",141718354,,,
"2022-11-21 00:00:00",141715604,,,
"2022-11-22 00:00:00",121715604,,,
"2022-11-23 00:00:00",121720604,,,
"2022-11-24 00:00:00",121720604,,,
"2022-11-25 00:00:00",121725104,,,
"2022-11-26 00:00:00",121725104,,,
"2022-11-27 00:00:00",121725104,,,
"2022-11-28 00:00:00",121723604,,,
"2022-11-29 00:00:00",121723604,,,
"2022-11-30 00:00:00",121723604,,,
"2022-12-01 00:00:00",121723604,,,
"2022-12-02 00:00:00",121723604,,,
"2022-12-03 00:00:00",121723604,,,
"2022-12-04 00:00:00",121723604,,,
"2022-12-05 00:00:00",121723604,,,
"2022-12-06 00:00:00",111723604,,,
"2022-12-07 00:00:00",105723604,,,
"2022-12-08 00:00:00",105723604,,,
"2022-12-09 00:00:00",97023604,,,
"2022-12-10 00:00:00",97023604,,,
"2022-12-11 00:00:00",416514,,,
"2022-12-12 00:00:00",31791819,,,
"2022-12-13 00:00:00",32165209,,,
"2022-12-14 00:00:00",32170529,,,
"2022-12-15 00:00:00",26438331,,,
"2022-12-16 00:00:00",26065130,,,
"2022-12-17 00:00:00",25657240,,,
"2022-12-18 00:00:00",19971201,,,
"2022-12-19 00:00:00",19636223,,,
"2022-12-20 00:00:00",19505718,,,
"2022-12-21 00:00:00",17218366,,,
"2022-12-22 00:00:00",17182784,,,
"2022-12-23 00:00:00",22097267,,,
"2022-12-24 00:00:00",21883386,,,
"2022-12-25 00:00:00",21884681,,,
"2022-12-26 00:00:00",21527183,,,
"2022-12-27 00:00:00",20912761,,,
"2022-12-28 00:00:00",20192924,,,
"2022-12-29 00:00:00",19950378,,,
"2022-12-30 00:00:00",19958087,,,
"2022-12-31 00:00:00",19950009,,,
"2023-01-01 00:00:00",19946513,,,
"2023-01-02 00:00:00",19944721,,,
"2023-01-03 00:00:00",18223960,,,
"2023-01-04 00:00:00",18225588,,,
"2023-01-05 00:00:00",17130050,,,
"2023-01-06 00:00:00",17109644,,,
"2023-01-07 00:00:00",17111324,,,
"2023-01-08 00:00:00",17113005,,,
"2023-01-09 00:00:00",17114685,,,
"2023-01-10 00:00:00",17104140,,,
"2023-01-11 00:00:00",15095036,,,
"2023-01-12 00:00:00",15096611,,,
"2023-01-13 00:00:00",15098292,,,
"2023-01-14 00:00:00",15099973,,,
"2023-01-15 00:00:00",15083972,,,
"2023-01-16 00:00:00",15085653,,,
"2023-01-17 00:00:00",15086087,,,
"2023-01-18 00:00:00",15087768,,,
"2023-01-19 00:00:00",15089449,,,
"2023-01-20 00:00:00",15090788,,,
"2023-01-21 00:00:00",15050252,,,
"2023-01-22 00:00:00",19049813,,,
"2023-01-23 00:00:00",19050372,,,
"2023-01-24 00:00:00",18923746,,,
"2023-01-25 00:00:00",18909979,,,
"2023-01-26 00:00:00",19551398,,,
"2023-01-27 00:00:00",19510336,,,
"2023-01-28 00:00:00",19511473,,,
"2023-01-29 00:00:00",19304291,,,
"2023-01-30 00:00:00",19283109,,,
"2023-01-31 00:00:00",19284246,,,
"2023-02-01 00:00:00",21573802,,,
"2023-02-02 00:00:00",21574380,,,
"2023-02-03 00:00:00",21574959,,,
"2023-02-04 00:00:00",21570237,,,
"2023-02-05 00:00:00",24561985,,,
"2023-02-06 00:00:00",24516945,,,
"2023-02-07 00:00:00",24518327,,,
"2023-02-08 00:00:00",24519709,,,
"2023-02-09 00:00:00",24521091,,,
"2023-02-10 00:00:00",19958153,,,
"2023-02-11 00:00:00",19959312,,,
"2023-02-12 00:00:00",19961833,,,
"2023-02-13 00:00:00",19964354,,,
"2023-02-14 00:00:00",19921599,,,
"2023-02-15 00:00:00",27081589,,,
"2023-02-16 00:00:00",27084681,,,
"2023-02-17 00:00:00",27087819,,,
"2023-02-18 00:00:00",27057768,,,
"2023-02-19 00:00:00",27060906,,,
"2023-02-20 00:00:00",26951831,,,
"2023-02-21 00:00:00",26949468,,,
"2023-02-22 00:00:00",26952606,,,
"2023-02-23 00:00:00",26955743,,,
"2023-02-24 00:00:00",14715926,,,
"2023-02-25 00:00:00",12662254,,,
"2023-02-26 00:00:00",12665393,,,
"2023-02-27 00:00:00",12668532,,,
"2023-02-28 00:00:00",13059679,,,
"2023-03-01 00:00:00",12984257,,,
"2023-03-02 00:00:00",12987394,,,
"2023-03-03 00:00:00",12989281,,,
"2023-03-04 00:00:00",12992420,,,
"2023-03-05 00:00:00",12995558,,,
"2023-03-06 00:00:00",10277635,,,
"2023-03-07 00:00:00",10279490,,,
"2023-03-08 00:00:00",13281268,,,
"2023-03-09 00:00:00",13285211,,,
"2023-03-10 00:00:00",17790961,,,
"2023-03-11 00:00:00",13793978,,,
"2023-03-12 00:00:00",13797818,,,
"2023-03-13 00:00:00",13801655,,,
"2023-03-14 00:00:00",13684887,,,
"2023-03-15 00:00:00",13688725,,,
"2023-03-16 00:00:00",13674574,,,
"2023-03-17 00:00:00",13901615,,,
"2023-03-18 00:00:00",13905430,,,
"2023-03-19 00:00:00",13909245,,,
"2023-03-20 00:00:00",13913060,,,
"2023-03-21 00:00:00",14102100,,,
"2023-03-22 00:00:00",14206043,,,
"2023-03-23 00:00:00",14188088,,,
"2023-03-24 00:00:00",14281029,,,
"2023-03-25 00:00:00",14284992,,,
"2023-03-26 00:00:00",14288954,,,
"2023-03-27 00:00:00",14292917,,,
"2023-03-28 00:00:00",14191461,,,
"2023-03-29 00:00:00",14195425,,,
"2023-03-30 00:00:00",14199686,,,
"2023-03-31 00:00:00",14204680,,,
"2023-04-01 00:00:00",14209673,,,
"2023-04-02 00:00:00",14188741,,,
"2023-04-03 00:00:00",14193735,,,
"2023-04-04 00:00:00",14198737,,,
"2023-04-05 00:00:00",14147699,,,
"2023-04-06 00:00:00",14152455,,,
"2023-04-07 00:00:00",14146763,,,
"2023-04-08 00:00:00",14151781,,,
"2023-04-09 00:00:00",14156800,,,
"2023-04-10 00:00:00",16161772,,,
"2023-04-11 00:00:00",16151131,,,
"2023-04-12 00:00:00",13756111,,,
"2023-04-13 00:00:00",13761405,,,
"2023-04-14 00:00:00",13758264,,,
"2023-04-15 00:00:00",13763533,,,
"2023-04-16 00:00:00",13701634,,,
"2023-04-17 00:00:00",13658833,,,
"2023-04-18 00:00:00",13664101,,,
"2023-04-19 00:00:00",13669370,,,
"2023-04-20 00:00:00",13674639,,,
"2023-04-21 00:00:00",13979940,,,
"2023-04-22 00:00:00",13985292,,,
"2023-04-23 00:00:00",13990643,,,
"2023-04-24 00:00:00",13995994,,,
"2023-04-25 00:00:00",14001345,,,
"2023-04-26 00:00:00",13988105,,,
"2023-04-27 00:00:00",13993344,,,
"2023-04-28 00:00:00",13998593,,,
"2023-04-29 00:00:00",14003840,,,
"2023-04-30 00:00:00",14009088,,,
"2023-05-01 00:00:00",14014335,,,
"2023-05-02 00:00:00",14019582,,,
"2023-05-03 00:00:00",14024829,,,
"2023-05-04 00:00:00",14530801,,,
"2023-05-05 00:00:00",14535288,,,
"2023-05-06 00:00:00",14540493,,,
"2023-05-07 00:00:00",14545698,,,
"2023-05-08 00:00:00",14550904,,,
"2023-05-09 00:00:00",14555952,,,
"2023-05-10 00:00:00",16562220,,,
"2023-05-11 00:00:00",16567081,,,
"2023-05-12 00:00:00",16572109,,,
"2023-05-13 00:00:00",16577134,,,
"2023-05-14 00:00:00",16582161,,,
"2023-05-15 00:00:00",16587187,,,
"2023-05-16 00:00:00",16590043,,,
"2023-05-17 00:00:00",16595118,,,
"2023-05-18 00:00:00",16600191,,,
"2023-05-19 00:00:00",16605264,,,
"2023-05-20 00:00:00",16609574,,,
"2023-05-21 00:00:00",15632179,,,
"2023-05-22 00:00:00",15637253,,,
"2023-05-23 00:00:00",17410145,,,
"2023-05-24 00:00:00",17415378,,,
"2023-05-25 00:00:00",19420877,,,
"2023-05-26 00:00:00",19426559,,,
"2023-05-27 00:00:00",19422041,,,
"2023-05-28 00:00:00",19427720,,,
"2023-05-29 00:00:00",22943133,,,
"2023-05-30 00:00:00",22947886,,,
"2023-05-31 00:00:00",22952640,,,
"2023-06-01 00:00:00",26256097,,,
"2023-06-02 00:00:00",26261155,,,
"2023-06-03 00:00:00",26264764,,,
"2023-06-04 00:00:00",26254603,,,
"2023-06-05 00:00:00",29301907,,,
"2023-06-06 00:00:00",29307415,,,
"2023-06-07 00:00:00",30065073,,,
"2023-06-08 00:00:00",29509468,,,
"2023-06-09 00:00:00",27963795,,,
"2023-06-10 00:00:00",30369661,,,
"2023-06-11 00:00:00",30374578,,,
"2023-06-12 00:00:00",28638887,,,
"2023-06-13 00:00:00",28643910,,,
"2023-06-14 00:00:00",28615168,,,
"2023-06-15 00:00:00",29120197,,,
"2023-06-16 00:00:00",29625779,,,
"2023-06-17 00:00:00",29630933,,,
"2023-06-18 00:00:00",29636085,,,
"2023-06-19 00:00:00",29791214,,,
"2023-06-20 00:00:00",30346390,,,
"2023-06-21 00:00:00",30351593,,,
"2023-06-22 00:00:00",30056747,,,
"2023-06-23 00:00:00",29873913,,,
"2023-06-24 00:00:00",29879022,,,
"2023-06-25 00:00:00",29884133,,,
"2023-06-26 00:00:00",29149058,,,
"2023-06-27 00:00:00",33482005,,,
"2023-06-28 00:00:00",34473374,,,
"2023-06-29 00:00:00",34479036,,,
"2023-06-30 00:00:00",34484717,,,
"2023-07-01 00:00:00",34490424,,,
"2023-07-02 00:00:00",33987293,,,
"2023-07-03 00:00:00",33982461,,,
"2023-07-04 00:00:00",34194725,,,
"2023-07-05 00:00:00",33349071,,,
"2023-07-06 00:00:00",32985786,,,
"2023-07-07 00:00:00",31868839,,,
"2023-07-08 00:00:00",31874321,,,
"2023-07-09 00:00:00",36879805,,,
"2023-07-10 00:00:00",35437538,,,
"2023-07-11 00:00:00",36487717,,,
"2023-07-12 00:00:00",36493939,,,
"2023-07-13 00:00:00",36500227,,,
"2023-07-14 00:00:00",36507131,,,
"2023-07-15 00:00:00",36513402,,,
"2023-07-16 00:00:00",36315133,,,
"2023-07-17 00:00:00",36320868,,,
"2023-07-18 00:00:00",36587293,,,
"2023-07-19 00:00:00",36593804,,,
"2023-07-20 00:00:00",36507832,,,
"2023-07-21 00:00:00",36514133,,,
"2023-07-22 00:00:00",36520438,,,
"2023-07-23 00:00:00",36526743,,,
"2023-07-24 00:00:00",36533046,,,
"2023-07-25 00:00:00",36539350,,,
"2023-07-26 00:00:00",36545655,,,
"2023-07-27 00:00:00",36054534,,,
"2023-07-28 00:00:00",36060827,,,
"2023-07-29 00:00:00",35815956,,,
"2023-07-30 00:00:00",35822228,,,
"2023-07-31 00:00:00",35829032,,,
"2023-08-01 00:00:00",36275078,,,
"2023-08-02 00:00:00",36634586,,,
"2023-08-03 00:00:00",35841379,,,
"2023-08-04 00:00:00",35848945,,,
"2023-08-05 00:00:00",35856622,,,
"2023-08-06 00:00:00",35984221,,,
"2023-08-07 00:00:00",37742979,,,
"2023-08-08 00:00:00",37750171,,,
"2023-08-09 00:00:00",44191081,,,
"2023-08-10 00:00:00",45194203,,,
"2023-08-11 00:00:00",35768674,,,
"2023-08-12 00:00:00",35775779,,,
"2023-08-13 00:00:00",35782407,,,
"2023-08-14 00:00:00",36036725,,,
"2023-08-15 00:00:00",36124813,,,
"2023-08-16 00:00:00",36384515,,,
"2023-08-17 00:00:00",36015311,,,
"2023-08-18 00:00:00",35899068,,,
"2023-08-19 00:00:00",35905167,,,
"2023-08-20 00:00:00",36288749,,,
"2023-08-21 00:00:00",36297215,,,
"2023-08-22 00:00:00",37456862,,,
"2023-08-23 00:00:00",37464903,,,
"2023-08-24 00:00:00",44354813,,,
"2023-08-25 00:00:00",44362449,,,
"2023-08-26 00:00:00",44372122,,,
"2023-08-27 00:00:00",44382003,,,
"2023-08-28 00:00:00",44389723,,,
"2023-08-29 00:00:00",44499902,,,
"2023-08-30 00:00:00",44516935,,,
"2023-08-31 00:00:00",44629300,,,
"2023-09-01 00:00:00",44633354,,,
"2023-09-02 00:00:00",44642819,,,
"2023-09-03 00:00:00",45588803,,,
"2023-09-04 00:00:00",46151006,,,
"2023-09-05 00:00:00",46160636,,,
"2023-09-06 00:00:00",46404993,,,
"2023-09-07 00:00:00",46485136,,,
"2023-09-08 00:00:00",46500079,,,
"2023-09-09 00:00:00",46508554,,,
"2023-09-10 00:00:00",46518902,,,
"2023-09-11 00:00:00",46528991,,,
"2023-09-12 00:00:00",68356739,,,
"2023-09-13 00:00:00",69890444,,,
"2023-09-14 00:00:00",71528279,,,
"2023-09-15 00:00:00",71729879,,,
"2023-09-16 00:00:00",71931462,,,
"2023-09-17 00:00:00",71870073,,,
"2023-09-18 00:00:00",71727612,,,
"2023-09-19 00:00:00",71915206,,,
"2023-09-20 00:00:00",71976011,,,
"2023-09-21 00:00:00",71764877,,,
"2023-09-22 00:00:00",71353224,,,
"2023-09-23 00:00:00",71471265,,,
"2023-09-24 00:00:00",71481935,,,
"2023-09-25 00:00:00",72359616,,,
"2023-09-26 00:00:00",72481258,,,
"2023-09-27 00:00:00",72546998,,,
"2023-09-28 00:00:00",71820339,,,
"2023-09-29 00:00:00",72435698,,,
"2023-09-30 00:00:00",72667213,,,
"2023-10-01 00:00:00",72765557,,,
"2023-10-02 00:00:00",73488954,,,
"2023-10-03 00:00:00",72316896,,,
"2023-10-04 00:00:00",74574667,,,
"2023-10-05 00:00:00",74105852,,,
"2023-10-06 00:00:00",74143197,,,
"2023-10-07 00:00:00",74864897,,,
"2023-10-08 00:00:00",74950049,,,
"2023-10-09 00:00:00",74939140,,,
"2023-10-10 00:00:00",74370473,,,
"2023-10-11 00:00:00",74116684,,,
"2023-10-12 00:00:00",74406333,,,
"2023-10-13 00:00:00",75050471,,,
"2023-10-14 00:00:00",77228945,,,
"2023-10-15 00:00:00",77315615,,,
"2023-10-16 00:00:00",81891499,,,
"2023-10-17 00:00:00",82333699,,,
"2023-10-18 00:00:00",82015505,,,
"2023-10-19 00:00:00",81109708,,,
"2023-10-20 00:00:00",89193042,,,
"2023-10-21 00:00:00",89997368,,,
"2023-10-22 00:00:00",90290121,,,
"2023-10-23 00:00:00",91290796,,,
"2023-10-24 00:00:00",92529249,,,
"2023-10-25 00:00:00",93522516,,,
"2023-10-26 00:00:00",91174210,,,
"2023-10-27 00:00:00",110246170,,,
"2023-10-28 00:00:00",109800282,,,
"2023-10-29 00:00:00",109731540,,,
"2023-10-30 00:00:00",110246248,,,
"2023-10-31 00:00:00",110021186,,,
"2023-11-01 00:00:00",110037382,,,
"2023-11-02 00:00:00",111057455,,,
"2023-11-03 00:00:00",109840749,,,
"2023-11-04 00:00:00",110496633,,,
"2023-11-05 00:00:00",111202217,,,
"2023-11-06 00:00:00",111955626,,,
"2023-11-07 00:00:00",112104971,,,
"2023-11-08 00:00:00",114126707,,,
"2023-11-09 00:00:00",113305866,,,
"2023-11-10 00:00:00",117472763,,,
"2023-11-11 00:00:00",116338702,,,
"2023-11-12 00:00:00",115650003,,,
"2023-11-13 00:00:00",117616258,,,
"2023-11-14 00:00:00",117960831,,,
"2023-11-15 00:00:00",116259532,,,
"2023-11-16 00:00:00",115248557,,,
"2023-11-17 00:00:00",112142830,,,
"2023-11-18 00:00:00",112043186,,,
"2023-11-19 00:00:00",112332815,,,
"2023-11-20 00:00:00",112935634,,,
"2023-11-21 00:00:00",145520233,,,
"2023-11-22 00:00:00",146096940,,,
"2023-11-23 00:00:00",148135646,,,
"2023-11-24 00:00:00",148706137,,,
"2023-11-25 00:00:00",149942955,,,
"2023-11-26 00:00:00",150890161,,,
"2023-11-27 00:00:00",147970416,,,
"2023-11-28 00:00:00",132108283,,,
"2023-11-29 00:00:00",130525786,,,
"2023-11-30 00:00:00",127869533,,,
"2023-12-01 00:00:00",129315409,,,
"2023-12-02 00:00:00",131101156,,,
"2023-12-03 00:00:00",133227841,,,
"2023-12-04 00:00:00",133420981,,,
"2023-12-05 00:00:00",126682287,,,
"2023-12-06 00:00:00",123295970,,,
"2023-12-07 00:00:00",121461929,,,
"2023-12-08 00:00:00",123792891,,,
"2023-12-09 00:00:00",124612461,,,
"2023-12-10 00:00:00",125325275,,,
"2023-12-11 00:00:00",121364411,,,
"2023-12-12 00:00:00",121262723,,,
"2023-12-13 00:00:00",113147788,,,
"2023-12-14 00:00:00",108011880,,,
"2023-12-15 00:00:00",107794818,,,
"2023-12-16 00:00:00",107969287,,,
"2023-12-17 00:00:00",109021003,,,
"2023-12-18 00:00:00",107755970,,,
"2023-12-19 00:00:00",110884844,,,
"2023-12-20 00:00:00",111392038,,,
"2023-12-21 00:00:00",111690687,,,
"2023-12-22 00:00:00",112432073,,,
"2023-12-23 00:00:00",113752650,,,
"2023-12-24 00:00:00",114572975,,,
"2023-12-25 00:00:00",114711585,,,
"2023-12-26 00:00:00",111086352,,,
"2023-12-27 00:00:00",111015121,,,
"2023-12-28 00:00:00",110812009,,,
"2023-12-29 00:00:00",108727858,,,
"2023-12-30 00:00:00",109296308,,,
"2023-12-31 00:00:00",110183908,,,
"2024-01-01 00:00:00",109887844,,,
"2024-01-02 00:00:00",107429756,,,
"2024-01-03 00:00:00",106544535,,,
"2024-01-04 00:00:00",106363950,,,
"2024-01-05 00:00:00",106695841,,,
"2024-01-06 00:00:00",107539636,,,
"2024-01-07 00:00:00",108313653,,,
"2024-01-08 00:00:00",107913865,,,
"2024-01-09 00:00:00",108554794,,,
"2024-01-10 00:00:00",108734566,,,
"2024-01-11 00:00:00",111262368,,,
"2024-01-12 00:00:00",109718461,,,
"2024-01-13 00:00:00",109988654,,,
"2024-01-14 00:00:00",111214240,,,
"2024-01-15 00:00:00",111478613,,,
"2024-01-16 00:00:00",109088803,,,
"2024-01-17 00:00:00",109506688,,,
"2024-01-18 00:00:00",104943847,,,
"2024-01-19 00:00:00",118284953,,,
"2024-01-20 00:00:00",119439001,,,
"2024-01-21 00:00:00",120197623,,,
"2024-01-22 00:00:00",118862914,,,
"2024-01-23 00:00:00",116549079,,,
"2024-01-24 00:00:00",115959699,,,
"2024-01-25 00:00:00",116662778,,,
"2024-01-26 00:00:00",118673501,,,
"2024-01-27 00:00:00",120733552,,,
"2024-01-28 00:00:00",113642985,,,
"2024-01-29 00:00:00",112787265,,,
"2024-01-30 00:00:00",114016378,,,
"2024-01-31 00:00:00",114033974,,,
"2024-02-01 00:00:00",113227451,,,
"2024-02-02 00:00:00",113231936,,,
"2024-02-03 00:00:00",114203295,,,
"2024-02-04 00:00:00",114928233,,,
"2024-02-05 00:00:00",112184482,,,
"2024-02-06 00:00:00",112740382,,,
"2024-02-07 00:00:00",113489742,,,
"2024-02-08 00:00:00",115095436,,,
"2024-02-09 00:00:00",116995945,,,
"2024-02-10 00:00:00",118814962,,,
"2024-02-11 00:00:00",120019557,,,
"2024-02-12 00:00:00",111093635,,,
"2024-02-13 00:00:00",110806835,,,
"2024-02-14 00:00:00",113298531,,,
"2024-02-15 00:00:00",113799539,,,
"2024-02-16 00:00:00",113288079,,,
"2024-02-17 00:00:00",114081867,,,
"2024-02-18 00:00:00",114855102,,,
"2024-02-19 00:00:00",115996408,,,
"2024-02-20 00:00:00",112865600,,,
"2024-02-21 00:00:00",112891081,,,
"2024-02-22 00:00:00",113458429,,,
"2024-02-23 00:00:00",112843889,,,
"2024-02-24 00:00:00",113524478,,,
"2024-02-25 00:00:00",114606814,,,
"2024-02-26 00:00:00",115515849,,,
"2024-02-27 00:00:00",117443788,,,
"2024-02-28 00:00:00",120515033,,,
"2024-02-29 00:00:00",122348617,,,
"2024-03-01 00:00:00",114807328,,,
"2024-03-02 00:00:00",116005629,,,
"2024-03-03 00:00:00",116805042,,,
"2024-03-04 00:00:00",118438166,,,
"2024-03-05 00:00:00",109039949,,,
"2024-03-06 00:00:00",113480403,,,
"2024-03-07 00:00:00",118247646,,,
"2024-03-08 00:00:00",120002212,,,
"2024-03-09 00:00:00",120985419,,,
"2024-03-10 00:00:00",121848987,,,
"2024-03-11 00:00:00",124338910,,,
"2024-03-12 00:00:00",124382657,,,
"2024-03-13 00:00:00",126107553,,,
"2024-03-14 00:00:00",124341668,,,
"2024-03-15 00:00:00",129772212,,,
"2024-03-16 00:00:00",128444921,,,
"2024-03-17 00:00:00",129193003,,,
"2024-03-18 00:00:00",127544059,,,
"2024-03-19 00:00:00",125408742,,,
"2024-03-20 00:00:00",124769561,,,
"2024-03-21 00:00:00",134925181,,,
"2024-03-22 00:00:00",125561500,,,
"2024-03-23 00:00:00",125838121,,,
"2024-03-24 00:00:00",126789773,,,
"2024-03-25 00:00:00",131189073,,,
"2024-03-26 00:00:00",130938622,,,
"2024-03-27 00:00:00",101737154,,,
"2024-03-28 00:00:00",108794649,,,
"2024-03-29 00:00:00",109737705,,,
"2024-03-30 00:00:00",110376682,,,
"2024-03-31 00:00:00",111177975,,,
"2024-04-01 00:00:00",110720347,,,
"2024-04-02 00:00:00",108156314,,,
"2024-04-03 00:00:00",101765315,,,
"2024-04-04 00:00:00",102350857,,,
"2024-04-05 00:00:00",103042351,,,
"2024-04-06 00:00:00",102127290,,,
"2024-04-07 00:00:00",102791944,,,
"2024-04-08 00:00:00",102943442,,,
"2024-04-09 00:00:00",103659520,,,
"2024-04-10 00:00:00",102410702,,,
"2024-04-11 00:00:00",101404476,,,
"2024-04-12 00:00:00",103375677,,,
"2024-04-13 00:00:00",102749920,,,
"2024-04-14 00:00:00",100199163,,,
"2024-04-15 00:00:00",100812594,,,
"2024-04-16 00:00:00",98630307,,,
"2024-04-17 00:00:00",99522569,,,
"2024-04-18 00:00:00",103365295,,,
"2024-04-19 00:00:00",110511287,,,
"2024-04-20 00:00:00",110900161,,,
"2024-04-21 00:00:00",112229206,,,
"2024-04-22 00:00:00",101703822,,,
"2024-04-23 00:00:00",103655503,,,
"2024-04-24 00:00:00",103228816,,,
"2024-04-25 00:00:00",101546257,,,
"2024-04-26 00:00:00",104284918,,,
"2024-04-27 00:00:00",103297521,,,
"2024-04-28 00:00:00",103779954,,,
"2024-04-29 00:00:00",103079359,,,
"2024-04-30 00:00:00",111684518,,,
"2024-05-01 00:00:00",109373103,,,
"2024-05-02 00:00:00",110726037,,,
"2024-05-03 00:00:00",112755620,,,
"2024-05-04 00:00:00",116806710,,,
"2024-05-05 00:00:00",118767263,,,
"2024-05-06 00:00:00",118776763,,,
"2024-05-07 00:00:00",119786730,,,
"2024-05-08 00:00:00",128597322,,,
"2024-05-09 00:00:00",152289309,,,
"2024-05-10 00:00:00",155705207,,,
"2024-05-11 00:00:00",152512980,,,
"2024-05-12 00:00:00",152185554,,,
"2024-05-13 00:00:00",152050762,,,
"2024-05-14 00:00:00",153759273,,,
"2024-05-15 00:00:00",151408396,,,
"2024-05-16 00:00:00",160280926,,,
"2024-05-17 00:00:00",163399295,,,
"2024-05-18 00:00:00",168345786,,,
"2024-05-19 00:00:00",169163354,,,
"2024-05-20 00:00:00",168001774,,,
"2024-05-21 00:00:00",176187441,,,
"2024-05-22 00:00:00",172922601,,,
"2024-05-23 00:00:00",179681442,,,
"2024-05-24 00:00:00",178616190,,,
"2024-05-25 00:00:00",176758473,,,
"2024-05-26 00:00:00",177502787,,,
"2024-05-27 00:00:00",177503773,,,
"2024-05-28 00:00:00",180108902,,,
"2024-05-29 00:00:00",180333499,,,
"2024-05-30 00:00:00",179781978,,,
"2024-05-31 00:00:00",180222057,,,
"2024-06-01 00:00:00",179237416,,,
"2024-06-02 00:00:00",179667522,,,
"2024-06-03 00:00:00",179076679,,,
"2024-06-04 00:00:00",183850333,,,
"2024-06-05 00:00:00",175637035,,,
"2024-06-06 00:00:00",176734813,,,
"2024-06-07 00:00:00",181083707,,,
"2024-06-08 00:00:00",177430791,,,
"2024-06-09 00:00:00",176127958,,,
"2024-06-10 00:00:00",177677790,,,
"2024-06-11 00:00:00",176486654,,,
"2024-06-12 00:00:00",170748740,,,
"2024-06-13 00:00:00",174694545,,,
"2024-06-14 00:00:00",174755063,,,
"2024-06-15 00:00:00",172814101,,,
"2024-06-16 00:00:00",176259414,,,
"2024-06-17 00:00:00",178901499,,,
"2024-06-18 00:00:00",182455721,,,
"2024-06-19 00:00:00",181118385,,,
"2024-06-20 00:00:00",184565478,,,
"2024-06-21 00:00:00",184273003,,,
"2024-06-22 00:00:00",184082060,,,
"2024-06-23 00:00:00",185129557,,,
"2024-06-24 00:00:00",182210859,,,
"2024-06-25 00:00:00",182523878,,,
"2024-06-26 00:00:00",186796431,,,
"2024-06-27 00:00:00",184713249,,,
"2024-06-28 00:00:00",191001292,,,
"2024-06-29 00:00:00",186292210,,,
"2024-06-30 00:00:00",187917576,,,
"2024-07-01 00:00:00",192923045,,,
"2024-07-02 00:00:00",196421078,,,
"2024-07-03 00:00:00",210496424,,,
"2024-07-04 00:00:00",207159896,,,
"2024-07-05 00:00:00",211131173,,,
"2024-07-06 00:00:00",213463804,,,
"2024-07-07 00:00:00",219520701,,,
"2024-07-08 00:00:00",212209571,,,
"2024-07-09 00:00:00",218547851,,,
"2024-07-10 00:00:00",222033129,,,
"2024-07-11 00:00:00",223027878,,,
"2024-07-12 00:00:00",218468470,,,
"2024-07-13 00:00:00",221389739,,,
"2024-07-14 00:00:00",224589139,,,
"2024-07-15 00:00:00",231886410,,,
"2024-07-16 00:00:00",244366225,,,
"2024-07-17 00:00:00",234841564,,,
"2024-07-18 00:00:00",247612197,,,
"2024-07-19 00:00:00",250373123,,,
"2024-07-20 00:00:00",258464495,,,
"2024-07-21 00:00:00",262250055,,,
"2024-07-22 00:00:00",267223566,,,
"2024-07-23 00:00:00",265325313,,,
"2024-07-24 00:00:00",260247993,,,
"2024-07-25 00:00:00",264394803,,,
"2024-07-26 00:00:00",264077814,,,
"2024-07-27 00:00:00",273437708,,,
"2024-07-28 00:00:00",274580275,,,
"2024-07-29 00:00:00",272909187,,,
"2024-07-30 00:00:00",270211483,,,
"2024-07-31 00:00:00",267627000,,,
"2024-08-01 00:00:00",258832013,,,
"2024-08-02 00:00:00",263174635,,,
"2024-08-03 00:00:00",249661337,,,
"2024-08-04 00:00:00",250299491,,,
"2024-08-05 00:00:00",259269799,,,
"2024-08-06 00:00:00",250457102,,,
"2024-08-07 00:00:00",267673693,,,
"2024-08-08 00:00:00",267534824,,,
"2024-08-09 00:00:00",288688708,,,
"2024-08-10 00:00:00",283567837,,,
"2024-08-11 00:00:00",282602829,,,
"2024-08-12 00:00:00",272811660,,,
"2024-08-13 00:00:00",278079849,,,
"2024-08-14 00:00:00",286433609,,,
"2024-08-15 00:00:00",284097142,,,
"2024-08-16 00:00:00",285131326,,,
"2024-08-17 00:00:00",285743077,,,
"2024-08-18 00:00:00",288523246,,,
"2024-08-19 00:00:00",287153211,,,
"2024-08-20 00:00:00",290858868,,,
"2024-08-21 00:00:00",288606640,,,
"2024-08-22 00:00:00",294101175,,,
"2024-08-23 00:00:00",291339959,,,
"2024-08-24 00:00:00",303574563,,,
"2024-08-25 00:00:00",308708892,,,
"2024-08-26 00:00:00",306904554,,,
"2024-08-27 00:00:00",299643749,,,
"2024-08-28 00:00:00",289825917,,,
"2024-08-29 00:00:00",278613016,,,
"2024-08-30 00:00:00",276887558,,,
"2024-08-31 00:00:00",276489362,,,
"2024-09-01 00:00:00",274642728,,,
"2024-09-02 00:00:00",268975165,,,
"2024-09-03 00:00:00",281454076,,,
"2024-09-04 00:00:00",264923302,,,
"2024-09-05 00:00:00",279868075,,,
"2024-09-06 00:00:00",294489663,,,
"2024-09-07 00:00:00",288127801,,,
"2024-09-08 00:00:00",290432353,,,
"2024-09-09 00:00:00",293210647,,,
"2024-09-10 00:00:00",303111346,,,
"2024-09-11 00:00:00",307354488,,,
"2024-09-12 00:00:00",302868798,,,
"2024-09-13 00:00:00",307663206,,,
"2024-09-14 00:00:00",314298448,,,
"2024-09-15 00:00:00",313876303,,,
"2024-09-16 00:00:00",310039541,,,
"2024-09-17 00:00:00",308491906,,,
"2024-09-18 00:00:00",313508130,,,
"2024-09-19 00:00:00",317257057,,,
"2024-09-20 00:00:00",328282663,,,
"2024-09-21 00:00:00",337923911,,,
"2024-09-22 00:00:00",340967198,,,
"2024-09-23 00:00:00",339884311,,,
"2024-09-24 00:00:00",340429908,,,
"2024-09-25 00:00:00",346730583,,,
"2024-09-26 00:00:00",339769057,,,
"2024-09-27 00:00:00",346450062,,,
"2024-09-28 00:00:00",350435535,,,
"2024-09-29 00:00:00",349876812,,,
"2024-09-30 00:00:00",351372254,,,
"2024-10-01 00:00:00",346775955,,,
"2024-10-02 00:00:00",336825464,,,
"2024-10-03 00:00:00",332970254,,,
"2024-10-04 00:00:00",330630048,,,
"2024-10-05 00:00:00",339163386,,,
"2024-10-06 00:00:00",338708383,,,
"2024-10-07 00:00:00",342130197,,,
"2024-10-08 00:00:00",354649450,,,
"2024-10-09 00:00:00",353578919,,,
"2024-10-10 00:00:00",349161825,,,
"2024-10-11 00:00:00",350022323,,,
"2024-10-12 00:00:00",359395172,,,
"2024-10-13 00:00:00",361915131,,,
"2024-10-14 00:00:00",350579397,,,
"2024-10-15 00:00:00",357832065,,,
"2024-10-16 00:00:00",381825370,,,
"2024-10-17 00:00:00",385676439,,,
"2024-10-18 00:00:00",382441921,,,
"2024-10-19 00:00:00",390912310,,,
"2024-10-20 00:00:00",395740506,,,
"2024-10-21 00:00:00",411904388,,,
"2024-10-22 00:00:00",432217542,,,
"2024-10-23 00:00:00",425844182,,,
"2024-10-24 00:00:00",425404536,,,
"2024-10-25 00:00:00",401467495,,,
"2024-10-26 00:00:00",393234496,,,
"2024-10-27 00:00:00",398130782,,,
"2024-10-28 00:00:00",403695818,,,
"2024-10-29 00:00:00",404293613,,,
"2024-10-30 00:00:00",430342116,,,
"2024-10-31 00:00:00",426871439,,,
"2024-11-01 00:00:00",430507978,,,
"2024-11-02 00:00:00",427181336,,,
"2024-11-03 00:00:00",432120416,,,
"2024-11-04 00:00:00",429860369,,,
"2024-11-05 00:00:00",426504212,,,
"2024-11-06 00:00:00",428937498,,,
"2024-11-07 00:00:00",464369195,,,
"2024-11-08 00:00:00",477593745,,,
"2024-11-09 00:00:00",469974069,,,
"2024-11-10 00:00:00",485491682,,,
"2024-11-11 00:00:00",473482547,,,
"2024-11-12 00:00:00",491834634,,,
"2024-11-13 00:00:00",509308961,0,327390789.98799765,0.269207698
"2024-11-14 00:00:00",519746433,0,269164183.4058592,0.2213289818
"2024-11-15 00:00:00",493843112,0,249249103.40344512,0.2049531612
"2024-11-16 00:00:00",499872548,65429036.8940092,279999118.6473131,0.2302383588
"2024-11-17 00:00:00",500545069,64086684.4226853,260535667.40579358,0.2142339046
"2024-11-18 00:00:00",499218607,85219953.2852032,278888500.7448715,0.2293251172
"2024-11-19 00:00:00",499614141,91085457.0466787,264958639.14641827,0.2178708366
"2024-11-20 00:00:00",483610220,86472314.8046353,248327498.4145997,0.2041953416
"2024-11-21 00:00:00",492622424,109793892.905071,307028330.61616963,0.2524640052
"2024-11-22 00:00:00",500559243,100777212.086381,276971642.9583869,0.2277489187
"2024-11-23 00:00:00",501769614,100785469.15434,278970955.3816329,0.2293929182
"2024-11-24 00:00:00",498726444,102985637.367651,284259625.8948206,0.2337416991
"2024-11-25 00:00:00",511059259,95041120.0870177,261968984.2821185,0.2154124959
"2024-11-26 00:00:00",470664365,93323976.9405146,255666775.04026896,0.2102302999
"2024-11-27 00:00:00",479953020,114775344.4376,269858710.21492517,0.221900079
"2024-11-28 00:00:00",488432116,116599488.214975,272386929.1041708,0.223978989
"2024-11-29 00:00:00",493637786,107353226.169086,250927752.28481552,0.2063334847
"2024-11-30 00:00:00",492940224,110458434.593577,255236913.73919648,0.2098768325
"2024-12-01 00:00:00",495213297,107741199.967885,247393545.6003698,0.2034273686
"2024-12-02 00:00:00",482227674,103347742.453375,237216499.02700675,0.1950589619
"2024-12-03 00:00:00",498255204,117189257.617244,267187875.97342095,0.2197038989
"2024-12-04 00:00:00",506966573,127424069.976396,289721258.14582884,0.2382327034
"2024-12-05 00:00:00",528451306,121884171.881644,274628028.0353751,0.2258218053
"2024-12-06 00:00:00",518707933,124257996.475703,280522610.06396085,0.2306688166
"2024-12-07 00:00:00",526116363,122460600.888982,276432094.28532785,0.2273052573
"2024-12-08 00:00:00",524343857,127354679.548297,287119524.9785502,0.2360933439
"2024-12-09 00:00:00",496824993,118747352.949712,268615445.7976826,0.2208777645
"2024-12-10 00:00:00",486347089,116294189.5424,261386140.38807625,0.2149332336
"2024-12-11 00:00:00",483540557,121780538.404197,274251993.49477476,0.2255125987
"2024-12-12 00:00:00",495657753,111152498.295899,250567658.86048386,0.2060373862
"2024-12-13 00:00:00",486844474,103756872.760661,234160577.27279982,0.1925461311
"2024-12-14 00:00:00",488611911,93753806.0797431,210933122.51481575,0.1734466029
"2024-12-15 00:00:00",484733017,93317081.8723201,211218339.23387057,0.1736811316
"2024-12-16 00:00:00",486700958,113845572.976655,256061052.33937824,0.2105545072
"2024-12-17 00:00:00",526760006,106512126.601599,239989228.06257132,0.1973389283
"2024-12-18 00:00:00",519069464,106938134.014115,240924056.00189692,0.1981076209
"2024-12-19 00:00:00",499412011,99628239.4866312,224585770.9702006,0.184672936
"2024-12-20 00:00:00",436597575,98309682.3082798,221990094.116119,0.1825385565
"2024-12-21 00:00:00",465291004,90663220.1576853,204225223.83670008,0.1679308156
"2024-12-22 00:00:00",457770343,87805235.691488,197909559.6073105,0.1627375558
"2024-12-23 00:00:00",452897942,90329282.178749,203298107.11639452,0.1671684638
"2024-12-24 00:00:00",462001604,93265870.0331903,210503572.7855186,0.1730933917
"2024-12-25 00:00:00",470516919,94759162.6002457,213620395.26859215,0.1756563001
"2024-12-26 00:00:00",460663054,91728278.4302192,206778233.47785774,0.1700301106
"2024-12-27 00:00:00",463788315,89311145.8655843,201281494.6764046,0.1655102388
"2024-12-28 00:00:00",456327304,89075371.1199537,200763547.46181187,0.1650843399
"2024-12-29 00:00:00",462053515,88010647.428341,198390634.57645223,0.1631331353
"2024-12-30 00:00:00",457110535,87389877.6716626,197010122.67056966,0.1619979646
"2024-12-31 00:00:00",457581076,84159102.5525433,189661619.28822857,0.1559554193
"2025-01-01 00:00:00",446190284,83684247.486921,188684048.00641957,0.1551515796
"2025-01-02 00:00:00",467880069,84972129.6407016,191426152.28491777,0.1574063638
"2025-01-03 00:00:00",472147360,87491556.508801,197168180.89180434,0.1621279331
"2025-01-04 00:00:00",481685824,85030122.3004871,191595027.9571339,0.1575452273
"2025-01-05 00:00:00",479248250,81399927.0586215,183499503.02931985,0.1508884193
"2025-01-06 00:00:00",486218882,83309112.7766426,187627176.6000583,0.1542825328
"2025-01-07 00:00:00",486492972,99938450.8694169,164743688.32590896,0.1354658422
"2025-01-08 00:00:00",456603723,97038915.2501546,156584739.20539626,0.1287568816
"2025-01-09 00:00:00",450042101,89283170.8102038,147231780.39810023,0.1210661078
"2025-01-10 00:00:00",457319844,92334896.0752047,151172180.6035149,0.1243062297
"2025-01-11 00:00:00",453361470,90149843.5225174,148697454.76945195,0.1222713061
"2025-01-12 00:00:00",451957188,99925557.2346044,164922950.0888071,0.135613246
"2025-01-13 00:00:00",437777718,86593116.9358998,143180805.7775572,0.1177350625
"2025-01-14 00:00:00",459635429,88694110.271646,145273131.7399145,0.1194555454
"2025-01-15 00:00:00",449486687,98037747.5100914,161790770.47372136,0.1330377097
"2025-01-16 00:00:00",470766780,95895841.8013732,158181800.79188716,0.1300701173
"2025-01-17 00:00:00",482425733,102010784.202749,168652195.35364193,0.1386797389
"2025-01-18 00:00:00",488049208,93950396.5430132,154986189.8089525,0.1274424225
"2025-01-19 00:00:00",501561741,88407534.9703624,146142747.5364084,0.1201706152
"2025-01-20 00:00:00",501359805,82933724.4915999,136702933.65787858,0.112408422
"2025-01-21 00:00:00",484163208,83919975.3218135,138717926.94618365,0.1140653156
"2025-01-22 00:00:00",489331540,87190978.1764485,143876423.69590035,0.1183070569
"2025-01-23 00:00:00",481854398,90411270.5221818,149069465.51015767,0.122577204
"2025-01-24 00:00:00",502689443,102299393.854827,168809241.75708947,0.1388088754
"2025-01-25 00:00:00",491754107,107269181.922128,177148182.56001455,0.14566584
"2025-01-26 00:00:00",494858936,108309153.629948,178489489.32373804,0.146768773
"2025-01-27 00:00:00",470582660,100397356.012911,165633858.61700746,0.1361978136
"2025-01-28 00:00:00",495792937,101136409.349754,166871406.99342903,0.1372154279
"2025-01-29 00:00:00",485934532,97670744.5396693,161270777.97649112,0.132610129
"2025-01-30 00:00:00",498294871,99441337.469949,163996654.01110104,0.134851569
"2025-01-31 00:00:00",487876921,94160250.7984449,155394081.77309638,0.1277778249
"2025-02-01 00:00:00",480258933,94462748.459553,155832490.50221583,0.1281383207
"2025-02-02 00:00:00",456966362,84026366.630785,138801074.2889686,0.1141336862
"2025-02-03 00:00:00",460108061,99162014.0674004,163624540.99410212,0.134545587
"2025-02-04 00:00:00",459868928,89226343.6568827,147442006.9472153,0.1212389734
"2025-02-05 00:00:00",470055316,84213362.7243989,138958946.56436232,0.1142635018
"2025-02-06 00:00:00",471003226,81236778.996768,134103046.81483604,0.1102705807
"2025-02-07 00:00:00",465856709,81680080.6420676,134748118.7189142,0.110801012
"2025-02-08 00:00:00",463988816,79734960.7777571,131587353.79198931,0.1082019705
"2025-02-09 00:00:00",463033469,82547936.3417262,136181061.271303,0.1119792955
"2025-02-10 00:00:00",479326189,83483790.9727789,137682802.20387018,0.1132141507
"2025-02-11 00:00:00",481284799,81580553.1891664,134584718.65918198,0.110666651
"2025-02-12 00:00:00",549012442,83597580.8764625,138263107.67571637,0.1136913257
"2025-02-13 00:00:00",546563527,83034014.0951554,137010897.67039856,0.1126616554
"2025-02-14 00:00:00",571565440,96805599.0652139,159747908.29408005,0.1313579
"2025-02-15 00:00:00",563517587,96772159.734711,159679627.86245394,0.1313017542
"2025-02-16 00:00:00",558643892,98477876.4264374,162494158.47163847,0.1336160933
"2025-02-17 00:00:00",518105674,100898070.481771,166486931.43590716,0.1368992804
"2025-02-18 00:00:00",504446882,94175700.3299268,155389776.80460516,0.127774285
"2025-02-19 00:00:00",530585614,97871371.4815541,161479475.85378116,0.1327817376
"2025-02-20 00:00:00",551837425,93736724.5261729,154673503.939555,0.1271853064
"2025-02-21 00:00:00",544782054,100665194.362369,166101155.83846405,0.1365820639
"2025-02-22 00:00:00",556601916,99945474.9573841,164917095.04465306,0.1356084315
"2025-02-23 00:00:00",555669404,104511224.949556,172457520.55995384,0.141808791
"2025-02-24 00:00:00",526406591,94148970.2135201,155288800.1865416,0.1276912537
"2025-02-25 00:00:00",509755513,93741067.253487,154638738.14793703,0.1271567191
"2025-02-26 00:00:00",492654316,92954115.7194635,153404572.3075649,0.1261418862
"2025-02-27 00:00:00",503495791,97929364.9982828,161609891.01849094,0.1328889757
"2025-02-28 00:00:00",560844051,94161108.8136046,154943819.8175035,0.1274075824
"2025-03-01 00:00:00",566114894,91705620.1645893,151459034.8377745,0.1245421049
"2025-03-02 00:00:00",612288662,100435449.614585,165724266.84692958,0.1362721547
"2025-03-03 00:00:00",550769668,87708106.4688792,144670744.19615307,0.1189602127
"2025-03-04 00:00:00",632114623,95698845.8789113,157952535.8938829,0.1298815968
"2025-03-05 00:00:00",644257461,100532974.807513,165842752.65560648,0.1363695835
"2025-03-06 00:00:00",642045048,103860021.876787,171528811.32114798,0.1410451297
"2025-03-07 00:00:00",653237906,101359248.875794,167248041.08471334,0.1375251275
"2025-03-08 00:00:00",653523960,126591338.540682,208174847.02879247,0.1711785214
"2025-03-09 00:00:00",625802951,101965059.388105,168246823.44817418,0.1383464087
"2025-03-10 00:00:00",607399606,98078574.2466205,161815090.70603976,0.1330577078
"2025-03-11 00:00:00",626265983,97943107.8165444,161609124.37193683,0.1328883453
"2025-03-12 00:00:00",622496679,110082393.201702,181570768.90994605,0.1493024551
"2025-03-13 00:00:00",633361107,103779436.818947,171249463.388484,0.1408154268
"2025-03-14 00:00:00",651376696,117053481.604866,193443497.0766762,0.159065191
"2025-03-15 00:00:00",651538357,118254519.041665,195120878.75355837,0.1604444725
"2025-03-16 00:00:00",639432876,107347162.903294,177214557.8068506,0.1457204192
"2025-03-17 00:00:00",647197959,109690284.469648,180928766.267564,0.1487745476
"2025-03-18 00:00:00",608348342,102104303.350881,168492552.64034617,0.1385484675
"2025-03-19 00:00:00",627745409,101976855.419845,168205248.56065452,0.1383122224
"2025-03-20 00:00:00",621780263,96394755.1712146,158992832.58173138,0.1307370145
"2025-03-21 00:00:00",668663134,93013950.1873047,153452092.7190984,0.1261809614
"2025-03-22 00:00:00",672424590,101326769.076181,167011656.61354655,0.1373307527
"2025-03-23 00:00:00",674223803,98099818.7736441,161901005.5893754,0.1331283541
"2025-03-24 00:00:00",714290133,121741396.629695,165949166.45653608,0.1364570857
"2025-03-25 00:00:00",746123284,126850405.684434,172723887.55144012,0.1420278199
"2025-03-26 00:00:00",756325118,124187184.045919,168754873.45519832,0.1387641693
"2025-03-27 00:00:00",759735091,123250567.073444,167636927.29217556,0.1378449018
"2025-03-28 00:00:00",765220672,110887679.656044,150881621.92434978,0.1240673084
"2025-03-29 00:00:00",754594261,103585719.559744,141003487.2426933,0.1159446917
"2025-03-30 00:00:00",758130168,107644591.943155,146292759.25236833,0.1202939672
"2025-03-31 00:00:00",759195021,104664127.136343,142401704.3788854,0.1170944211
"2025-04-01 00:00:00",764966167,108559105.047741,147609474.58741942,0.1213766791
"2025-04-02 00:00:00",766062061,105043237.251291,143496711.34357905,0.1179948261
"2025-04-03 00:00:00",748278064,101184940.293757,137695010.78269622,0.1132241896
"2025-04-04 00:00:00",755296512,101585205.811246,138195306.51979932,0.113635574
"2025-04-05 00:00:00",756923611,98645577.8914095,134340117.66816518,0.1104655199
"2025-04-06 00:00:00",712557416,84273827.0278374,114848044.84989491,0.09443753068
"2025-04-07 00:00:00",740845904,86512649.9995399,117898165.3370903,0.0969455912
"2025-04-08 00:00:00",739121324,86556638.5560844,112496657.30560337,0.09250402599
"2025-04-09 00:00:00",818463200,102798523.963292,133455727.26456295,0.1097383012
"2025-04-10 00:00:00",805428465,99354271.9955755,129016659.95952177,0.1060881341
"2025-04-11 00:00:00",854086034,103059013.054235,133997015.12105635,0.1101833927
"2025-04-12 00:00:00",873722101,107516401.713817,139630623.9252827,0.1148158103
"2025-04-13 00:00:00",863050557,101948474.80563,132641556.16409889,0.1090688226
"2025-04-14 00:00:00",880979857,102438324.873948,133302674.0146059,0.1096124482
"2025-04-15 00:00:00",982421290,101311191.653878,131444187.0476819,0.108084247
"2025-04-16 00:00:00",990323535,124628301.838597,161966790.6497065,0.133182448
"2025-04-17 00:00:00",995660026,126923883.365761,164894599.48950756,0.1355899338
"2025-04-18 00:00:00",1005510703,146668670.496758,190557356.64457247,0.1566919684
"2025-04-19 00:00:00",1013617822,158387124.619679,205666939.04388362,0.1691163127
"2025-04-20 00:00:00",1008525503,141471040.217222,183805824.41890106,0.151140302
"2025-04-21 00:00:00",1029918790,134912563.587963,175341252.20901555,0.1441800329
"2025-04-22 00:00:00",1083123225,164226542.899651,213282103.72048083,0.1753781289
"2025-04-23 00:00:00",1105829298,166323698.296216,216039478.17790017,0.1776454695
"2025-04-24 00:00:00",1157117154,156182456.629926,202899769.6551889,0.1668409179
"2025-04-25 00:00:00",1175141890,151345712.083708,196617222.87868088,0.16167489
"2025-04-26 00:00:00",1164355305,149432791.60384,194095204.17047387,0.1596010783
"2025-04-27 00:00:00",1171305138,140483019.996446,182384539.5397403,0.1499716044
"2025-04-28 00:00:00",1182219383,136955178.74834,177921638.45323992,0.1463018392
"2025-04-29 00:00:00",1186415705,130028502.48743,168985596.97610393,0.1389538892
"2025-04-30 00:00:00",1168308868,147144660.340927,191155063.31494126,0.1571834521
"2025-05-01 00:00:00",1195696994,174719925.067955,199472750.35015163,0.1640229401
"2025-05-02 00:00:00",1204923759,186331938.012849,212775483.75737,0.1749615442
"2025-05-03 00:00:00",1200763224,187928296.583344,214566459.493089,0.1764342321
"2025-05-04 00:00:00",1195708339,185005864.837887,211309649.2220729,0.1737562142
"2025-05-05 00:00:00",1205090219,190929658.672328,217947931.4312777,0.1792147571
"2025-05-06 00:00:00",1215998297,232321170.719155,262242471.0899927,0.2156373793
"2025-05-07 00:00:00",1309479132,239945365.438811,272098418.0182848,0.2237417514
"2025-05-08 00:00:00",1412737831,241623643.470486,273460291.07304627,0.2248615957
"2025-05-09 00:00:00",1444876755,260397455.080206,294752911.1314313,0.2423701433
"2025-05-10 00:00:00",1476827641,307979153.786146,349186497.7681922,0.2871299258
"2025-05-11 00:00:00",1473817893,294064625.279967,332941156.10507065,0.2737716666
"2025-05-12 00:00:00",1477878728,264948867.131457,300327367.87601715,0.2469539212
"2025-05-13 00:00:00",1520593708,289875019.043883,328534937.73203677,0.2701485106
"2025-05-14 00:00:00",1571685812,338723206.241085,383599697.0340886,0.3154272953
"2025-05-15 00:00:00",1551961790,347310711.230505,394036209.3205984,0.3240090561
"2025-05-16 00:00:00",1550116592,361589237.725221,409760832.8234205,0.3369391379
"2025-05-17 00:00:00",1537785757,374676748.752538,424325316.1453692,0.3489152568
"2025-05-18 00:00:00",1557452824,393691842.796743,445739305.6931244,0.3665236044
"2025-05-19 00:00:00",1567912582,358259632.123454,405722826.4963329,0.3336187562
"2025-05-20 00:00:00",1645813220,388285464.128883,439725780.1056032,0.3615787879
"2025-05-21 00:00:00",1681017526,366868475.568937,415151720.28275,0.34137197
"2025-05-22 00:00:00",1751271812,413868084.741361,468648328.25932395,0.3853612914
"2025-05-23 00:00:00",1783488306,414117528.785083,469185280.8657602,0.3858028181
"2025-05-24 00:00:00",1785266818,458758854.826116,519599427.78860193,0.4272574859
"2025-05-25 00:00:00",1799054939,474433527.640239,537139551.2039841,0.4416804214
"2025-05-26 00:00:00",1820380819,450739232.051048,510265875.2086574,0.4195826695
"2025-05-27 00:00:00",1859882080,454574515.894925,514809997.0493148,0.4233192211
"2025-05-28 00:00:00",1868952472,448925444.403496,507692102.75031465,0.4174663016
"2025-05-29 00:00:00",1929738393,415399666.934677,470158946.1903953,0.386603446
"2025-05-30 00:00:00",1883020911,380130374.886986,430501604.42038435,0.3539939102
"2025-05-31 00:00:00",1891506289,367835073.301659,416540776.45474887,0.3425141665
"2025-06-01 00:00:00",1925137468,383091573.988907,434020088.1617717,0.3568870976
"2025-06-02 00:00:00",1939317319,443201286.105316,501927003.603367,0.4127257618
"2025-06-03 00:00:00",1944521174,449071439.6488,507971616.6843344,0.417696141
"2025-06-04 00:00:00",1952686980,439872830.852091,498159449.3604685,0.4096277681
"2025-06-05 00:00:00",1928473889,386291944.108824,437263332.65606457,0.3595539606
"2025-06-06 00:00:00",2017692269,435529951.252281,493246662.46650213,0.4055880697
"2025-06-07 00:00:00",2042306989,449662854.205717,509377487.0302815,0.4188521635
"2025-06-08 00:00:00",2045927732,434076554.415993,491770454.0017945,0.4043742094
"2025-06-09 00:00:00",2112186272,472405461.063725,533655871.5622199,0.4388158528
"2025-06-10 00:00:00",2227402008,523452772.586384,592815085.0706736,0.4874614353
"2025-06-11 00:00:00",2217533257,532317930.45824,603162716.3397337,0.4959701108
"2025-06-12 00:00:00",2177063885,521118507.002496,589068737.2881438,0.4843808793
"2025-06-13 00:00:00",2225001327,527907110.807442,597860750.0300498,0.491610397
"2025-06-14 00:00:00",2214328271,502522400.26484,568726055.9137363,0.4676534496
"2025-06-15 00:00:00",2222055021,531688247.055902,603042142.8055819,0.4958709653
"2025-06-16 00:00:00",2351734748,562821323.984139,637309352.5744476,0.5240482902
"2025-06-17 00:00:00",2324544978,546499054.317346,618507138.3638957,0.5085875596
"2025-06-18 00:00:00",2344851417,549322614.111146,622109661.4773309,0.5115498511
"2025-06-19 00:00:00",2348409987,513212518.184752,582435564.6371512,0.4789265379
"2025-06-20 00:00:00",2324955369,483296559.022914,547409028.0618782,0.4501248319
"2025-06-21 00:00:00",2295815235,454443989.977371,515835847.6059977,0.42416276
"2025-06-22 00:00:00",2288247214,466887842.185619,528844636.8792963,0.434859659
"2025-06-23 00:00:00",2468907582,529754221.750051,602824664.7335088,0.4956921369
"2025-06-24 00:00:00",2471493070,605754694.994034,686694361.8705382,0.5646567162
"2025-06-25 00:00:00",2492571917,613354314.491126,694506828.7049851,0.5710807705
"2025-06-26 00:00:00",2493302180,636660046.899812,721054538.6008455,0.5929104862
"2025-06-27 00:00:00",2556479781,634167229.326108,718194828.381662,0.5905589967
"2025-06-28 00:00:00",2569848114,669674863.867266,759467086.5521126,0.6244964499
"2025-06-29 00:00:00",2586685927,650656572.867014,736425948.3106122,0.6055501265
"2025-06-30 00:00:00",2590545562,580659832.371941,657889613.2649448,0.5409710772
"2025-07-01 00:00:00",2561559375,541088132.660593,612301646.619612,0.5034848927
"2025-07-02 00:00:00",2693539554,579963226.594653,656155865.3108801,0.5395454467
"2025-07-03 00:00:00",2737242366,549613907.226988,622805118.3804398,0.5121217131
"2025-07-04 00:00:00",2721644188,577357744.528624,654199216.9386274,0.5379365291
"2025-07-05 00:00:00",2723563606,596519983.794011,674768989.1405365,0.5548506916
"2025-07-06 00:00:00",2748637075,600395303.544684,679538256.7349353,0.5587723766
"2025-07-07 00:00:00",2733208514,554640364.422727,627758238.4961077,0.5161945768
"2025-07-08 00:00:00",2755765869,547021139.782804,619033433.3184576,0.5090203227
"2025-07-09 00:00:00",2800700921,565372665.73485,639552061.2931577,0.5258924302
"2025-07-10 00:00:00",2904887691,528140064.054147,598715910.0879736,0.4923135801
"2025-07-11 00:00:00",2987541880,573620754.349554,649881228.1037298,0.5343859227
"2025-07-12 00:00:00",2975549112,533519374.037892,604846735.1521388,0.4973548499
"2025-07-13 00:00:00",2985998904,527323985.509216,597723149.3780861,0.4914972504
"2025-07-14 00:00:00",2933990918,471884048.82762,534119837.44658,0.4391973638
"2025-07-15 00:00:00",2952034645,491031849.241789,556113514.4303648,0.4572823782
"2025-07-16 00:00:00",2996069817,516722581.429685,585312479.4070976,0.4812921744
"2025-07-17 00:00:00",3129336696,469821273.543201,532073451.5385273,0.4375146566
"2025-07-18 00:00:00",3191609148,454875322.63207,515151035.34220266,0.4235996509
"2025-07-19 00:00:00",3198276513,452994802.826034,512406726.5900232,0.421343054
"2025-07-20 00:00:00",3215487457,448148650.224251,507397564.2950578,0.4172241078
"2025-07-21 00:00:00",3229430790,450618663.961742,510327568.9740372,0.4196333992
"2025-07-22 00:00:00",3231596152,474015961.226155,536500410.47361946,0.4411548672
"2025-07-23 00:00:00",3164720890,476737435.881021,539830826.5970427,0.4438934099
"2025-07-24 00:00:00",3175925752,523598184.488892,591427614.6068629,0.4863205427
"2025-07-25 00:00:00",3168347575,690882965.540913,697936920.068811,0.5739012744
"2025-07-26 00:00:00",3183785259,667214778.406882,675073067.7484314,0.5551007301
"2025-07-27 00:00:00",3166252558,673310856.396127,683868356.7368742,0.5623329418
"2025-07-28 00:00:00",3128752950,593214606.118586,602508741.0471923,0.4954323584
"2025-07-29 00:00:00",3177778975,567251774.375067,576179079.5870376,0.4737819401
"2025-07-30 00:00:00",3033407000,540126403.274781,548649902.5460496,0.4511451812
"2025-07-31 00:00:00",3005133735,494449584.091389,503408148.81461924,0.4139436815
"2025-08-01 00:00:00",2893618448,510397233.852917,519085217.12467146,0.4268346595
"2025-08-02 00:00:00",2873847538,483399236.67214,492039332.6606795,0.4045953036
"2025-08-03 00:00:00",2904889684,499146055.581771,508207833.208342,0.4178903777
"2025-08-04 00:00:00",2987169839,526242810.519949,536289817.8702329,0.4409817006
"2025-08-05 00:00:00",3054913492,552297587.192566,563875228.5089316,0.4636646994
"2025-08-06 00:00:00",3068297521,566883390.212267,578065577.2457232,0.475333174
"2025-08-07 00:00:00",3149051897,597171202.073629,608317857.1865855,0.5002090926
"2025-08-08 00:00:00",3151102067,556888808.658897,605218966.8631474,0.4976609295
"2025-08-09 00:00:00",3186454735,567142676.508676,616651262.5435711,0.5070615055
"2025-08-10 00:00:00",3212899446,568920956.513087,619050863.7040318,0.5090346554
"2025-08-11 00:00:00",3154227795,553330030.593084,601868863.7086142,0.4949061985
"2025-08-12 00:00:00",3241643591,526508165.524918,571134223.1089894,0.4696336432
"2025-08-13 00:00:00",3340807807,525619842.628841,574049594.7380605,0.4720309021
"2025-08-14 00:00:00",3225915395,485199746.61516,525763681.51258594,0.4323262435
"2025-08-15 00:00:00",3286653793,472289224.546136,514575537.7074233,0.4231264293
"2025-08-16 00:00:00",3282145910,486695219.108964,529549831.1908664,0.4354395279
"2025-08-17 00:00:00",3303967914,488779399.777641,531754134.3710172,0.4372520877
"2025-08-18 00:00:00",3264748648,471091252.857554,512628782.4079069,0.4215256466
"2025-08-19 00:00:00",3207728820,450660709.815513,489159255.4736976,0.4022270667
"2025-08-20 00:00:00",3248955459,467385825.033213,508547242.74214053,0.4181694682
"2025-08-21 00:00:00",3203138848,455030664.490822,495179499.4340351,0.4071774076
"2025-08-22 00:00:00",3356561062,488254247.796991,531008378.0842291,0.4366388654
"2025-08-23 00:00:00",3323366733,517771615.45644,563852604.7739847,0.4636460963
"2025-08-24 00:00:00",3298642653,493286612.257352,536732403.38804215,0.4413456309
"2025-08-25 00:00:00",3183127155,442070966.807682,481218647.02424407,0.3956976438
"2025-08-26 00:00:00",3244525892,462926004.369784,503757689.9036877,0.414231103
"2025-08-27 00:00:00",3304189182,497175516.428463,541004178.5400267,0.4448582366
"2025-08-28 00:00:00",3333739681,495120673.566556,538768731.6813554,0.4430200679
"2025-08-29 00:00:00",3305071782,511442158.984001,557450240.7727981,0.4583815448
"2025-08-30 00:00:00",3308261936,527621125.789515,573685865.2151691,0.4717318137
"2025-08-31 00:00:00",3332883060,502676393.094157,546844653.2476072,0.4496607564
"2025-09-01 00:00:00",3295342852,504374569.628391,547023841.799651,0.4498081
"2025-09-02 00:00:00",3345943962,509872119.604972,554846299.1186187,0.4562403693
"2025-09-03 00:00:00",3428741774,552446722.416796,601776806.6535048,0.4948305016
"2025-09-04 00:00:00",3525808187,533308295.808022,580322254.2792425,0.4771887999
"2025-09-05 00:00:00",3528212095,563894535.354721,611191662.1978018,0.502572172
"2025-09-06 00:00:00",3518531674,554138309.93757,602715205.6285878,0.4956021306
"2025-09-07 00:00:00",3543000347,544553477.848412,592470290.5258638,0.4871779168
"2025-09-08 00:00:00",3578534473,545323258.103874,593871941.0322201,0.4883304694
"2025-09-09 00:00:00",3552396302,513914703.422638,558984677.5269647,0.4596432852
"2025-09-10 00:00:00",3593446934,494767852.52686,539316954.0164593,0.4434708615
"2025-09-11 00:00:00",3634300186,519401757.586801,565868235.6777534,0.4653035142
"2025-09-12 00:00:00",3685082308,533167322.99595,580329867.3568017,0.47719506
"2025-09-13 00:00:00",3727190872,525913711.811526,572141886.8490119,0.4704622274
"2025-09-14 00:00:00",3850421637,511777722.309628,557038021.8282617,0.4580425844
"2025-09-15 00:00:00",3851457134,491912954.170348,536092961.1797574,0.4408198288
"2025-09-16 00:00:00",3985491564,489669396.914755,532596425.73629904,0.4379446891
"2025-09-17 00:00:00",4029291662,500328891.518985,544007820.4474937,0.4473280786
"2025-09-18 00:00:00",4083954618,497642619.616417,541536269.4349632,0.4452957656
"2025-09-19 00:00:00",4111029884,475613648.160352,518435137.6954487,0.4263001106
"2025-09-20 00:00:00",4129942304,479024825.359182,521257311.1773075,0.4286207343
"2025-09-21 00:00:00",4130402741,470333202.163269,511675610.5282936,0.4207418701
"2025-09-22 00:00:00",4036617524,454918862.269789,495018229.6642281,0.4070447983
"2025-09-23 00:00:00",4018369561,449760142.013518,489418946.900043,0.4024406064
"2025-09-24 00:00:00",4036968282,457642397.08693,497836535.4969182,0.4093622417
"2025-09-25 00:00:00",4016463350,417986287.424455,455018408.7338844,0.3741536479
"2025-09-26 00:00:00",4071838370,433975395.232918,472282083.82856154,0.3883492648
"2025-09-27 00:00:00",4069356569,424871552.606784,462082336.4177904,0.3799621916
"2025-09-28 00:00:00",4140340128,436443975.936473,475937629.59919876,0.3913551559
"2025-09-29 00:00:00",4169558466,435718206.168236,473807530.48439926,0.3896036128
"2025-09-30 00:00:00",4188499857,422493696.512264,460059105.5706356,0.3782985244
"2025-10-01 00:00:00",4376978824,454234189.722999,494345042.6030662,0.4064912484
"2025-10-02 00:00:00",4452876965,456591544.820178,497017341.79133284,0.4086886331
"2025-10-03 00:00:00",4566348817,474153847.250476,515597388.05707824,0.4239666789
"2025-10-04 00:00:00",4605761649,458965641.755372,499440756.9103802,0.4106813648
"2025-10-05 00:00:00",4631707771,459387052.904297,499631454.6465273,0.4108381722
"2025-10-06 00:00:00",4747685141,468092519.174727,508928950.0294354,0.4184833394
"2025-10-07 00:00:00",4645291513,436497349.044644,474714105.23620987,0.3903490733
"2025-10-08 00:00:00",4683276316,453566952.633648,493517238.96049845,0.40581056
"2025-10-09 00:00:00",4658037991,436857974.173116,475591679.6119857,0.3910706873
"2025-10-10 00:00:00",4473073804,380770115.992563,408997859.2165346,0.3363117581
"2025-10-11 00:00:00",4405406572,373319368.615795,405739026.282846,0.333632077
"2025-10-12 00:00:00",4561072611,416273563.113312,453203838.7937544,0.3726615589
"2025-10-13 00:00:00",4553315937,453491371.085095,493325985.33263206,0.4056532955
"2025-10-14 00:00:00",4369932409,507614412.523022,552308700.3622932,0.4541537464
"2025-10-15 00:00:00",4349342512,482627183.76799,524944937.1659818,0.4316530044
"2025-10-16 00:00:00",4296445140,453000311.284174,492658903.95942944,0.4051047662
"2025-10-17 00:00:00",4304537125,421785419.418339,459133140.40112656,0.3775371195
"2025-10-18 00:00:00",4327385582,412171641.688945,448324554.8649755,0.3686494094
"2025-10-19 00:00:00",4396465918,420038158.228408,457337454.4833506,0.3760605585
"2025-10-20 00:00:00",4453368944,402523153.269779,438005899.52779436,0.3601645603
"2025-10-21 00:00:00",4453832727,397754860.319177,432813419.19944125,0.3558948749
"2025-10-22 00:00:00",4506521790,388917771.469214,422758046.26884824,0.3476265183
"2025-10-23 00:00:00",4751559948,416790717.316859,453588600.26276875,0.3729779415
"2025-10-24 00:00:00",4807493710,420641448.09969,457677650.97302663,0.3763402961
"2025-10-25 00:00:00",4824046436,435075839.047462,473360578.8269032,0.3892360923
"2025-10-26 00:00:00",4904150980,444738364.332958,483933539.9713549,0.3979300526
"2025-10-27 00:00:00",4977129695,430545984.634429,468045007.94604003,0.3848651917
"2025-10-28 00:00:00",5117149838,434418733.691178,472904445.53105253,0.3888610219
"2025-10-29 00:00:00",5132305124,473967089.167518,515740484.5092365,0.4240843446
"2025-10-30 00:00:00",5028407380,462866658.326022,502839658.382854,0.4134762218
"2025-10-31 00:00:00",5016347633,485404501.41283,527991163.7113395,0.434157863
"2025-11-01 00:00:00",5015693319,510086828.803506,555070522.4399183,0.4564247442
"2025-11-02 00:00:00",5004357278,493884351.516492,537530012.9041666,0.4420014912
"2025-11-03 00:00:00",4850286833,454961989.304487,495590447.28247654,0.4075153228
"2025-11-04 00:00:00",4687380514,417449172.592611,454576155.34039927,0.3737899907
"2025-11-05 00:00:00",4754231253,475010836.16287,507483368.6324357,0.4172946632
"2025-11-06 00:00:00",4696965634,452596009.120984,483916861.63880914,0.3979163383
"2025-11-07 00:00:00",4762506105,510193199.11372,545750844.5329925,0.4487613367
"2025-11-08 00:00:00",4725782052,518618993.75687,554205966.7052617,0.4557138352
"2025-11-09 00:00:00",4786106532,533724477.717647,570953413.58107,0.4694849667
"2025-11-10 00:00:00",4849001548,530615419.58708,566715801.1432507,0.4660004524
"2025-11-11 00:00:00",4742978988,496199605.672144,529761565.1295814,0.435613633
"2025-11-12 00:00:00",4910256686,498766247.52402,532714840.03669965,0.4380420591
"2025-11-13 00:00:00",4855871908,510763568.722766,544568898.2194537,0.447789443
"2025-11-14 00:00:00",4754627054,514456070.443931,547667697.2117431,0.450337531
"2025-11-15 00:00:00",4764550974,512082787.074958,545622913.916046,0.4486561416
"2025-11-16 00:00:00",4726884578,502991108.536522,537212072.0277499,0.441740054
"2025-11-17 00:00:00",4486441595,440696504.489004,470977653.5667341,0.3872766547
"2025-11-18 00:00:00",4641492518,443395572.637071,473700758.8988627,0.3895158164
"2025-11-19 00:00:00",4606537990,422356342.149023,448261792.2454453,0.3685978008
"2025-11-20 00:00:00",4208882573,360518573.796246,384575484.3789842,0.3162296681
"2025-11-21 00:00:00",3954595269,338586102.582656,360856287.0277416,0.2967257886
"2025-11-22 00:00:00",3924289327,337339558.89258,360389176.7250277,0.296341692
"2025-11-23 00:00:00",3991714910,347996233.702678,370708750.96788186,0.3048272967
"2025-11-24 00:00:00",4240722707,349386441.472278,373285703.7203293,0.3069462797
"2025-11-25 00:00:00",4111324901,342079272.209574,364921014.7085886,0.3000681428
"2025-11-26 00:00:00",4142083653,344515949.213607,367924352.2194305,0.3025377345
"2025-11-27 00:00:00",4186305244,329502210.102771,351509384.5336426,0.2890399948
"2025-11-28 00:00:00",4212337755,329865882.910147,353253858.2427019,0.2904744449
"2025-11-29 00:00:00",4205691447,308192467.182559,329222884.3203303,0.270714197
"2025-11-30 00:00:00",4213904938,312107589.333875,333266460.9962066,0.2740391591
"2025-12-01 00:00:00",4076057929,284941610.06965,303282164.6446484,0.2493835987
"2025-12-02 00:00:00",4203743345,289061506.366939,308424814.0414995,0.253612309
"2025-12-03 00:00:00",4368320667,280112933.422012,299162356.1330142,0.2459959525
"2025-12-04 00:00:00",4487366561,295137785.686972,316635134.9266107,0.2603635117
"2025-12-05 00:00:00",4466896074,293434240.470362,313163943.69452924,0.2575092121
"2025-12-06 00:00:00",4471633041,317775364.486134,339435313.9914517,0.2791116986
"2025-12-07 00:00:00",4471923545,307878069.526698,328878062.41265965,0.270430656
"2025-12-08 00:00:00",4469018186,302447597.581763,323673856.5511837,0.2661513289
"2025-12-09 00:00:00",4529878250,312547859.957714,333708032.62881255,0.2744022557
"2025-12-10 00:00:00",4520892972,311109847.310157,331692688.48782533,0.2727450736
"2025-12-11 00:00:00",4352474911,306364419.358707,326936441.72357476,0.2688340954
"2025-12-12 00:00:00",4496740402,298741577.738506,318736334.7255415,0.2620912914
"2025-12-13 00:00:00",4510761416,309843999.491289,330929635.58944935,0.2721176286
"2025-12-14 00:00:00",4487017026,300050306.884816,320204178.6677252,0.2632982737
"2025-12-15 00:00:00",4427714560,299815387.97101,320202473.4142383,0.2632968715
"2025-12-16 00:00:00",4504915376,307175121.852461,328640013.5498781,0.2702349126
"2025-12-17 00:00:00",4461310419,311238296.988292,332259680.5293315,0.2732113012
"2025-12-18 00:00:00",4187474271,310510981.11948,331559190.0759572,0.2726353002
"2025-12-19 00:00:00",4261401162,362480097.44762,386206364.02920663,0.3175707118
"2025-12-20 00:00:00",4259029116,370301816.950223,394973509.0383523,0.3247797812
"2025-12-21 00:00:00",4249815474,397639479.372924,423006358.51508254,0.3478307011
"2025-12-22 00:00:00",4159466537,378393130.933967,403300205.50831324,0.3316266775
"2025-12-23 00:00:00",4598825457,361626811.017982,382664512.64789593,0.3146583096
"2025-12-24 00:00:00",4516001972,355057325.258853,375543733.45207524,0.3088030179
"2025-12-25 00:00:00",4491498858,383947988.548528,406642035.59308404,0.3343746057
"2025-12-26 00:00:00",4365940696,390317939.710345,413131969.38342917,0.3397111643
"2025-12-27 00:00:00",4368420533,387669385.558327,410297670.627454,0.3373805702
"2025-12-28 00:00:00",4393978556,374320384.001206,395937994.06237257,0.3255728603
"2025-12-29 00:00:00",4348899028,363243537.461896,384148094.0050511,0.3158782325
"2025-12-30 00:00:00",4374513027,373030148.042049,394746734.6471345,0.3245933086
"2025-12-31 00:00:00",4586265839,368759547.546386,390074998.9906526,0.3207518224
"2026-01-01 00:00:00",4651015525,426034831.295794,450215642.79558134,0.3702044178
"2026-01-02 00:00:00",4114440488,422631932.195417,446898529.1573537,0.3674768135
"2026-01-03 00:00:00",4128642158,420758230.67975,444951756.9536699,0.3658760169
"2026-01-04 00:00:00",4174168507,429027823.821673,453736729.29229087,0.3730997454
"2026-01-05 00:00:00",4319072806,434825849.890839,459978641.73401546,0.3782323604
"2026-01-06 00:00:00",4382437099,447343308.277072,473871703.5681957,0.3896563812
"2026-01-07 00:00:00",4280921983,434982553.776699,459179584.54013395,0.3775753097
"2026-01-08 00:00:00",4294470941,442636699.652475,467958581.8028514,0.384794125
"2026-01-09 00:00:00",4149206949,445999802.196389,471584516.58001286,0.3877756675
"2026-01-10 00:00:00",4133362938,454710966.119932,480792810.86080605,0.3953474862
"2026-01-11 00:00:00",4131146476,457610915.226415,484351310.2930966,0.3982735778
"2026-01-12 00:00:00",4292551288,447277459.391131,472928356.65819836,0.3888806836
"2026-01-13 00:00:00",4439920906,456630285.746943,483374574.8554764,0.3974704254
"2026-01-14 00:00:00",4413956382,448059627.628298,473551161.0309712,0.3893928047
"2026-01-15 00:00:00",4366066250,432541547.745485,457374247.8021498,0.376090813
"2026-01-16 00:00:00",4366349303,415627998.892871,440015535.16794896,0.3618170484
"2026-01-17 00:00:00",4369425262,419869948.444274,443938494.65070873,0.3650428291
"2026-01-18 00:00:00",4387648974,403302366.517514,425590339.1447056,0.349955463
"2026-01-19 00:00:00",4379940032,410268126.256566,434351282.1486219,0.3571594326
"2026-01-20 00:00:00",4273112368,376876329.134237,399786524.4962587,0.3287374393
"2026-01-21 00:00:00",4366339990,385044188.258828,407479068.1813525,0.3350628829
"2026-01-22 00:00:00",4340577888,381912312.881916,403631128.906873,0.33189879
"2026-01-23 00:00:00",4357327611,372729872.674515,394186326.3531693,0.3241324947
"2026-01-24 00:00:00",4362492223,381053192.379655,403042966.15913624,0.3314151541
"2026-01-25 00:00:00",4336959001,354261234.335343,375394068.3323525,0.3086799509
"2026-01-26 00:00:00",4400621403,391784617.197896,414238349.3259855,0.3406209211
"2026-01-27 00:00:00",4490296374,395881533.757122,416541922.6545859,0.342515109
"2026-01-28 00:00:00",4485249895,408408850.971506,429212087.7689982,0.3529335633
"2026-01-29 00:00:00",4444350738,400181999.770179,421097160.62705237,0.3462608012
"2026-01-30 00:00:00",4425346811,381716718.513732,402010304.4391356,0.3305660145
"2026-01-31 00:00:00",4420568664,354443503.556325,372522586.2456017,0.3063187816
"2026-02-01 00:00:00",4399110219,340406677.313668,357115217.6018722,0.2936495729
"2026-02-02 00:00:00",4435494899,343833620.767763,361163410.6964023,0.296978331
"2026-02-03 00:00:00",4218915340,353153656.369716,371153312.4490812,0.3051928518
"2026-02-04 00:00:00",4049326164,345669826.354105,363295123.3687018,0.2987312009
"2026-02-05 00:00:00",3849066549,296212331.266287,311292105.23248553,0.2559700322
"2026-02-06 00:00:00",3920654583,326780871.49191,343256930.6802636,0.2822541469
"2026-02-07 00:00:00",3908291626,324633219.519071,341198772.05335474,0.2805617592
"2026-02-08 00:00:00",3949143067,324444464.156655,341458459.95293146,0.280775296
"2026-02-09 00:00:00",4045284202,325767098.591656,342336764.8562851,0.2814975107
"2026-02-10 00:00:00",4250400711,316671111.277676,332768003.0704496,0.2736292859
"2026-02-11 00:00:00",4001882103,308853241.876108,324580534.5521891,0.2668968743
"2026-02-12 00:00:00",3974204553,309159646.359717,324972321.8309629,0.2672190341
"2026-02-13 00:00:00",3824289218,320113900.149464,336423826.361302,0.2766354052
"2026-02-14 00:00:00",3883984371,328657113.040482,345344114.12736285,0.2839704012
"2026-02-15 00:00:00",3865329790,304499760.487149,319686085.63948745,0.2628722549
"2026-02-16 00:00:00",3866174413,291303484.765607,305974042.5070961,0.2515970826
"2026-02-17 00:00:00",3870521654,283000471.429841,297422828.89951676,0.2445655698
"2026-02-18 00:00:00",3842373402,271532959.985929,285515958.9360083,0.2347747597
"2026-02-19 00:00:00",3855011262,263957744.732171,277511496.7577474,0.228192831
"2026-02-20 00:00:00",3885226794,263445566.509394,276875174.76688635,0.2276695946
"2026-02-21 00:00:00",3885521305,267124877.08727,280729713.96339804,0.2308391145
"2026-02-22 00:00:00",3861962617,255278491.927761,268211077.80517545,0.2205452598
"2026-02-23 00:00:00",3792791886,239162377.2778,251218593.71354252,0.2065726385
"2026-02-24 00:00:00",3769998253,242774352.550152,255099665.03442937,0.2097639753
"2026-02-25 00:00:00",3904851226,264631754.865107,279335758.9880215,0.2296928898
"2026-02-26 00:00:00",3857510809,277437706.020315,292947413.2565999,0.2408855141
"2026-02-27 00:00:00",3809190700,269041359.349872,282875071.33907264,0.2326032042
"2026-02-28 00:00:00",3849168983,263364417.506913,276828838.2551315,0.2276314929
"2026-03-01 00:00:00",3816870516,267587544.097769,281137422.1707298,0.2311743658
"2026-03-02 00:00:00",3895206749,274142262.813049,288248144.23826194,0.2370213877
"2026-03-03 00:00:00",3810625948,265853702.293666,279177609.31402534,0.2295628461
"2026-03-04 00:00:00",3812026040,284790883.08464,299194720.43835306,0.2460225651
"2026-03-05 00:00:00",3752352111,277042505.005496,291198127.21080333,0.2394471069
"2026-03-06 00:00:00",3722921908,265396547.560587,278413804.48423374,0.2289347828
"2026-03-07 00:00:00",3713804633,256942178.318777,270082995.07225835,0.2220845045
"2026-03-08 00:00:00",3715624836,251459970.453901,264255664.51011875,0.2172927929
"2026-03-09 00:00:00",3806843466,256835526.504943,269919104.9132855,0.2219497405
"2026-03-10 00:00:00",3940134052,260891944.108243,274164716.4274206,0.2254408323
"2026-03-11 00:00:00",4066141502,269495710.528909,283244105.36535823,0.2329066544
"2026-03-12 00:00:00",4132416765,285232768.416616,299867631.9251032,0.2465758884
"2026-03-13 00:00:00",4215041088,294823912.421118,309954471.41597444,0.2548701194
"2026-03-14 00:00:00",4243728316,305066268.218208,320729061.6986685,0.2637298758
"2026-03-15 00:00:00",4316120619,306441967.929352,321214617.00183606,0.2641291394
"2026-03-16 00:00:00",4392537917,314936452.860848,330976861.4549876,0.2721564616
"2026-03-17 00:00:00",,298937606.450139,314295359.9250687,0.2584395558
"2026-03-18 00:00:00",,281656008,296624356.541182,0.243909