"DateTime","Maple - Price","Maple - Market Cap","Maple - Fees","Maple - Revenue"
"2021-04-29 00:00:00",,,0,
"2021-04-30 00:00:00",,,0,
"2021-05-01 00:00:00",,,0,
"2021-05-02 00:00:00",,,0,
"2021-05-03 00:00:00",,,0,
"2021-05-04 00:00:00",,,0,
"2021-05-05 00:00:00",,,0,
"2021-05-06 00:00:00",,,0,
"2021-05-07 00:00:00",,,0,
"2021-05-08 00:00:00",,,0,
"2021-05-09 00:00:00",,,0,
"2021-05-10 00:00:00",,,0,
"2021-05-11 00:00:00",,,0,
"2021-05-12 00:00:00",,,0,
"2021-05-13 00:00:00",,,0,
"2021-05-14 00:00:00",,,0,
"2021-05-15 00:00:00",,,0,
"2021-05-16 00:00:00",,,0,
"2021-05-17 00:00:00",,,0,
"2021-05-18 00:00:00",,,0,
"2021-05-19 00:00:00",,,0,
"2021-05-20 00:00:00",,,0,
"2021-05-21 00:00:00",,,0,
"2021-05-22 00:00:00",,,0,
"2021-05-23 00:00:00",,,0,
"2021-05-24 00:00:00",,,0,
"2021-05-25 00:00:00",,,0,
"2021-05-26 00:00:00",,,0,74819.82
"2021-05-27 00:00:00",,,0,10003.02
"2021-05-28 00:00:00",,,0,0
"2021-05-29 00:00:00",,,0,0
"2021-05-30 00:00:00",,,0,0
"2021-05-31 00:00:00",,,0,0
"2021-06-01 00:00:00",,,0,0
"2021-06-02 00:00:00",,,0,0
"2021-06-03 00:00:00",,,0,0
"2021-06-04 00:00:00",,,0,0
"2021-06-05 00:00:00",,,0,0
"2021-06-06 00:00:00",,,0,0
"2021-06-07 00:00:00",,,0,0
"2021-06-08 00:00:00",,,0,0
"2021-06-09 00:00:00",,,0,0
"2021-06-10 00:00:00",,,0,0
"2021-06-11 00:00:00",,,0,0
"2021-06-12 00:00:00",,,0,0
"2021-06-13 00:00:00",,,0,0
"2021-06-14 00:00:00",,,0,0
"2021-06-15 00:00:00",,,0,0
"2021-06-16 00:00:00",,,0,0
"2021-06-17 00:00:00",,,0,0
"2021-06-18 00:00:00",,,0,0
"2021-06-19 00:00:00",,,0,0
"2021-06-20 00:00:00",,,0,0
"2021-06-21 00:00:00",,,0,0
"2021-06-22 00:00:00",,,0,0
"2021-06-23 00:00:00",,,152547.945212,0
"2021-06-24 00:00:00",,,0,0
"2021-06-25 00:00:00",,,0,0
"2021-06-26 00:00:00",,,0,0
"2021-06-27 00:00:00",,,0,0
"2021-06-28 00:00:00",,,0,0
"2021-06-29 00:00:00",,,0,0
"2021-06-30 00:00:00",,,0,0
"2021-07-01 00:00:00",,,0,0
"2021-07-02 00:00:00",,,0,39962.45
"2021-07-03 00:00:00",,,0,0
"2021-07-04 00:00:00",,,0,0
"2021-07-05 00:00:00",,,0,0
"2021-07-06 00:00:00",,,0,0
"2021-07-07 00:00:00",,,0,0
"2021-07-08 00:00:00",,,0,0
"2021-07-09 00:00:00",,,0,0
"2021-07-10 00:00:00",,,0,0
"2021-07-11 00:00:00",,,0,0
"2021-07-12 00:00:00",,,0,0
"2021-07-13 00:00:00",,,0,0
"2021-07-14 00:00:00",,,0,0
"2021-07-15 00:00:00",,,0,57668.07000000001
"2021-07-16 00:00:00",,,0,0
"2021-07-17 00:00:00",,,0,0
"2021-07-18 00:00:00",,,0,20025.92
"2021-07-19 00:00:00",,,0,1251.06
"2021-07-20 00:00:00",,,92054.794524,0
"2021-07-21 00:00:00",,,0,20063.05
"2021-07-22 00:00:00",,,0,0
"2021-07-23 00:00:00",,,0,0
"2021-07-24 00:00:00",,,60493.150687999994,0
"2021-07-25 00:00:00",,,0,0
"2021-07-26 00:00:00",,,0,0
"2021-07-27 00:00:00",,,0,0
"2021-07-28 00:00:00",,,28931.506849,0
"2021-07-29 00:00:00",,,0,0
"2021-07-30 00:00:00",,,23671.232877,25055.33
"2021-07-31 00:00:00",,,0,0
"2021-08-01 00:00:00",,,0,0
"2021-08-02 00:00:00",,,0,0
"2021-08-03 00:00:00",,,0,24986.07
"2021-08-04 00:00:00",,,0,0
"2021-08-05 00:00:00",,,0,0
"2021-08-06 00:00:00",,,0,0
"2021-08-07 00:00:00",,,0,0
"2021-08-08 00:00:00",,,0,6234.66
"2021-08-09 00:00:00",,,0,0
"2021-08-10 00:00:00",,,0,9996.08
"2021-08-11 00:00:00",,,19726.027398,0
"2021-08-12 00:00:00",,,57863.013698999996,25004.11
"2021-08-13 00:00:00",,,33698.630138,0
"2021-08-14 00:00:00",,,0,0
"2021-08-15 00:00:00",,,0,14521.9
"2021-08-16 00:00:00",,,0,0
"2021-08-17 00:00:00",,,27287.671233999998,0
"2021-08-18 00:00:00",,,0,0
"2021-08-19 00:00:00",,,56547.945207,12566.75
"2021-08-20 00:00:00",,,13150.684932,47529.5
"2021-08-21 00:00:00",,,0,0
"2021-08-22 00:00:00",,,0,11623.67
"2021-08-23 00:00:00",,,67068.493154,0
"2021-08-24 00:00:00",,,0,19991.25
"2021-08-25 00:00:00",,,0,0
"2021-08-26 00:00:00",,,0,42470.64
"2021-08-27 00:00:00",,,0,0
"2021-08-28 00:00:00",,,29589.041097,0
"2021-08-29 00:00:00",,,0,0
"2021-08-30 00:00:00",,,0,0
"2021-08-31 00:00:00",,,0,0
"2021-09-01 00:00:00",,,82191.78082300001,0
"2021-09-02 00:00:00",,,0,0
"2021-09-03 00:00:00",,,0,46324.3
"2021-09-04 00:00:00",,,0,0
"2021-09-05 00:00:00",,,0,0
"2021-09-06 00:00:00",,,0,37488.85
"2021-09-07 00:00:00",,,23671.232877,24955.14
"2021-09-08 00:00:00",,,0,0
"2021-09-09 00:00:00",,,0,0
"2021-09-10 00:00:00",,,50630.136987,21820.77
"2021-09-11 00:00:00",,,0,0
"2021-09-12 00:00:00",,,0,0
"2021-09-13 00:00:00",,,0,0
"2021-09-14 00:00:00",,,0,2512.35
"2021-09-15 00:00:00",,,41753.424657999996,0
"2021-09-16 00:00:00",,,0,0
"2021-09-17 00:00:00",,,0,0
"2021-09-18 00:00:00",,,0,0
"2021-09-19 00:00:00",,,0,0
"2021-09-20 00:00:00",,,0,0
"2021-09-21 00:00:00",,,78904.109592,0
"2021-09-22 00:00:00",,,159746.301371,0
"2021-09-23 00:00:00",,,39452.054795,0
"2021-09-24 00:00:00",,,0,0
"2021-09-25 00:00:00",,,0,0
"2021-09-26 00:00:00",,,0,0
"2021-09-27 00:00:00",,,0,0
"2021-09-28 00:00:00",,,77967.123289,7520.68
"2021-09-29 00:00:00",,,151726.0274,10025.48
"2021-09-30 00:00:00",,,0,0
"2021-10-01 00:00:00",,,28931.506849,0
"2021-10-02 00:00:00",,,0,12511.6
"2021-10-03 00:00:00",,,0,0
"2021-10-04 00:00:00",,,0,0
"2021-10-05 00:00:00",,,0,0
"2021-10-06 00:00:00",,,50958.90411,0
"2021-10-07 00:00:00",,,308482.191787,0
"2021-10-08 00:00:00",,,96493.150687,0
"2021-10-09 00:00:00",,,0,0
"2021-10-10 00:00:00",,,26301.369864,27971.59
"2021-10-11 00:00:00",,,14465.753424,7501.86
"2021-10-12 00:00:00",,,0,2509.41
"2021-10-13 00:00:00",,,11342.465753,27592.059999999998
"2021-10-14 00:00:00",,,0,7516.26
"2021-10-15 00:00:00",,,31890.410961,12498.98
"2021-10-16 00:00:00",,,0,0
"2021-10-17 00:00:00",,,54838.356166,0
"2021-10-18 00:00:00",,,0,0
"2021-10-19 00:00:00",,,0,0
"2021-10-20 00:00:00",,,0,30000.4
"2021-10-21 00:00:00",,,139397.260276,21268.64
"2021-10-22 00:00:00",,,0,0
"2021-10-23 00:00:00",,,0,0
"2021-10-24 00:00:00",,,0,0
"2021-10-25 00:00:00",,,197408.219178,0
"2021-10-26 00:00:00",,,56547.945207,6274.83
"2021-10-27 00:00:00",,,0,0
"2021-10-28 00:00:00",,,50958.90411,17498.51
"2021-10-29 00:00:00",,,0,0
"2021-10-30 00:00:00",,,0,0
"2021-10-31 00:00:00",,,0,0
"2021-11-01 00:00:00",,,0,0
"2021-11-02 00:00:00",,,0,0
"2021-11-03 00:00:00",,,0,0
"2021-11-04 00:00:00",,,297304.109592,0
"2021-11-05 00:00:00",,,0,15048.529999999999
"2021-11-06 00:00:00",,,0,7509.84
"2021-11-07 00:00:00",,,0,0
"2021-11-08 00:00:00",,,26301.369864,10021
"2021-11-09 00:00:00",,,296219.178089,25040.21
"2021-11-10 00:00:00",,,0,0
"2021-11-11 00:00:00",,,0,0
"2021-11-12 00:00:00",,,0,40244.130000000005
"2021-11-13 00:00:00",,,0,0
"2021-11-14 00:00:00",,,45369.863014,0
"2021-11-15 00:00:00",,,0,0
"2021-11-16 00:00:00",,,0,5017.18
"2021-11-17 00:00:00",,,0,0
"2021-11-18 00:00:00",,,0,0
"2021-11-19 00:00:00",,,501616.438361,71994.29000000001
"2021-11-20 00:00:00",,,0,17612.37
"2021-11-21 00:00:00",,,0,0
"2021-11-22 00:00:00",,,39452.054795,0
"2021-11-23 00:00:00",,,0,0
"2021-11-24 00:00:00",,,98630.136987,25004.24
"2021-11-25 00:00:00",,,0,0
"2021-11-26 00:00:00",,,0,0
"2021-11-27 00:00:00",,,0,0
"2021-11-28 00:00:00",,,109643.835618,0
"2021-11-29 00:00:00",,,84657.534247,0
"2021-11-30 00:00:00",,,39452.054795,27343.190000000002
"2021-12-01 00:00:00",,,0,39910.63
"2021-12-02 00:00:00",,,112241.09589200001,6261.44
"2021-12-03 00:00:00",,,76438.35616699999,12501.87
"2021-12-04 00:00:00",,,23671.232877,17484.09
"2021-12-05 00:00:00",,,81008.219178,0
"2021-12-06 00:00:00",,,51534.246576,0.25
"2021-12-07 00:00:00",,,83835.616438,12509.35
"2021-12-08 00:00:00",,,125260.273974,44950.520000000004
"2021-12-09 00:00:00",,,549958.904113,62624.57
"2021-12-10 00:00:00",,,21698.630137,92015.70999999999
"2021-12-11 00:00:00",,,0,0
"2021-12-12 00:00:00",,,0,0
"2021-12-13 00:00:00",,,332181.16438900004,68523.32
"2021-12-14 00:00:00",,,0,7489.96
"2021-12-15 00:00:00",,,0,0
"2021-12-16 00:00:00",,,0,0
"2021-12-17 00:00:00",,,422547.94520899997,0
"2021-12-18 00:00:00",,,0,0
"2021-12-19 00:00:00",,,0,0
"2021-12-20 00:00:00",,,173095.89041300002,0
"2021-12-21 00:00:00",,,168493.150686,0
"2021-12-22 00:00:00",,,71013.69863,58413.21
"2021-12-23 00:00:00",,,23671.232877,12581.09
"2021-12-24 00:00:00",,,0,0
"2021-12-25 00:00:00",,,0,0
"2021-12-26 00:00:00",,,0,0
"2021-12-27 00:00:00",,,0,0
"2021-12-28 00:00:00",,,0,0
"2021-12-29 00:00:00",,,179013.69863499998,0
"2021-12-30 00:00:00",,,203014.257536,0
"2021-12-31 00:00:00",,,0,0
"2022-01-01 00:00:00",,,0,0
"2022-01-02 00:00:00",,,0,0
"2022-01-03 00:00:00",,,0,25275.99
"2022-01-04 00:00:00",,,347465.753425,0
"2022-01-05 00:00:00",,,160569.86301600002,0
"2022-01-06 00:00:00",,,0,0
"2022-01-07 00:00:00",,,42945.20548,0
"2022-01-08 00:00:00",,,0,0
"2022-01-09 00:00:00",,,0,0
"2022-01-10 00:00:00",,,266136.986305,0
"2022-01-11 00:00:00",,,0,0
"2022-01-12 00:00:00",,,138575.342468,10002.42
"2022-01-13 00:00:00",,,749769.8630230001,0
"2022-01-14 00:00:00",,,0,10045.57
"2022-01-15 00:00:00",,,0,0
"2022-01-16 00:00:00",,,0,0
"2022-01-17 00:00:00",,,0,0
"2022-01-18 00:00:00",,,39453.369863,12451.990000000002
"2022-01-19 00:00:00",,,0,0
"2022-01-20 00:00:00",,,253643.835618,0
"2022-01-21 00:00:00",,,17917.808219,0
"2022-01-22 00:00:00",,,0,0
"2022-01-23 00:00:00",,,0,0
"2022-01-24 00:00:00",,,318164.383565,9260.39
"2022-01-25 00:00:00",,,507769.41781,6154.13
"2022-01-26 00:00:00",,,0,0
"2022-01-27 00:00:00",,,63945.205481,0
"2022-01-28 00:00:00",,,82684.93150800001,0
"2022-01-29 00:00:00",,,0,0
"2022-01-30 00:00:00",,,17260.273973,0
"2022-01-31 00:00:00",,,202356.164386,38111.25
"2022-02-01 00:00:00",,,0,0
"2022-02-02 00:00:00",,,36986.30137,0
"2022-02-03 00:00:00",,,23671.232877,16305.89
"2022-02-04 00:00:00",,,168542.465754,0
"2022-02-05 00:00:00",,,0,16303.71
"2022-02-06 00:00:00",,,140094.246578,0
"2022-02-07 00:00:00",,,373019.178085,42388.340000000004
"2022-02-08 00:00:00",,,488219.178084,44014.03
"2022-02-09 00:00:00",,,21698.630137,19529.75
"2022-02-10 00:00:00",,,291830.136987,16347.57
"2022-02-11 00:00:00",,,0,9761.53
"2022-02-12 00:00:00",,,0,0
"2022-02-13 00:00:00",,,180000.00000200002,16288.6
"2022-02-14 00:00:00",,,110465.753428,0
"2022-02-15 00:00:00",,,27550.684932,105857.35
"2022-02-16 00:00:00",,,0,0
"2022-02-17 00:00:00",,,379579.109589,7575.32
"2022-02-18 00:00:00",,,0,76999.84
"2022-02-19 00:00:00",,,187487.671233,123804.49
"2022-02-20 00:00:00",,,0,0
"2022-02-21 00:00:00",,,83753.424657,0
"2022-02-22 00:00:00",,,39452.054795,0
"2022-02-23 00:00:00",,,139315.068494,37469.729999999996
"2022-02-24 00:00:00",,,0,98576.56999999999
"2022-02-25 00:00:00",,,30410.958904,87966.68
"2022-02-26 00:00:00",,,33534.246577,0
"2022-02-27 00:00:00",,,0,0
"2022-02-28 00:00:00",,,11835.616439,0
"2022-03-01 00:00:00",,,222410.958906,34131.81
"2022-03-02 00:00:00",,,153041.095891,45538.48
"2022-03-03 00:00:00",,,0,0
"2022-03-04 00:00:00",,,0,0
"2022-03-05 00:00:00",,,0,0
"2022-03-06 00:00:00",,,0,0
"2022-03-07 00:00:00",,,0,0
"2022-03-08 00:00:00",,,935628.989803,8070.66
"2022-03-09 00:00:00",,,264657.53425100003,55314.67
"2022-03-10 00:00:00",,,0,0
"2022-03-11 00:00:00",,,62630.136988,110452.60999999999
"2022-03-12 00:00:00",,,0,0
"2022-03-13 00:00:00",,,24328.767124,42702.54
"2022-03-14 00:00:00",,,77589.04109700001,78091.84
"2022-03-15 00:00:00",,,390410.958905,0
"2022-03-16 00:00:00",,,665095.890411,0
"2022-03-17 00:00:00",,,0,0
"2022-03-18 00:00:00",,,0,48811.85
"2022-03-19 00:00:00",,,26753.424657,0
"2022-03-20 00:00:00",,,276703.767123,0
"2022-03-21 00:00:00",,,135287.671233,0
"2022-03-22 00:00:00",,,381587.671234,129809.22
"2022-03-23 00:00:00",,,0,9766.2
"2022-03-24 00:00:00",,,92383.561644,76016.02
"2022-03-25 00:00:00",,,0,14641.19
"2022-03-26 00:00:00",,,38465.753424,0
"2022-03-27 00:00:00",,,98630.136986,55321.19
"2022-03-28 00:00:00",,,0,0
"2022-03-29 00:00:00",,,150821.917809,32627.56
"2022-03-30 00:00:00",,,60493.150687,323970.53
"2022-03-31 00:00:00",,,188547.945206,0
"2022-04-01 00:00:00",,,152876.71233,0.11
"2022-04-02 00:00:00",,,0,0
"2022-04-03 00:00:00",,,0,0
"2022-04-04 00:00:00",,,166178.63014000002,0
"2022-04-05 00:00:00",,,380681.6701383977,0
"2022-04-06 00:00:00",,,153336.986302,0
"2022-04-07 00:00:00",,,0,0
"2022-04-08 00:00:00",,,395722.1122636392,77877.56999999999
"2022-04-09 00:00:00",,,0,0
"2022-04-10 00:00:00",,,0,0
"2022-04-11 00:00:00",,,457361.81382680306,44112.15
"2022-04-12 00:00:00",,,790410.958905,0
"2022-04-13 00:00:00",,,470219.178086,33048.97
"2022-04-14 00:00:00",,,0,0
"2022-04-15 00:00:00",,,0,5687.719999999999
"2022-04-16 00:00:00",,,229726.027398,32546.4
"2022-04-17 00:00:00",,,0,0
"2022-04-18 00:00:00",,,0,0
"2022-04-19 00:00:00",,,313767.123287,3252.94
"2022-04-20 00:00:00",,,0,0
"2022-04-21 00:00:00",,,1022366.301372,0
"2022-04-22 00:00:00",,,90493.150687,58616.93
"2022-04-23 00:00:00",,,0,0
"2022-04-24 00:00:00",,,0,0
"2022-04-25 00:00:00",,,291452.054793,0
"2022-04-26 00:00:00",,,0,0
"2022-04-27 00:00:00",,,0,0
"2022-04-28 00:00:00",,,0,33647.56
"2022-04-29 00:00:00",,,547726.027401,11349.32
"2022-04-30 00:00:00",,,0,0
"2022-05-01 00:00:00",,,128915.42815,0
"2022-05-02 00:00:00",,,0,0
"2022-05-03 00:00:00",,,0,0
"2022-05-04 00:00:00",,,0,0
"2022-05-05 00:00:00",,,734480.3093441152,117214.51000000001
"2022-05-06 00:00:00",,,0,32503.69
"2022-05-07 00:00:00",,,0,0
"2022-05-08 00:00:00",,,0,0
"2022-05-09 00:00:00",,,124273.972604,0
"2022-05-10 00:00:00",,,157827.98660857708,0
"2022-05-11 00:00:00",,,288614.44014981075,0
"2022-05-12 00:00:00",,,224054.794523,0
"2022-05-13 00:00:00",,,311671.232877,0
"2022-05-14 00:00:00",,,0,0
"2022-05-15 00:00:00",,,0,0
"2022-05-16 00:00:00",,,838356.164387,0
"2022-05-17 00:00:00",,,47136.986301,0
"2022-05-18 00:00:00",,,0,0
"2022-05-19 00:00:00",,,716956.541095,0
"2022-05-20 00:00:00",,,0,0
"2022-05-21 00:00:00",,,0,57279.49
"2022-05-22 00:00:00",,,0,0
"2022-05-23 00:00:00",,,0,0
"2022-05-24 00:00:00",,,969137.3107818895,0
"2022-05-25 00:00:00",,,224485.1818349525,0
"2022-05-26 00:00:00",,,0,31802.08
"2022-05-27 00:00:00",,,0,0
"2022-05-28 00:00:00",,,30410.958904,0
"2022-05-29 00:00:00",,,0,0
"2022-05-30 00:00:00",,,508931.506855,0
"2022-05-31 00:00:00",,,0,0
"2022-06-01 00:00:00",,,0,9464.76
"2022-06-02 00:00:00",,,0,9776.73
"2022-06-03 00:00:00",,,49315.068494,0
"2022-06-04 00:00:00",,,129192.32877000001,34622.869999999995
"2022-06-05 00:00:00",,,0,0
"2022-06-06 00:00:00",,,0,0
"2022-06-07 00:00:00",,,141291.1968971615,14654.6
"2022-06-08 00:00:00",,,103311.07881271053,0
"2022-06-09 00:00:00",,,102642.48185593243,0
"2022-06-10 00:00:00",,,978924.931511,39082.46
"2022-06-11 00:00:00",,,0,0
"2022-06-12 00:00:00",,,0,0
"2022-06-13 00:00:00",,,0,0
"2022-06-14 00:00:00",,,283362.5883713148,0
"2022-06-15 00:00:00",,,0,0
"2022-06-16 00:00:00",,,0,0
"2022-06-17 00:00:00",,,324904.109591,0
"2022-06-18 00:00:00",,,20383.561644,0
"2022-06-19 00:00:00",,,714473.527397,0
"2022-06-20 00:00:00",,,573310.7979041075,0
"2022-06-21 00:00:00",,,99945.20548,0
"2022-06-22 00:00:00",,,71013.69863,0
"2022-06-23 00:00:00",,,52964.383561,0
"2022-06-24 00:00:00",,,0,0
"2022-06-25 00:00:00",,,234410.958904,0
"2022-06-26 00:00:00",,,62465.753424,0
"2022-06-27 00:00:00",,,111780.821919,0
"2022-06-28 00:00:00",,,11835.616439,0
"2022-06-29 00:00:00",,,0,0
"2022-06-30 00:00:00",,,0,0
"2022-07-01 00:00:00",,,408639.1467845957,348436.16000000003
"2022-07-02 00:00:00",,,34126.027398,0
"2022-07-03 00:00:00",,,0,0
"2022-07-04 00:00:00",,,333398.835618,0
"2022-07-05 00:00:00",,,83835.616439,0
"2022-07-06 00:00:00",,,245486.68545854048,0
"2022-07-07 00:00:00",,,44250.16032937004,0
"2022-07-08 00:00:00",,,134257.19040630932,0
"2022-07-09 00:00:00",,,0,0
"2022-07-10 00:00:00",,,22724.383562,0
"2022-07-11 00:00:00",,,308602.739728,0
"2022-07-12 00:00:00",,,36821.917808,0
"2022-07-13 00:00:00",,,0,0
"2022-07-14 00:00:00",,,0,0
"2022-07-15 00:00:00",,,150082.19178,0
"2022-07-16 00:00:00",,,0,0
"2022-07-17 00:00:00",,,173835.616438,0
"2022-07-18 00:00:00",,,174739.726028,0
"2022-07-19 00:00:00",,,0,0
"2022-07-20 00:00:00",,,0,0
"2022-07-21 00:00:00",,,482154.287674,0
"2022-07-22 00:00:00",,,221835.616439,0
"2022-07-23 00:00:00",,,0,0
"2022-07-24 00:00:00",,,0,0
"2022-07-25 00:00:00",,,203835.61644,0
"2022-07-26 00:00:00",,,0,0
"2022-07-27 00:00:00",,,0,0
"2022-07-28 00:00:00",,,33369.863015,0
"2022-07-29 00:00:00",,,133643.835616,0
"2022-07-30 00:00:00",,,0,0
"2022-07-31 00:00:00",,,0,0
"2022-08-01 00:00:00",,,102470.10823041918,0
"2022-08-02 00:00:00",,,225948.3143591439,0
"2022-08-03 00:00:00",,,426337.952056,0
"2022-08-04 00:00:00",,,213517.0372745187,0
"2022-08-05 00:00:00",,,76576.74577252181,0
"2022-08-06 00:00:00",,,143861.917809,0
"2022-08-07 00:00:00",,,121117.808219,0
"2022-08-08 00:00:00",,,289351.650514253,0
"2022-08-09 00:00:00",,,0,0
"2022-08-10 00:00:00",,,0,0
"2022-08-11 00:00:00",,,0,0
"2022-08-12 00:00:00",,,136931.506849,0
"2022-08-13 00:00:00",,,38219.178082,0
"2022-08-14 00:00:00",,,0,0
"2022-08-15 00:00:00",,,0,0
"2022-08-16 00:00:00",,,123057.53424800001,0
"2022-08-17 00:00:00",,,242761.643836,0
"2022-08-18 00:00:00",,,0,0
"2022-08-19 00:00:00",,,192050.178082,0
"2022-08-20 00:00:00",,,0,0
"2022-08-21 00:00:00",,,74794.520548,0
"2022-08-22 00:00:00",,,222082.191783,0
"2022-08-23 00:00:00",,,97808.219178,0
"2022-08-24 00:00:00",,,216738.48032582994,0
"2022-08-25 00:00:00",,,59178.082193,0
"2022-08-26 00:00:00",,,89753.424657,0
"2022-08-27 00:00:00",,,0,0
"2022-08-28 00:00:00",,,0,0
"2022-08-29 00:00:00",,,0,0
"2022-08-30 00:00:00",,,7858.785391089934,0
"2022-08-31 00:00:00",,,0,0
"2022-09-01 00:00:00",,,59112.328768,0
"2022-09-02 00:00:00",,,83835.616439,0
"2022-09-03 00:00:00",,,0,0
"2022-09-04 00:00:00",,,0,0
"2022-09-05 00:00:00",,,264789.041097,0
"2022-09-06 00:00:00",,,167321.00955915288,0
"2022-09-07 00:00:00",,,44620.01032109489,0
"2022-09-08 00:00:00",,,0,0
"2022-09-09 00:00:00",,,127232.876712,15822.539999999999
"2022-09-10 00:00:00",,,0,0
"2022-09-11 00:00:00",,,112290.410959,0
"2022-09-12 00:00:00",,,0,0
"2022-09-13 00:00:00",,,265713.8182845958,16909.8
"2022-09-14 00:00:00",,,106670.41379025085,0
"2022-09-15 00:00:00",,,0,0
"2022-09-16 00:00:00",,,74794.520548,0
"2022-09-17 00:00:00",,,0,0
"2022-09-18 00:00:00",,,0,0
"2022-09-19 00:00:00",,,53260.273975000004,0
"2022-09-20 00:00:00",,,0,0
"2022-09-21 00:00:00",,,183330.7983685398,6869.97
"2022-09-22 00:00:00",,,0,0
"2022-09-23 00:00:00",,,0,0
"2022-09-24 00:00:00",,,0,0
"2022-09-25 00:00:00",,,0,0
"2022-09-26 00:00:00",,,0,0
"2022-09-27 00:00:00",,,0,0
"2022-09-28 00:00:00",,,0,0
"2022-09-29 00:00:00",,,0,3735.59
"2022-09-30 00:00:00",,,53805.849512773704,0
"2022-10-01 00:00:00",,,78904.10959,5423.15
"2022-10-02 00:00:00",,,24986.30137,0
"2022-10-03 00:00:00",,,0,6240.83
"2022-10-04 00:00:00",,,84220.48989121038,5428.66
"2022-10-05 00:00:00",,,213407.77484437975,8644.78
"2022-10-06 00:00:00",,,256239.041095,13408.380000000001
"2022-10-07 00:00:00",,,11963.551411465232,34281.33
"2022-10-08 00:00:00",,,0,106540.23
"2022-10-09 00:00:00",,,516196.066971,0
"2022-10-10 00:00:00",,,0,0
"2022-10-11 00:00:00",,,124931.50685,0
"2022-10-12 00:00:00",,,134544.34947840704,11426.63
"2022-10-13 00:00:00",,,37808.219178,2713.05
"2022-10-14 00:00:00",,,119467.33259219505,9624.21
"2022-10-15 00:00:00",,,0,0
"2022-10-16 00:00:00",,,0,0
"2022-10-17 00:00:00",,,0,0
"2022-10-18 00:00:00",,,39209.819551590284,0
"2022-10-19 00:00:00",,,0,1083.98
"2022-10-20 00:00:00",,,91068.493151,0
"2022-10-21 00:00:00",,,131035.8159143967,14957.230000000001
"2022-10-22 00:00:00",,,0,0
"2022-10-23 00:00:00",,,0,0
"2022-10-24 00:00:00",,,97315.068494,0
"2022-10-25 00:00:00",,,0,0
"2022-10-26 00:00:00",,,0,0
"2022-10-27 00:00:00",,,0,0
"2022-10-28 00:00:00",,,0,1954.06
"2022-10-29 00:00:00",,,0,0
"2022-10-30 00:00:00",,,0,0
"2022-10-31 00:00:00",,,24121.759113760763,0
"2022-11-01 00:00:00",,,190143.995434,14385.04
"2022-11-02 00:00:00",,,0,2366.17
"2022-11-03 00:00:00",,,46849.315069,0
"2022-11-04 00:00:00",,,191066.6505166688,12642.02
"2022-11-05 00:00:00",,,0,3282.83
"2022-11-06 00:00:00",,,30850.15951488896,0
"2022-11-07 00:00:00",,,70684.931507,5426.46
"2022-11-08 00:00:00",,,282739.726028,21692.18
"2022-11-09 00:00:00",,,150821.91781,15399.3
"2022-11-10 00:00:00",,,42410.958904,13841.17
"2022-11-11 00:00:00",,,110348.630137,0
"2022-11-12 00:00:00",,,402458.61064294056,17183.56
"2022-11-13 00:00:00",,,106027.397262,0
"2022-11-14 00:00:00",,,54582.078961889485,8081.6900000000005
"2022-11-15 00:00:00",,,37808.219178,3802.73
"2022-11-16 00:00:00",,,0,0
"2022-11-17 00:00:00",,,0,0
"2022-11-18 00:00:00",,,0,0
"2022-11-19 00:00:00",,,0,1306.94
"2022-11-20 00:00:00",,,0,8153.93
"2022-11-21 00:00:00",,,142363.99174420146,1684.35
"2022-11-22 00:00:00",,,86465.75342600001,7971.790000000001
"2022-11-23 00:00:00",,,2125.4003309715413,5121.389999999999
"2022-11-24 00:00:00",,,66849.315069,0
"2022-11-25 00:00:00",,,0,0
"2022-11-26 00:00:00",,,0,1629.27
"2022-11-27 00:00:00",,,23671.232877,0
"2022-11-28 00:00:00",,,5767.118473190345,0
"2022-11-29 00:00:00",,,0,0
"2022-11-30 00:00:00",,,28933.990866,0
"2022-12-01 00:00:00",,,0,4589.23
"2022-12-02 00:00:00",,,57241.974741823076,0
"2022-12-03 00:00:00",,,0,0
"2022-12-04 00:00:00",,,0,0
"2022-12-05 00:00:00",,,0,0
"2022-12-06 00:00:00",,,0,5425.1
"2022-12-07 00:00:00",,,108164.383561,3260.7
"2022-12-08 00:00:00",,,0,0
"2022-12-09 00:00:00",,,0,4720.93
"2022-12-10 00:00:00",,,65965.068493,0
"2022-12-11 00:00:00",,,0,0
"2022-12-12 00:00:00",,,0,17960.589999999997
"2022-12-13 00:00:00",,,0,800.6999999999999
"2022-12-14 00:00:00",,,0,0
"2022-12-15 00:00:00",,,0,0
"2022-12-16 00:00:00",,,25982.985974411753,0
"2022-12-17 00:00:00",,,0,0
"2022-12-18 00:00:00",,,0,0
"2022-12-19 00:00:00",,,0,0
"2022-12-20 00:00:00",,,0,0
"2022-12-21 00:00:00",,,3143.0479510316145,626.1994862778909
"2022-12-22 00:00:00",,,39451.57064951691,6152.048628062777
"2022-12-23 00:00:00",,,54965.03565837645,12973.24499082098
"2022-12-24 00:00:00",,,0,0
"2022-12-25 00:00:00",,,0,0
"2022-12-26 00:00:00",,,0,0
"2022-12-27 00:00:00",,,0,0
"2022-12-28 00:00:00",,,0,0
"2022-12-29 00:00:00",,,0,0
"2022-12-30 00:00:00",,,57620.62699666147,10406.668961513293
"2022-12-31 00:00:00",,,0,0
"2023-01-01 00:00:00",,,0,0
"2023-01-02 00:00:00",,,0,0
"2023-01-03 00:00:00",,,0,0
"2023-01-04 00:00:00",,,0,0
"2023-01-05 00:00:00",,,0,0
"2023-01-06 00:00:00",,,0,0
"2023-01-07 00:00:00",,,0,0
"2023-01-08 00:00:00",,,0,0
"2023-01-09 00:00:00",,,0,0
"2023-01-10 00:00:00",,,0,0
"2023-01-11 00:00:00",,,0,0
"2023-01-12 00:00:00",,,0,0
"2023-01-13 00:00:00",,,0,0
"2023-01-14 00:00:00",,,0,0
"2023-01-15 00:00:00",,,0,0
"2023-01-16 00:00:00",,,0,0
"2023-01-17 00:00:00",,,0,0
"2023-01-18 00:00:00",,,0,0
"2023-01-19 00:00:00",,,0,0
"2023-01-20 00:00:00",,,0,0
"2023-01-21 00:00:00",,,0,0
"2023-01-22 00:00:00",,,39410.76674818741,6146.636672455103
"2023-01-23 00:00:00",,,0,0
"2023-01-24 00:00:00",,,0,0
"2023-01-25 00:00:00",,,0,0
"2023-01-26 00:00:00",,,0,0
"2023-01-27 00:00:00",,,0,0
"2023-01-28 00:00:00",,,0,0
"2023-01-29 00:00:00",,,0,0
"2023-01-30 00:00:00",,,0,0
"2023-01-31 00:00:00",,,0,0
"2023-02-01 00:00:00",,,0,1923.76
"2023-02-02 00:00:00",,,0,0
"2023-02-03 00:00:00",,,0,0
"2023-02-04 00:00:00",,,0,0
"2023-02-05 00:00:00",,,0,0
"2023-02-06 00:00:00",,,0,0
"2023-02-07 00:00:00",,,0,0
"2023-02-08 00:00:00",,,0,0
"2023-02-09 00:00:00",,,0,0
"2023-02-10 00:00:00",,,0,0
"2023-02-11 00:00:00",,,0,0
"2023-02-12 00:00:00",,,0,0
"2023-02-13 00:00:00",,,0,0
"2023-02-14 00:00:00",,,0,0
"2023-02-15 00:00:00",,,0,28209.21
"2023-02-16 00:00:00",,,0,0
"2023-02-17 00:00:00",,,0,0
"2023-02-18 00:00:00",,,0,0
"2023-02-19 00:00:00",,,0,0
"2023-02-20 00:00:00",,,0,0
"2023-02-21 00:00:00",,,0,0
"2023-02-22 00:00:00",,,0,0
"2023-02-23 00:00:00",,,0,0
"2023-02-24 00:00:00",,,0,0
"2023-02-25 00:00:00",,,0,0
"2023-02-26 00:00:00",,,0,0
"2023-02-27 00:00:00",,,0,0
"2023-02-28 00:00:00",,,2646.40480335122,3522.2298699051935
"2023-03-01 00:00:00",,,0,0
"2023-03-02 00:00:00",,,0,0
"2023-03-03 00:00:00",,,0,0
"2023-03-04 00:00:00",,,0,0
"2023-03-05 00:00:00",,,0,0
"2023-03-06 00:00:00",,,0,0
"2023-03-07 00:00:00",,,0,0
"2023-03-08 00:00:00",,,0,0
"2023-03-09 00:00:00",,,0,0
"2023-03-10 00:00:00",,,0,3444.88
"2023-03-11 00:00:00",,,0,0
"2023-03-12 00:00:00",,,0,0
"2023-03-13 00:00:00",,,0,0
"2023-03-14 00:00:00",,,0,0
"2023-03-15 00:00:00",,,0,0
"2023-03-16 00:00:00",,,69450.18050230038,12661.75651240724
"2023-03-17 00:00:00",,,0,0
"2023-03-18 00:00:00",,,0,0
"2023-03-19 00:00:00",,,0,0
"2023-03-20 00:00:00",,,0,0
"2023-03-21 00:00:00",,,0,0
"2023-03-22 00:00:00",,,0,0
"2023-03-23 00:00:00",,,0,0
"2023-03-24 00:00:00",,,0,0
"2023-03-25 00:00:00",,,0,0
"2023-03-26 00:00:00",,,0,0
"2023-03-27 00:00:00",,,0,0
"2023-03-28 00:00:00",,,0,0
"2023-03-29 00:00:00",,,0,0
"2023-03-30 00:00:00",,,0,0
"2023-03-31 00:00:00",,,0,0
"2023-04-01 00:00:00",,,0,0
"2023-04-02 00:00:00",,,0,0
"2023-04-03 00:00:00",,,0,0
"2023-04-04 00:00:00",,,0,0
"2023-04-05 00:00:00",,,0,0
"2023-04-06 00:00:00",,,0,0
"2023-04-07 00:00:00",,,0,0
"2023-04-08 00:00:00",,,0,0
"2023-04-09 00:00:00",,,0,0
"2023-04-10 00:00:00",,,0,3092.61
"2023-04-11 00:00:00",,,0,0
"2023-04-12 00:00:00",,,0,0
"2023-04-13 00:00:00",,,0,0
"2023-04-14 00:00:00",,,78715.0381329497,14612.441069464843
"2023-04-15 00:00:00",,,0,0
"2023-04-16 00:00:00",,,0,0
"2023-04-17 00:00:00",,,0,0
"2023-04-18 00:00:00",,,0,0
"2023-04-19 00:00:00",,,0,0
"2023-04-20 00:00:00",,,0,0
"2023-04-21 00:00:00",,,0,0
"2023-04-22 00:00:00",,,0,0
"2023-04-23 00:00:00",,,0,0
"2023-04-24 00:00:00",,,0,0
"2023-04-25 00:00:00",,,0,0
"2023-04-26 00:00:00",,,38811.454465534414,5592.724725460133
"2023-04-27 00:00:00",,,0,0
"2023-04-28 00:00:00",,,0,0
"2023-04-29 00:00:00",,,0,0
"2023-04-30 00:00:00",,,0,0
"2023-05-01 00:00:00",,,0,0
"2023-05-02 00:00:00",,,0,0
"2023-05-03 00:00:00",,,0,0
"2023-05-04 00:00:00",,,84151.10646855274,8026.679692335045
"2023-05-05 00:00:00",,,0,0
"2023-05-06 00:00:00",,,0,0
"2023-05-07 00:00:00",,,0,0
"2023-05-08 00:00:00",,,0,0
"2023-05-09 00:00:00",,,0,0
"2023-05-10 00:00:00",,,0,3554.67
"2023-05-11 00:00:00",,,0,0
"2023-05-12 00:00:00",,,0,0
"2023-05-13 00:00:00",,,0,0
"2023-05-14 00:00:00",,,0,0
"2023-05-15 00:00:00",,,0,0
"2023-05-16 00:00:00",,,0,0
"2023-05-17 00:00:00",,,0,0
"2023-05-18 00:00:00",,,0,0
"2023-05-19 00:00:00",,,0,0
"2023-05-20 00:00:00",,,0,0
"2023-05-21 00:00:00",,,0,0
"2023-05-22 00:00:00",,,0,0
"2023-05-23 00:00:00",,,0,0
"2023-05-24 00:00:00",,,0,0
"2023-05-25 00:00:00",,,0,0
"2023-05-26 00:00:00",,,0,0
"2023-05-27 00:00:00",,,0,0
"2023-05-28 00:00:00",,,0,0
"2023-05-29 00:00:00",,,38819.76076862319,5594.853530482319
"2023-05-30 00:00:00",,,0,0
"2023-05-31 00:00:00",,,0,0
"2023-06-01 00:00:00",,,172872.0840120564,18357.591598747473
"2023-06-02 00:00:00",,,0,0
"2023-06-03 00:00:00",,,0,0
"2023-06-04 00:00:00",,,0,0
"2023-06-05 00:00:00",,,0,0
"2023-06-06 00:00:00",,,0,0
"2023-06-07 00:00:00",,,0,0
"2023-06-08 00:00:00",,,0,0
"2023-06-09 00:00:00",,,0,0
"2023-06-10 00:00:00",,,0,1916.4099999999999
"2023-06-11 00:00:00",,,0,0
"2023-06-12 00:00:00",,,0,0
"2023-06-13 00:00:00",,,0,0
"2023-06-14 00:00:00",,,123433.07596568252,20473.875908675414
"2023-06-15 00:00:00",,,0,0
"2023-06-16 00:00:00",,,16296.950369961467,1867.9894434372568
"2023-06-17 00:00:00",,,0,0
"2023-06-18 00:00:00",,,0,0
"2023-06-19 00:00:00",,,0,0
"2023-06-20 00:00:00",,,571.0929985719458,49.202521144610756
"2023-06-21 00:00:00",,,0,0
"2023-06-22 00:00:00",,,0,0
"2023-06-23 00:00:00",,,3379.3257849816673,311.4609046530501
"2023-06-24 00:00:00",,,0,0
"2023-06-25 00:00:00",,,0,0
"2023-06-26 00:00:00",,,3312.242493748159,331.3321242373082
"2023-06-27 00:00:00",,,700.1477978926482,66.6403710900415
"2023-06-28 00:00:00",,,530.7784359005038,50.57516309087593
"2023-06-29 00:00:00",,,0,0
"2023-06-30 00:00:00",,,1878.197422603481,178.85797226689067
"2023-07-01 00:00:00",,,0,0
"2023-07-02 00:00:00",,,0,0
"2023-07-03 00:00:00",,,2660.7460615361747,304.97857517764066
"2023-07-04 00:00:00",,,0,0
"2023-07-05 00:00:00",,,6877.3595972894445,663.873058226877
"2023-07-06 00:00:00",,,953.8119055408945,90.79961431147859
"2023-07-07 00:00:00",,,3668.0401760034442,363.0195280328396
"2023-07-08 00:00:00",,,0,0
"2023-07-09 00:00:00",,,0,0
"2023-07-10 00:00:00",,,2369.4472961983925,225.67082272378832
"2023-07-11 00:00:00",,,0,0
"2023-07-12 00:00:00",,,2952.6308580737455,281.17146900342243
"2023-07-13 00:00:00",,,2066.1722278145094,193.02550456014674
"2023-07-14 00:00:00",,,65295.79120607668,13645.694524568391
"2023-07-15 00:00:00",,,0,0
"2023-07-16 00:00:00",,,0,0
"2023-07-17 00:00:00",,,0,0
"2023-07-18 00:00:00",,,0,0
"2023-07-19 00:00:00",,,10046.129832873386,1132.9957772224168
"2023-07-20 00:00:00",,,0,0
"2023-07-21 00:00:00",,,13223.359651469418,1233.0465820418397
"2023-07-22 00:00:00",,,0,0
"2023-07-23 00:00:00",,,0,0
"2023-07-24 00:00:00",,,0,0
"2023-07-25 00:00:00",,,0,0
"2023-07-26 00:00:00",,,0,0
"2023-07-27 00:00:00",,,0,0
"2023-07-28 00:00:00",,,11537.089499864944,1075.9522139258604
"2023-07-29 00:00:00",,,0,0
"2023-07-30 00:00:00",,,0,0
"2023-07-31 00:00:00",,,39388.664068847065,4755.450254798125
"2023-08-01 00:00:00",,,6369.8406994130755,594.0036851118102
"2023-08-02 00:00:00",,,0,0
"2023-08-03 00:00:00",,,3379.5492388155158,315.18549322455567
"2023-08-04 00:00:00",,,0,0
"2023-08-05 00:00:00",,,0,0
"2023-08-06 00:00:00",,,0,0
"2023-08-07 00:00:00",,,64025.272924067,14547.995932463738
"2023-08-08 00:00:00",,,1965.1073014293054,183.22383052630477
"2023-08-09 00:00:00",,,0,0
"2023-08-10 00:00:00",,,0,0
"2023-08-11 00:00:00",,,0,0
"2023-08-12 00:00:00",,,0,0
"2023-08-13 00:00:00",,,0,0
"2023-08-14 00:00:00",,,0,0
"2023-08-15 00:00:00",,,0,0
"2023-08-16 00:00:00",,,0,0
"2023-08-17 00:00:00",,,16230.278902309905,1514.5699657156347
"2023-08-18 00:00:00",,,1960.1136540985478,200.8732792504464
"2023-08-19 00:00:00",,,0,0
"2023-08-20 00:00:00",,,0,0
"2023-08-21 00:00:00",,,6253.148241132254,582.9934513344022
"2023-08-22 00:00:00",,,2007.1018889084903,189.60632279715986
"2023-08-23 00:00:00",,,0,0
"2023-08-24 00:00:00",,,0,0
"2023-08-25 00:00:00",,,5714.936959709725,532.751897069352
"2023-08-26 00:00:00",,,0,0
"2023-08-27 00:00:00",,,0,0
"2023-08-28 00:00:00",,,0,0
"2023-08-29 00:00:00",,,0,0
"2023-08-30 00:00:00",,,0,0
"2023-08-31 00:00:00",,,281736.8177400172,32822.453106015135
"2023-09-01 00:00:00",,,17186.995196098418,1601.6923367725922
"2023-09-02 00:00:00",,,0,0
"2023-09-03 00:00:00",,,0,0
"2023-09-04 00:00:00",,,0,0
"2023-09-05 00:00:00",,,10073.742728672729,904.5519463540782
"2023-09-06 00:00:00",,,0,0
"2023-09-07 00:00:00",,,770.4801786775841,109.35790150777154
"2023-09-08 00:00:00",,,110401.83277714704,19200.07983801504
"2023-09-09 00:00:00",,,0,0
"2023-09-10 00:00:00",,,0,0
"2023-09-11 00:00:00",,,0,0
"2023-09-12 00:00:00",,,30231.067859164366,3149.9594616332647
"2023-09-13 00:00:00",,,4207.2696541299265,433.64230131006144
"2023-09-14 00:00:00",,,2434.173013624331,232.40619718247143
"2023-09-15 00:00:00",,,21684.065292028594,2429.000114235412
"2023-09-16 00:00:00",,,0,0
"2023-09-17 00:00:00",,,0,0
"2023-09-18 00:00:00",,,0,0
"2023-09-19 00:00:00",,,0,0
"2023-09-20 00:00:00",,,0,0
"2023-09-21 00:00:00",,,2476.830216262881,253.78642429620794
"2023-09-22 00:00:00",,,41767.25066105652,4677.227482311922
"2023-09-23 00:00:00",,,0,0
"2023-09-24 00:00:00",,,0,0
"2023-09-25 00:00:00",,,26460.20455352641,2375.6728786434896
"2023-09-26 00:00:00",,,0,0
"2023-09-27 00:00:00",,,0,0
"2023-09-28 00:00:00",,,0,0
"2023-09-29 00:00:00",,,130208.55232141916,16323.97399482737
"2023-09-30 00:00:00",,,0,0
"2023-10-01 00:00:00",,,0,0
"2023-10-02 00:00:00",,,16533.2225852085,1851.4595808148065
"2023-10-03 00:00:00",,,0,0
"2023-10-04 00:00:00",,,22803.05688061829,2046.5029250523867
"2023-10-05 00:00:00",,,2642.142964708015,237.11622647109553
"2023-10-06 00:00:00",,,5046.396195265595,491.73852286043757
"2023-10-07 00:00:00",,,0,0
"2023-10-08 00:00:00",,,0,0
"2023-10-09 00:00:00",,,55813.89322432437,11842.455693774042
"2023-10-10 00:00:00",,,10837.422555027966,973.1536577768813
"2023-10-11 00:00:00",,,39649.34982332076,4442.367213705045
"2023-10-12 00:00:00",,,85439.96423330535,10190.364314054741
"2023-10-13 00:00:00",,,1069.6208097062056,119.78776537217169
"2023-10-14 00:00:00",,,0,0
"2023-10-15 00:00:00",,,0,0
"2023-10-16 00:00:00",,,50152.45221008793,4665.202381905441
"2023-10-17 00:00:00",,,76166.29459524735,8046.283504520514
"2023-10-18 00:00:00",,,7526.950371394535,675.9160237799447
"2023-10-19 00:00:00",,,3271.6048427462447,293.502872416381
"2023-10-20 00:00:00",,,3448.8389067115536,309.60893797659713
"2023-10-21 00:00:00",,,0,0
"2023-10-22 00:00:00",,,0,0
"2023-10-23 00:00:00",,,0,0
"2023-10-24 00:00:00",,,10051.548948280231,1126.5013186652095
"2023-10-25 00:00:00",,,16121.46575568459,1448.1952148876296
"2023-10-26 00:00:00",,,115834.80325168835,10923.794834254772
"2023-10-27 00:00:00",,,2079.9056937928935,186.63730349236283
"2023-10-28 00:00:00",,,0,0
"2023-10-29 00:00:00",,,0,0
"2023-10-30 00:00:00",,,72084.93859923848,9033.507367270373
"2023-10-31 00:00:00",,,11355.84250608946,1019.3456132387295
"2023-11-01 00:00:00",,,64.76872404409187,6.638321558135171
"2023-11-02 00:00:00",,,18046.971988806115,2147.2858426803286
"2023-11-03 00:00:00",,,8399.90565263077,776.6997481998425
"2023-11-04 00:00:00",,,0,0
"2023-11-05 00:00:00",,,0,0
"2023-11-06 00:00:00",,,0,0
"2023-11-07 00:00:00",,,10331.59095738097,927.7367954735857
"2023-11-08 00:00:00",,,60602.380688883844,12966.847712593699
"2023-11-09 00:00:00",,,46801.24331861295,5124.037948821348
"2023-11-10 00:00:00",,,79539.8790566671,9668.572212401014
"2023-11-11 00:00:00",,,0,0
"2023-11-12 00:00:00",,,0,0
"2023-11-13 00:00:00",,,180639.02251966821,20226.965231433227
"2023-11-14 00:00:00",,,3704.7329598961196,415.0762178345424
"2023-11-15 00:00:00",,,0,0
"2023-11-16 00:00:00",,,16821.725776176987,1510.150001133135
"2023-11-17 00:00:00",,,20825.750315446643,2287.830684378614
"2023-11-18 00:00:00",,,0,0
"2023-11-19 00:00:00",,,0,0
"2023-11-20 00:00:00",,,41174.51392853522,1883.8284282116051
"2023-11-21 00:00:00",,,0,0
"2023-11-22 00:00:00",,,48183.41850412396,5178.666197105209
"2023-11-23 00:00:00",,,0,0
"2023-11-24 00:00:00",,,4025.4376948778736,360.8325509037919
"2023-11-25 00:00:00",,,0,0
"2023-11-26 00:00:00",,,0,0
"2023-11-27 00:00:00",,,6775.893790081842,608.5809717900363
"2023-11-28 00:00:00",,,120554.33966368185,13973.725947397088
"2023-11-29 00:00:00",,,82809.61896737013,10150.021761139622
"2023-11-30 00:00:00",,,1726.0037808802897,154.95058966897216
"2023-12-01 00:00:00",,,136924.36478886177,16262.204958123246
"2023-12-02 00:00:00",,,0,0
"2023-12-03 00:00:00",,,0,0
"2023-12-04 00:00:00",,,7678.876586557138,689.6160166457798
"2023-12-05 00:00:00",,,14351.026699461481,1744.544928426956
"2023-12-06 00:00:00",,,0,0
"2023-12-07 00:00:00",,,42737.722560534115,4787.492075778278
"2023-12-08 00:00:00",,,8020.9081112111235,719.7698673571517
"2023-12-09 00:00:00",,,0,0
"2023-12-10 00:00:00",,,0,0
"2023-12-11 00:00:00",,,41877.387903788265,4692.75609499756
"2023-12-12 00:00:00",,,7589.662733519491,680.9311923900452
"2023-12-13 00:00:00",,,40415.96952295398,4806.403837309024
"2023-12-14 00:00:00",,,99626.69993368309,11169.943495358244
"2023-12-15 00:00:00",,,5663.745443758356,508.46645163939866
"2023-12-16 00:00:00",,,0,0
"2023-12-17 00:00:00",,,20995.220783308974,2351.4690249293517
"2023-12-18 00:00:00",,,39853.85223133985,1832.9111749535741
"2023-12-19 00:00:00",,,9131.210449913679,741.0512874536411
"2023-12-20 00:00:00",,,39882.47188482976,4460.304011688383
"2023-12-21 00:00:00",,,3414.230339673027,306.29535428330763
"2023-12-22 00:00:00",,,0,0
"2023-12-23 00:00:00",,,0,0
"2023-12-24 00:00:00",,,0,0
"2023-12-25 00:00:00",,,0,0
"2023-12-26 00:00:00",,,9541.557442371755,856.4820626574883
"2023-12-27 00:00:00",,,0,0
"2023-12-28 00:00:00",,,72005.28438361084,9029.024327858886
"2023-12-29 00:00:00",,,13284.418877236249,1494.7230109182563
"2023-12-30 00:00:00",,,0,0
"2023-12-31 00:00:00",,,0,0
"2024-01-01 00:00:00",,,0,0
"2024-01-02 00:00:00",,,175626.15152799885,20444.127219719656
"2024-01-03 00:00:00",,,0,0
"2024-01-04 00:00:00",,,172594.01401770918,19269.951179936466
"2024-01-05 00:00:00",,,59167.84590655255,5900.712748915047
"2024-01-06 00:00:00",,,0,0
"2024-01-07 00:00:00",,,0,0
"2024-01-08 00:00:00",,,0,0
"2024-01-09 00:00:00",,,0,0
"2024-01-10 00:00:00",,,7415.874198127529,665.5297960190635
"2024-01-11 00:00:00",,,1226.7973567023728,110.16113195070275
"2024-01-12 00:00:00",,,327.58314649627545,39.80295906676422
"2024-01-13 00:00:00",,,0,0
"2024-01-14 00:00:00",,,0,0
"2024-01-15 00:00:00",,,37549.90892396616,1734.576358946369
"2024-01-16 00:00:00",,,0,0
"2024-01-17 00:00:00",,,0,0
"2024-01-18 00:00:00",,,50505.0312755543,5378.3372651706
"2024-01-19 00:00:00",,,19359.422355210227,2166.220549377638
"2024-01-20 00:00:00",,,0,0
"2024-01-21 00:00:00",,,0,0
"2024-01-22 00:00:00",,,0,0
"2024-01-23 00:00:00",,,24179.26729131577,1908.394761156854
"2024-01-24 00:00:00",,,7706.383710614662,691.4208158175231
"2024-01-25 00:00:00",,,1073.5906753254953,96.32365895368288
"2024-01-26 00:00:00",,,1347.126672021131,120.95273427553694
"2024-01-27 00:00:00",,,0,0
"2024-01-28 00:00:00",,,0,0
"2024-01-29 00:00:00",,,0,0
"2024-01-30 00:00:00",,,5467.125790212669,490.8801640867738
"2024-01-31 00:00:00",,,1397.694732524972,125.61274273832939
"2024-02-01 00:00:00",,,126320.62441689645,14931.919694930773
"2024-02-02 00:00:00",,,295211.724010116,33000.09800760102
"2024-02-03 00:00:00",,,0,0
"2024-02-04 00:00:00",,,0,0
"2024-02-05 00:00:00",,,0,0
"2024-02-06 00:00:00",,,5499.268761155253,493.51306676484717
"2024-02-07 00:00:00",,,1462.137163121043,131.32557372644408
"2024-02-08 00:00:00",,,0,0
"2024-02-09 00:00:00",,,0,0
"2024-02-10 00:00:00",,,0,0
"2024-02-11 00:00:00",,,0,0
"2024-02-12 00:00:00",,,154454.39229457552,17819.27747319008
"2024-02-13 00:00:00",,,0,0
"2024-02-14 00:00:00",,,2532.1615391528544,227.45914228341366
"2024-02-15 00:00:00",,,0,0
"2024-02-16 00:00:00",,,43554.70837352349,2150.657344885825
"2024-02-17 00:00:00",,,0,0
"2024-02-18 00:00:00",,,0,0
"2024-02-19 00:00:00",,,108427.75267211032,11933.994435271496
"2024-02-20 00:00:00",,,0,0
"2024-02-21 00:00:00",,,43961.900646858405,3470.818182494625
"2024-02-22 00:00:00",,,0,0
"2024-02-23 00:00:00",,,0,0
"2024-02-24 00:00:00",,,0,0
"2024-02-25 00:00:00",,,0,0
"2024-02-26 00:00:00",,,48571.15378839389,5443.973307572902
"2024-02-27 00:00:00",,,0,0
"2024-02-28 00:00:00",,,81423.86639558231,8840.888714336923
"2024-02-29 00:00:00",,,18154.548668775245,842.5052468972084
"2024-03-01 00:00:00",,,221949.39298017326,25706.75005180667
"2024-03-02 00:00:00",,,0,0
"2024-03-03 00:00:00",,,0,0
"2024-03-04 00:00:00",,,23259.062076719878,2089.583072620754
"2024-03-05 00:00:00",,,3416.637519300438,442.85064876816443
"2024-03-06 00:00:00",,,0,0
"2024-03-07 00:00:00",,,0,0
"2024-03-08 00:00:00",,,0,0
"2024-03-09 00:00:00",,,0,0
"2024-03-10 00:00:00",,,0,0
"2024-03-11 00:00:00",,,104111.2375284618,11482.371553563324
"2024-03-12 00:00:00",,,0,0
"2024-03-13 00:00:00",,,0,0
"2024-03-14 00:00:00",,,0,0
"2024-03-15 00:00:00",,,4111.373208808167,369.45021042023717
"2024-03-16 00:00:00",,,0,0
"2024-03-17 00:00:00",,,0,0
"2024-03-18 00:00:00",,,48017.82719618676,5374.072364214998
"2024-03-19 00:00:00",,,0,0
"2024-03-20 00:00:00",,,0,0
"2024-03-21 00:00:00",,,46673.88662038516,6494.937801632149
"2024-03-22 00:00:00",,,65101.47137901902,5315.035437790633
"2024-03-23 00:00:00",,,0,0
"2024-03-24 00:00:00",,,0,0
"2024-03-25 00:00:00",,,65597.68200239306,6943.507287411183
"2024-03-26 00:00:00",,,1588.9536792897609,142.6683878096847
"2024-03-27 00:00:00",,,241111.92581156775,29480.810909829488
"2024-03-28 00:00:00",,,7569.452364446435,699.0946404747637
"2024-03-29 00:00:00",,,0,0
"2024-03-30 00:00:00",,,0,0
"2024-03-31 00:00:00",,,0,0
"2024-04-01 00:00:00",,,51628.504173303336,5900.213371842003
"2024-04-02 00:00:00",,,0,0
"2024-04-03 00:00:00",,,17553.084270357813,2260.1139369146244
"2024-04-04 00:00:00",,,0,0
"2024-04-05 00:00:00",,,0,0
"2024-04-06 00:00:00",,,0,0
"2024-04-07 00:00:00",,,0,0
"2024-04-08 00:00:00",,,81675.00977601024,6751.424101232997
"2024-04-09 00:00:00",,,0,0
"2024-04-10 00:00:00",,,27846.939186889347,2500.2736206876216
"2024-04-11 00:00:00",,,31920.812137086115,2829.8138587822305
"2024-04-12 00:00:00",,,0,0
"2024-04-13 00:00:00",,,0,0
"2024-04-14 00:00:00",,,0,0
"2024-04-15 00:00:00",,,47434.69613959745,5382.010407875577
"2024-04-16 00:00:00",,,45531.580457180615,3696.516691329063
"2024-04-17 00:00:00",,,0,0
"2024-04-18 00:00:00",,,126944.20005541209,14574.1388120759
"2024-04-19 00:00:00",,,0,0
"2024-04-20 00:00:00",,,0,0
"2024-04-21 00:00:00",,,0,0
"2024-04-22 00:00:00",,,114643.42277230087,13229.786020443204
"2024-04-23 00:00:00",,,0.03854680267769724,0.003339423512153156
"2024-04-24 00:00:00",,,0,0
"2024-04-25 00:00:00",,,211.4626986080319,11.53716363434079
"2024-04-26 00:00:00",,,90842.63185575842,10176.4917692573
"2024-04-27 00:00:00",,,0,0
"2024-04-28 00:00:00",,,0,0
"2024-04-29 00:00:00",,,54495.93072665432,6104.160669941548
"2024-04-30 00:00:00",,,7.6895451881402925,0.7049121807068133
"2024-05-01 00:00:00",,,241.4488904786382,41.80952836749796
"2024-05-02 00:00:00",,,0,0
"2024-05-03 00:00:00",,,11907.089959888528,1568.5947641430585
"2024-05-04 00:00:00",,,0,0
"2024-05-05 00:00:00",,,0,0
"2024-05-06 00:00:00",,,83337.91393497301,8253.435050579443
"2024-05-07 00:00:00",,,0,0
"2024-05-08 00:00:00",,,4314.932231799591,4387.530245220934
"2024-05-09 00:00:00",,,64008.185580674675,5948.684038640846
"2024-05-10 00:00:00",,,1801.0328222827732,217.9615616387157
"2024-05-11 00:00:00",,,0,0
"2024-05-12 00:00:00",,,0,0
"2024-05-13 00:00:00",,,53982.25188055553,5934.141406491047
"2024-05-14 00:00:00",,,757.7587965560886,87.20708013590149
"2024-05-15 00:00:00",,,15816.501098279985,5419.355302302933
"2024-05-16 00:00:00",,,175832.2755217751,18419.128052615066
"2024-05-17 00:00:00",,,14620.23499597479,3876.75423001429
"2024-05-18 00:00:00",,,0,0
"2024-05-19 00:00:00",,,0,0
"2024-05-20 00:00:00",,,49755.031731999996,5215.684252
"2024-05-21 00:00:00",,,144319.89376121457,21469.452594583694
"2024-05-22 00:00:00",,,14727.683357,1321.988097
"2024-05-23 00:00:00",,,0,0
"2024-05-24 00:00:00",,,243.94358688699998,2043.80201012
"2024-05-25 00:00:00",,,0,0
"2024-05-26 00:00:00",,,0,0
"2024-05-27 00:00:00",,,49941.29995889339,5238.670961725034
"2024-05-28 00:00:00",,,0.054261224591999994,4000.004700586312
"2024-05-29 00:00:00",,,346.47325099999995,59.980014999999995
"2024-05-30 00:00:00",,,75771.48664552806,9199.897959901904
"2024-05-31 00:00:00",,,0,4000
"2024-06-01 00:00:00",,,0,0
"2024-06-02 00:00:00",,,0,0
"2024-06-03 00:00:00",,,48977.425707462804,5136.33158663616
"2024-06-04 00:00:00",,,12504.696596369397,6183.149657940075
"2024-06-05 00:00:00",,,122397.79106399999,13525.564196
"2024-06-06 00:00:00",,,0,0
"2024-06-07 00:00:00",,,0,0
"2024-06-08 00:00:00",,,0,0
"2024-06-09 00:00:00",,,0,0
"2024-06-10 00:00:00",,,11224.451801000001,6007.7374629999995
"2024-06-11 00:00:00",,,52057.742142,5459.145561
"2024-06-12 00:00:00",,,111429.64390099462,37869.510742775194
"2024-06-13 00:00:00",,,0,0
"2024-06-14 00:00:00",,,249.55421371625602,7184.794403647302
"2024-06-15 00:00:00",,,0,0
"2024-06-16 00:00:00",,,0,0
"2024-06-17 00:00:00",,,112496.53291050915,10369.535080883752
"2024-06-18 00:00:00",,,133691.57325,20986.833328
"2024-06-19 00:00:00",,,736.189597067586,104.053521467674
"2024-06-20 00:00:00",,,0,0
"2024-06-21 00:00:00",,,59598.46110610834,13773.569963735825
"2024-06-22 00:00:00",,,0,0
"2024-06-23 00:00:00",,,0,0
"2024-06-24 00:00:00",,,83604.0001741078,8522.833257407001
"2024-06-25 00:00:00",,,0,6845.84
"2024-06-26 00:00:00",,,0,0
"2024-06-27 00:00:00",,,68062.22122505246,8677.54366646431
"2024-06-28 00:00:00",,,203452.4581197379,25073.13998445595
"2024-06-29 00:00:00",,,0,0
"2024-06-30 00:00:00",,,0,0
"2024-07-01 00:00:00",,,0,0
"2024-07-02 00:00:00",,,0.13494555246599998,7002.922119709186
"2024-07-03 00:00:00",,,143313.86939872574,16525.730825094317
"2024-07-04 00:00:00",,,54701.47596968879,7027.995104375344
"2024-07-05 00:00:00",,,17970.50725640671,1613.138988058473
"2024-07-06 00:00:00",,,0,0
"2024-07-07 00:00:00",,,0,0
"2024-07-08 00:00:00",,,113662.70028894127,24251.405672394474
"2024-07-09 00:00:00",,,0,10708.04
"2024-07-10 00:00:00",,,0,0
"2024-07-11 00:00:00",,,119811.752622,16722.6771
"2024-07-12 00:00:00",,,22989.234656670626,16529.014597435424
"2024-07-13 00:00:00",,,0,0
"2024-07-14 00:00:00",,,0,0
"2024-07-15 00:00:00",,,47190.465832509995,4974.576457568
"2024-07-16 00:00:00",,,10253.487434784001,14999.720714982
"2024-07-17 00:00:00",,,181091.17804377602,21511.655357394
"2024-07-18 00:00:00",,,5550.957131990591,549.79679980408
"2024-07-19 00:00:00",,,70964.58487633686,34108.13843883626
"2024-07-20 00:00:00",,,0,0
"2024-07-21 00:00:00",,,0,0
"2024-07-22 00:00:00",,,114145.762323,13742.244018000001
"2024-07-23 00:00:00",,,37944.78924380082,23049.31015612379
"2024-07-24 00:00:00",,,0,0
"2024-07-25 00:00:00",,,13609.676266188251,1644.609755121554
"2024-07-26 00:00:00",,,61917.424949386994,23426.249558469684
"2024-07-27 00:00:00",,,0,0
"2024-07-28 00:00:00",,,0,0
"2024-07-29 00:00:00",,,89997.49174420987,9367.616285668199
"2024-07-30 00:00:00",,,0,32294.11
"2024-07-31 00:00:00",,,15340.91747678742,2076.55841913726
"2024-08-01 00:00:00",,,148174.115957,17042.096291
"2024-08-02 00:00:00",,,12557.977701649585,22103.49658368162
"2024-08-03 00:00:00",,,0,0
"2024-08-04 00:00:00",,,0,0
"2024-08-05 00:00:00",,,97951.82090794097,10532.854660473999
"2024-08-06 00:00:00",,,6.953741023748999,35977.95845691182
"2024-08-07 00:00:00",,,5293.259192999999,500.14808000000005
"2024-08-08 00:00:00",,,32710.652663159886,4358.505834752668
"2024-08-09 00:00:00",,,52135.44662270999,35263.349959878
"2024-08-10 00:00:00",,,0,0
"2024-08-11 00:00:00",,,0,0
"2024-08-12 00:00:00",,,24004.578328730997,2516.0358885
"2024-08-13 00:00:00",,,13835.817787389264,14288.082614089544
"2024-08-14 00:00:00",,,18961.344447873278,1709.7459265433602
"2024-08-15 00:00:00",,,24264.11779657614,3127.67193165242
"2024-08-16 00:00:00",,,229294.32891136876,42145.50638803941
"2024-08-17 00:00:00",,,0,0
"2024-08-18 00:00:00",,,0,0
"2024-08-19 00:00:00",,,0.06123,0.0053890000000000006
"2024-08-20 00:00:00",,,137284.45089400237,40196.556183400906
"2024-08-21 00:00:00",,,36920.76046664906,4169.999809828549
"2024-08-22 00:00:00",,,155247.08778307782,20064.442645453197
"2024-08-23 00:00:00",,,0,13883.84
"2024-08-24 00:00:00",,,0,0
"2024-08-25 00:00:00",,,0,0
"2024-08-26 00:00:00",,,23159.988806999994,2673.330543
"2024-08-27 00:00:00",,,7927.616489999999,34988.468851
"2024-08-28 00:00:00",,,26878.101880629998,2820.035002095
"2024-08-29 00:00:00",,,148715.5907663439,17268.327926991726
"2024-08-30 00:00:00",,,22257.18725409772,5495.420915553207
"2024-08-31 00:00:00",,,12159.752958353,1470.606144163
"2024-09-01 00:00:00",,,0,0
"2024-09-02 00:00:00",,,0,0
"2024-09-03 00:00:00",,,22481.32941172418,20065.869986979225
"2024-09-04 00:00:00",,,241176.05447392393,30450.723828483242
"2024-09-05 00:00:00",,,0,7289.37
"2024-09-06 00:00:00",,,9216.59519,906.486178
"2024-09-07 00:00:00",,,308.449137706398,38.137764738230004
"2024-09-08 00:00:00",,,0,0
"2024-09-09 00:00:00",,,15171.675876704456,1692.7557736181102
"2024-09-10 00:00:00",,,6313.002905093772,24060.61267997302
"2024-09-11 00:00:00",,,0,0
"2024-09-12 00:00:00",,,100751.33184116,13765.164736453
"2024-09-13 00:00:00",,,0,23223.08
"2024-09-14 00:00:00",,,16969.685132,2422.1786970000003
"2024-09-15 00:00:00",,,0,0
"2024-09-16 00:00:00",,,118310.44636364309,14997.83106791605
"2024-09-17 00:00:00",,,0,0
"2024-09-18 00:00:00",,,35849.46290680732,23500.787991026154
"2024-09-19 00:00:00",,,24059.056088999998,2521.492352
"2024-09-20 00:00:00",,,206291.5327928275,23845.439296437762
"2024-09-21 00:00:00",,,28495.333023544183,3578.8759347039977
"2024-09-22 00:00:00",,,0,0
"2024-09-23 00:00:00",,,0,0
"2024-09-24 00:00:00",,,5712.696743231322,947.909053771888
"2024-09-25 00:00:00",,,14651.074132695,1961.232026835
"2024-09-26 00:00:00",,,37108.41273638925,24805.64677569611
"2024-09-27 00:00:00",,,220327.25476856096,26105.685890820045
"2024-09-28 00:00:00",,,11755.792452901564,1422.714836753876
"2024-09-29 00:00:00",,,0,0
"2024-09-30 00:00:00",,,18659.669663328434,135501.36743371593
"2024-10-01 00:00:00",,,4823.066178692574,800.6347203662381
"2024-10-02 00:00:00",,,0,0
"2024-10-03 00:00:00",,,4766.080510658166,427.790127197691
"2024-10-04 00:00:00",,,140326.51842194897,20337.702575171
"2024-10-05 00:00:00",,,0,0
"2024-10-06 00:00:00",,,117857.963673,15251.427487
"2024-10-07 00:00:00",,,9745.11161809466,1523.6296921952999
"2024-10-08 00:00:00",,,16562.66858096368,51641.14295660857
"2024-10-09 00:00:00",,,101516.56162265956,14955.320321075056
"2024-10-10 00:00:00",,,28585.274322744455,3835.521779464405
"2024-10-11 00:00:00",,,104003.600998029,19977.91978726675
"2024-10-12 00:00:00",,,0,0
"2024-10-13 00:00:00",,,0,0
"2024-10-14 00:00:00",,,112214.34694040606,15281.993922558793
"2024-10-15 00:00:00",,,12596.524541377126,53265.55004219779
"2024-10-16 00:00:00",,,20409.1390190709,3030.730292574335
"2024-10-17 00:00:00",,,46349.32890425849,6067.109330495123
"2024-10-18 00:00:00",,,694756.8281820001,100204.108723
"2024-10-19 00:00:00",,,0,0
"2024-10-20 00:00:00",,,0,0
"2024-10-21 00:00:00",,,101358.03595300001,13582.351922000002
"2024-10-22 00:00:00",,,97648.9192291998,50506.40959040154
"2024-10-23 00:00:00",,,1587.1211379929882,15810.287758370165
"2024-10-24 00:00:00",,,9107.599712000001,817.4216289999999
"2024-10-25 00:00:00",,,355782.1670585667,42087.023313846585
"2024-10-26 00:00:00",,,11571.705149759619,1402.73678170812
"2024-10-27 00:00:00",,,0,0
"2024-10-28 00:00:00",,,28680.834237010018,3872.7786899395996
"2024-10-29 00:00:00",,,7831.4162172125,804.590729880125
"2024-10-30 00:00:00",,,1607.039248,261.887817
"2024-10-31 00:00:00",,,32280.052898056874,4478.513126280754
"2024-11-01 00:00:00",,,256612.4843083947,27873.51442365047
"2024-11-02 00:00:00",,,0,0
"2024-11-03 00:00:00",,,0,0
"2024-11-04 00:00:00",,,74693.70515085527,10451.530527611081
"2024-11-05 00:00:00",,,103679.59829473299,82643.362247618
"2024-11-06 00:00:00",,,84462.31969300001,11254.587975999999
"2024-11-07 00:00:00",,,1429.42690145376,245.847233498021
"2024-11-08 00:00:00",,,86312.59695520408,27546.14349084861
"2024-11-09 00:00:00",,,46.903882070856,93.813882070856
"2024-11-10 00:00:00",,,0,0
"2024-11-11 00:00:00",,,53395.21750822099,29564.513995064997
"2024-11-12 00:00:00",,,16678.589121366,2439.901672086
"2024-11-13 00:00:00",0.269207698,0,196802.39652073,24169.207580454
"2024-11-14 00:00:00",0.2213289818,0,195247.68317421415,26422.34866068227
"2024-11-15 00:00:00",0.2049531612,0,137111.12097377604,18892.24712192224
"2024-11-16 00:00:00",0.2302383588,65429036.8940092,0,0
"2024-11-17 00:00:00",0.2142339046,64086684.4226853,0,0
"2024-11-18 00:00:00",0.2293251172,85219953.2852032,0,31214.55
"2024-11-19 00:00:00",0.2178708366,91085457.0466787,73266.609203589,9846.922001038
"2024-11-20 00:00:00",0.2041953416,86472314.8046353,99422.81468744577,13321.34852648498
"2024-11-21 00:00:00",0.2524640052,109793892.905071,73544.69986500002,9819.88431
"2024-11-22 00:00:00",0.2277489187,100777212.086381,348194.258879467,43850.596095419
"2024-11-23 00:00:00",0.2293929182,100785469.15434,10529.94667006544,1253.3752769851221
"2024-11-24 00:00:00",0.2337416991,102985637.367651,0,0
"2024-11-25 00:00:00",0.2154124959,95041120.0870177,65642.803286635,23187.961485893
"2024-11-26 00:00:00",0.2102302999,93323976.9405146,322281.84748569,35036.616790432
"2024-11-27 00:00:00",0.221900079,114775344.4376,43213.87069958507,6897.356069377782
"2024-11-28 00:00:00",0.223978989,116599488.214975,0,0
"2024-11-29 00:00:00",0.2063334847,107353226.169086,0,0
"2024-11-30 00:00:00",0.2098768325,110458434.593577,0,0
"2024-12-01 00:00:00",0.2034273686,107741199.967885,105913.99915628108,15627.965698841717
"2024-12-02 00:00:00",0.1950589619,103347742.453375,29619.434521374154,3848.233421625243
"2024-12-03 00:00:00",0.2197038989,117189257.617244,313268.24143008346,40407.376775003126
"2024-12-04 00:00:00",0.2382327034,127424069.976396,0,0
"2024-12-05 00:00:00",0.2258218053,121884171.881644,46531.28524061,6282.376665461999
"2024-12-06 00:00:00",0.2306688166,124257996.475703,146610.88952690488,69731.41855847009
"2024-12-07 00:00:00",0.2273052573,122460600.888982,0,0
"2024-12-08 00:00:00",0.2360933439,127354679.548297,0,0
"2024-12-09 00:00:00",0.2208777645,118747352.949712,68138.56429332333,9493.526930587741
"2024-12-10 00:00:00",0.2149332336,116294189.5424,62980.33887010058,8001.7240592956005
"2024-12-11 00:00:00",0.2255125987,121780538.404197,13392.635239999998,1665.142064
"2024-12-12 00:00:00",0.2060373862,111152498.295899,35890.39521999999,49734.805326
"2024-12-13 00:00:00",0.1925461311,103756872.760661,177544.442106,22233.752497
"2024-12-14 00:00:00",0.1734466029,93753806.0797431,0,0
"2024-12-15 00:00:00",0.1736811316,93317081.8723201,483.49163721612,78.78678103227
"2024-12-16 00:00:00",0.2105545072,113845572.976655,0,40225.68
"2024-12-17 00:00:00",0.1973389283,106512126.601599,11325.479058225377,1617.284259480028
"2024-12-18 00:00:00",0.1981076209,106938134.014115,21383.429024000005,2823.398825
"2024-12-19 00:00:00",0.184672936,99628239.4866312,204212.40900099996,25693.738392
"2024-12-20 00:00:00",0.1825385565,98309682.3082798,247927.44318104998,34887.404594124004
"2024-12-21 00:00:00",0.1679308156,90663220.1576853,0,0
"2024-12-22 00:00:00",0.1627375558,87805235.691488,1930.051907260512,259.719418323136
"2024-12-23 00:00:00",0.1671684638,90329282.178749,463.24968790099996,75.45738867899999
"2024-12-24 00:00:00",0.1730933917,93265870.0331903,8322.128811975752,1085.5151444946841
"2024-12-25 00:00:00",0.1756563001,94759162.6002457,0,0
"2024-12-26 00:00:00",0.1700301106,91728278.4302192,0,0
"2024-12-27 00:00:00",0.1655102388,89311145.8655843,0,0
"2024-12-28 00:00:00",0.1650843399,89075371.1199537,0,0
"2024-12-29 00:00:00",0.1631331353,88010647.428341,0,0
"2024-12-30 00:00:00",0.1619979646,87389877.6716626,3213.493003670726,572.4932065883479
"2024-12-31 00:00:00",0.1559554193,84159102.5525433,122658.510417138,18004.62420200254
"2025-01-01 00:00:00",0.1551515796,83684247.486921,0,0
"2025-01-02 00:00:00",0.1574063638,84972129.6407016,758.193757931479,140.531096433637
"2025-01-03 00:00:00",0.1621279331,87491556.508801,389142.9284804982,47071.97496266625
"2025-01-04 00:00:00",0.1575452273,85030122.3004871,91872.46522343412,11007.063660164544
"2025-01-05 00:00:00",0.1508884193,81399927.0586215,0,0
"2025-01-06 00:00:00",0.1542825328,83309112.7766426,90000.69411291536,10765.07668085116
"2025-01-07 00:00:00",0.1354658422,99938450.8694169,0.038316658870000006,0.00312189073
"2025-01-08 00:00:00",0.1287568816,97038915.2501546,11548.593773610584,1530.1267862888049
"2025-01-09 00:00:00",0.1210661078,89283170.8102038,192660.75920876113,23392.059084505956
"2025-01-10 00:00:00",0.1243062297,92334896.0752047,2962.1806177891153,20467.196067195106
"2025-01-11 00:00:00",0.1222713061,90149843.5225174,175725.8517956898,20985.419968101283
"2025-01-12 00:00:00",0.135613246,99925557.2346044,0,0
"2025-01-13 00:00:00",0.1177350625,86593116.9358998,46957.578179223274,12970.113681182433
"2025-01-14 00:00:00",0.1194555454,88694110.271646,326899.7727141581,34518.90727798028
"2025-01-15 00:00:00",0.1330377097,98037747.5100914,45123.66188949573,5517.292398684168
"2025-01-16 00:00:00",0.1300701173,95895841.8013732,4106.257695316348,30678.311234018438
"2025-01-17 00:00:00",0.1386797389,102010784.202749,56749.53875920688,4480.243370481869
"2025-01-18 00:00:00",0.1274424225,93950396.5430132,97427.14380684527,11761.59355168522
"2025-01-19 00:00:00",0.1201706152,88407534.9703624,165218.71073135154,32638.29786765761
"2025-01-20 00:00:00",0.112408422,82933724.4915999,79588.19225617313,14208.660087066752
"2025-01-21 00:00:00",0.1140653156,83919975.3218135,1842.8075820000001,249.107077
"2025-01-22 00:00:00",0.1183070569,87190978.1764485,4043.015379,79470.01970700001
"2025-01-23 00:00:00",0.122577204,90411270.5221818,3707.8672460000003,584.810668
"2025-01-24 00:00:00",0.1388088754,102299393.854827,75082.6192701537,9548.606518709417
"2025-01-25 00:00:00",0.14566584,107269181.922128,0,0
"2025-01-26 00:00:00",0.146768773,108309153.629948,0,0
"2025-01-27 00:00:00",0.1361978136,100397356.012911,9626.905522000003,15321.264227
"2025-01-28 00:00:00",0.1372154279,101136409.349754,2390.438018114402,21791.590324098626
"2025-01-29 00:00:00",0.132610129,97670744.5396693,165103.5334657869,24094.01866558706
"2025-01-30 00:00:00",0.134851569,99441337.469949,89752.43383078516,14755.978474061689
"2025-01-31 00:00:00",0.1277778249,94160250.7984449,193467.1105775473,23530.342778595692
"2025-02-01 00:00:00",0.1281383207,94462748.459553,111607.1420736175,13528.374193150903
"2025-02-02 00:00:00",0.1141336862,84026366.630785,50326.077216928155,5969.888418179439
"2025-02-03 00:00:00",0.134545587,99162014.0674004,237961.2467566422,27348.248467268422
"2025-02-04 00:00:00",0.1212389734,89226343.6568827,77069.18998813837,9404.216611957761
"2025-02-05 00:00:00",0.1142635018,84213362.7243989,8964.164227000001,31510.877712
"2025-02-06 00:00:00",0.1102705807,81236778.996768,191444.72289870097,23002.33016689175
"2025-02-07 00:00:00",0.110801012,81680080.6420676,59955.028320516845,7424.978248235017
"2025-02-08 00:00:00",0.1082019705,79734960.7777571,54756.11649994614,6637.15308004112
"2025-02-09 00:00:00",0.1119792955,82547936.3417262,0,0
"2025-02-10 00:00:00",0.1132141507,83483790.9727789,190834.82121979282,22883.953213333472
"2025-02-11 00:00:00",0.110666651,81580553.1891664,1949.505303935566,307.485261765849
"2025-02-12 00:00:00",0.1136913257,83597580.8764625,46043.032541570145,6575.166733448427
"2025-02-13 00:00:00",0.1126616554,83034014.0951554,14206.649339680162,1674.382964660604
"2025-02-14 00:00:00",0.1313579,96805599.0652139,747639.9965927732,70595.05517362019
"2025-02-15 00:00:00",0.1313017542,96772159.734711,0,0
"2025-02-16 00:00:00",0.1336160933,98477876.4264374,0,0
"2025-02-17 00:00:00",0.1368992804,100898070.481771,23542.140172393858,3725.3745288274563
"2025-02-18 00:00:00",0.127774285,94175700.3299268,150255.23688921312,15476.698916375528
"2025-02-19 00:00:00",0.1327817376,97871371.4815541,64922.63692596509,12512.085375009194
"2025-02-20 00:00:00",0.1271853064,93736724.5261729,5685.402383207388,60834.32836466788
"2025-02-21 00:00:00",0.1365820639,100665194.362369,25917.10842193069,3067.624543400082
"2025-02-22 00:00:00",0.1356084315,99945474.9573841,0,0
"2025-02-23 00:00:00",0.141808791,104511224.949556,6657.96854199084,784.716485207765
"2025-02-24 00:00:00",0.1276912537,94148970.2135201,5430.639725271076,31196.634987631875
"2025-02-25 00:00:00",0.1271567191,93741067.253487,171718.96140825888,21441.54898765181
"2025-02-26 00:00:00",0.1261418862,92954115.7194635,38916.861974237,5052.55232936997
"2025-02-27 00:00:00",0.1328889757,97929364.9982828,7942.882426379673,18007.596977251967
"2025-02-28 00:00:00",0.1274075824,94161108.8136046,299751.13603161805,62445.16376939685
"2025-03-01 00:00:00",0.1245421049,91705620.1645893,0,0
"2025-03-02 00:00:00",0.1362721547,100435449.614585,0,0
"2025-03-03 00:00:00",0.1189602127,87708106.4688792,89355.82612086576,15215.027602741246
"2025-03-04 00:00:00",0.1298815968,95698845.8789113,129425.2383209955,29305.206092334593
"2025-03-05 00:00:00",0.1363695835,100532974.807513,174.411496746904,33.043193397202
"2025-03-06 00:00:00",0.1410451297,103860021.876787,0,0
"2025-03-07 00:00:00",0.1375251275,101359248.875794,415710.7851805577,88777.6888246426
"2025-03-08 00:00:00",0.1711785214,126591338.540682,0,0.01
"2025-03-09 00:00:00",0.1383464087,101965059.388105,0,0
"2025-03-10 00:00:00",0.1330577078,98078574.2466205,105040.83945297594,13044.169750361347
"2025-03-11 00:00:00",0.1328883453,97943107.8165444,60378.55083702359,8430.239920363652
"2025-03-12 00:00:00",0.1493024551,110082393.201702,8928.030479762041,1105.395201456562
"2025-03-13 00:00:00",0.1408154268,103779436.818947,53329.74802557915,7659.751131398169
"2025-03-14 00:00:00",0.159065191,117053481.604866,11576.229399091857,1990.0245825018042
"2025-03-15 00:00:00",0.1604444725,118254519.041665,0,0
"2025-03-16 00:00:00",0.1457204192,107347162.903294,0,0
"2025-03-17 00:00:00",0.1487745476,109690284.469648,267809.88023782463,29431.877100206468
"2025-03-18 00:00:00",0.1385484675,102104303.350881,7965.287558874623,1298.0626607231138
"2025-03-19 00:00:00",0.1383122224,101976855.419845,11688.735041397917,1920.6867440070819
"2025-03-20 00:00:00",0.1307370145,96394755.1712146,100996.42201424968,10108.425463024145
"2025-03-21 00:00:00",0.1261809614,93013950.1873047,130790.5058666993,151970.41610621038
"2025-03-22 00:00:00",0.1373307527,101326769.076181,0,0
"2025-03-23 00:00:00",0.1331283541,98099818.7736441,0,0
"2025-03-24 00:00:00",0.1364570857,121741396.629695,95627.13839274994,20192.93824256596
"2025-03-25 00:00:00",0.1420278199,126850405.684434,8501.36382328818,1305.506312532656
"2025-03-26 00:00:00",0.1387641693,124187184.045919,52.61799890083799,9.964862548554
"2025-03-27 00:00:00",0.1378449018,123250567.073444,1551.9477265102662,171.47680944343597
"2025-03-28 00:00:00",0.1240673084,110887679.656044,259581.0683927904,31938.781310674734
"2025-03-29 00:00:00",0.1159446917,103585719.559744,0,0
"2025-03-30 00:00:00",0.1202939672,107644591.943155,86892.04002908745,11092.540299149841
"2025-03-31 00:00:00",0.1170944211,104664127.136343,14896.623578065291,15903.172648197638
"2025-04-01 00:00:00",0.1213766791,108559105.047741,56850.171254256114,12091.070317698373
"2025-04-02 00:00:00",0.1179948261,105043237.251291,134034.83278490647,17415.502284865895
"2025-04-03 00:00:00",0.1132241896,101184940.293757,853.454570468734,168.403769130728
"2025-04-04 00:00:00",0.113635574,101585205.811246,230347.49143102468,27156.374479317536
"2025-04-05 00:00:00",0.1104655199,98645577.8914095,0,0
"2025-04-06 00:00:00",0.09443753068,84273827.0278374,79235.92442927984,10053.654485605504
"2025-04-07 00:00:00",0.0969455912,86512649.9995399,117954.78234855221,17036.907204065068
"2025-04-08 00:00:00",0.09250402599,86556638.5560844,12988.466604038078,1727.9228240660323
"2025-04-09 00:00:00",0.1097383012,102798523.963292,24807.116686915582,3230.6146183275523
"2025-04-10 00:00:00",0.1060881341,99354271.9955755,0,19.01
"2025-04-11 00:00:00",0.1101833927,103059013.054235,82216.66523051367,10988.37764876915
"2025-04-12 00:00:00",0.1148158103,107516401.713817,23724.298196971005,2996.4702700959842
"2025-04-13 00:00:00",0.1090688226,101948474.80563,0,130000
"2025-04-14 00:00:00",0.1096124482,102438324.873948,0,0
"2025-04-15 00:00:00",0.108084247,101311191.653878,2655.5728650186,1654.790817489175
"2025-04-16 00:00:00",0.133182448,124628301.838597,0,53.45
"2025-04-17 00:00:00",0.1355899338,126923883.365761,31702.466844414528,3324.45371319504
"2025-04-18 00:00:00",0.1566919684,146668670.496758,58527.509172180835,4947.216414480824
"2025-04-19 00:00:00",0.1691163127,158387124.619679,0,0
"2025-04-20 00:00:00",0.151140302,141471040.217222,1916.4021224470737,258.02689494981996
"2025-04-21 00:00:00",0.1441800329,134912563.587963,26176.124387378008,104826.34262595055
"2025-04-22 00:00:00",0.1753781289,164226542.899651,139009.1945708978,147238.73809335293
"2025-04-23 00:00:00",0.1776454695,166323698.296216,1574.484665181542,493.35246330594396
"2025-04-24 00:00:00",0.1668409179,156182456.629926,129731.14723351106,20228.296790657743
"2025-04-25 00:00:00",0.16167489,151345712.083708,237772.00288008078,27334.481561907036
"2025-04-26 00:00:00",0.1596010783,149432791.60384,0,0
"2025-04-27 00:00:00",0.1499716044,140483019.996446,0,0
"2025-04-28 00:00:00",0.1463018392,136955178.74834,124210.66745825353,19846.751034228626
"2025-04-29 00:00:00",0.1389538892,130028502.48743,0,5059.490000000001
"2025-04-30 00:00:00",0.1571834521,147144660.340927,103628.30562391931,117480.70303432188
"2025-05-01 00:00:00",0.1640229401,174719925.067955,0,447.95
"2025-05-02 00:00:00",0.1749615442,186331938.012849,0,578.69
"2025-05-03 00:00:00",0.1764342321,187928296.583344,0,156.05
"2025-05-04 00:00:00",0.1737562142,185005864.837887,0,15.32
"2025-05-05 00:00:00",0.1792147571,190929658.672328,439206.3354037076,65510.92180968718
"2025-05-06 00:00:00",0.2156373793,232321170.719155,243231.33878699996,32310.2079
"2025-05-07 00:00:00",0.2237417514,239945365.438811,119104.89115020013,15638.594480428796
"2025-05-08 00:00:00",0.2248615957,241623643.470486,125629.96159260103,220220.6339142735
"2025-05-09 00:00:00",0.2423701433,260397455.080206,291372.3872467038,39444.21238321256
"2025-05-10 00:00:00",0.2871299258,307979153.786146,0,732.2800000000001
"2025-05-11 00:00:00",0.2737716666,294064625.279967,0,752.0999999999999
"2025-05-12 00:00:00",0.2469539212,264948867.131457,141471.79424034402,21894.97835943065
"2025-05-13 00:00:00",0.2701485106,289875019.043883,2093.371818806772,1531.3894348764438
"2025-05-14 00:00:00",0.3154272953,338723206.241085,209530.569852,133419.708633
"2025-05-15 00:00:00",0.3240090561,347310711.230505,203093.16267350153,24359.8783745661
"2025-05-16 00:00:00",0.3369391379,361589237.725221,0,759.0900000000001
"2025-05-17 00:00:00",0.3489152568,374676748.752538,0,589.0999999999999
"2025-05-18 00:00:00",0.3665236044,393691842.796743,0,938.3
"2025-05-19 00:00:00",0.3336187562,358259632.123454,62613.9900277947,5868.0448687946
"2025-05-20 00:00:00",0.3615787879,388285464.128883,1793.6290813581988,76044.06704659994
"2025-05-21 00:00:00",0.34137197,366868475.568937,14040.542574615365,2785.7517692330357
"2025-05-22 00:00:00",0.3853612914,413868084.741361,222840.8341731719,32255.859393365514
"2025-05-23 00:00:00",0.3858028181,414117528.785083,504938.4251354401,150389.16340211243
"2025-05-24 00:00:00",0.4272574859,458758854.826116,0,1171.6000000000001
"2025-05-25 00:00:00",0.4416804214,474433527.640239,0,1246.2400000000002
"2025-05-26 00:00:00",0.4195826695,450739232.051048,0,1436.9300000000003
"2025-05-27 00:00:00",0.4233192211,454574515.894925,213374.50027882098,30657.321531627997
"2025-05-28 00:00:00",0.4174663016,448925444.403496,133141.3806992854,18683.91348157478
"2025-05-29 00:00:00",0.386603446,415399666.934677,10271.733183006498,57373.28201287519
"2025-05-30 00:00:00",0.3539939102,380130374.886986,174435.15323052555,42594.53168758396
"2025-05-31 00:00:00",0.3425141665,367835073.301659,20718.313631421322,205539.641931127
"2025-06-01 00:00:00",0.3568870976,383091573.988907,0,2553.1099999999997
"2025-06-02 00:00:00",0.4127257618,443201286.105316,3326.14229099302,3068.648215515435
"2025-06-03 00:00:00",0.417696141,449071439.6488,70514.03362514942,12378.7044481238
"2025-06-04 00:00:00",0.4096277681,439872830.852091,234837.4434055102,35488.35570526247
"2025-06-05 00:00:00",0.3595539606,386291944.108824,304217.47586333175,37992.30585017428
"2025-06-06 00:00:00",0.4055880697,435529951.252281,145103.99381345193,25100.605324125387
"2025-06-07 00:00:00",0.4188521635,449662854.205717,0,3280.890000000001
"2025-06-08 00:00:00",0.4043742094,434076554.415993,0,3206.73
"2025-06-09 00:00:00",0.4388158528,472405461.063725,15149.057085820335,6514.257698853784
"2025-06-10 00:00:00",0.4874614353,523452772.586384,108503.07636703466,169962.65540158597
"2025-06-11 00:00:00",0.4959701108,532317930.45824,192984.97916734824,105012.8796713709
"2025-06-12 00:00:00",0.4843808793,521118507.002496,115279.48019622375,394642.63309472427
"2025-06-13 00:00:00",0.491610397,527907110.807442,414937.09792934515,60798.559177032126
"2025-06-14 00:00:00",0.4676534496,502522400.26484,0,1336.37
"2025-06-15 00:00:00",0.4958709653,531688247.055902,24035.993365183356,4475.50454457977
"2025-06-16 00:00:00",0.5240482902,562821323.984139,95605.4096520354,13479.750033924
"2025-06-17 00:00:00",0.5085875596,546499054.317346,0,2548.4
"2025-06-18 00:00:00",0.5115498511,549322614.111146,19529.49840429821,5095.07875947264
"2025-06-19 00:00:00",0.4789265379,513212518.184752,528109.4906539015,79301.97985126605
"2025-06-20 00:00:00",0.4501248319,483296559.022914,586413.7293799305,86789.71619930059
"2025-06-21 00:00:00",0.42416276,454443989.977371,36891.299962910736,9621.623731409394
"2025-06-22 00:00:00",0.434859659,466887842.185619,0,2142.2999999999997
"2025-06-23 00:00:00",0.4956921369,529754221.750051,131914.81024999588,22521.849551038722
"2025-06-24 00:00:00",0.5646567162,605754694.994034,0,2755.21
"2025-06-25 00:00:00",0.5710807705,613354314.491126,156332.65666162246,27412.111173503818
"2025-06-26 00:00:00",0.5929104862,636660046.899812,0,2802.53
"2025-06-27 00:00:00",0.5905589967,634167229.326108,287820.5680497548,42810.08111205702
"2025-06-28 00:00:00",0.6244964499,669674863.867266,76393.92718409505,15693.36948637377
"2025-06-29 00:00:00",0.6055501265,650656572.867014,0,6194.9
"2025-06-30 00:00:00",0.5409710772,580659832.371941,205089.7863362634,250786.2299300301
"2025-07-01 00:00:00",0.5034848927,541088132.660593,140530.17120243752,23488.83446875
"2025-07-02 00:00:00",0.5395454467,579963226.594653,188474.01566172944,28617.766169039474
"2025-07-03 00:00:00",0.5121217131,549613907.226988,234803.5519575496,31492.663479892086
"2025-07-04 00:00:00",0.5379365291,577357744.528624,0,2778.9700000000003
"2025-07-05 00:00:00",0.5548506916,596519983.794011,0,2617.53
"2025-07-06 00:00:00",0.5587723766,600395303.544684,0,2034.7700000000002
"2025-07-07 00:00:00",0.5161945768,554640364.422727,216308.9953557707,36947.83783784367
"2025-07-08 00:00:00",0.5090203227,547021139.782804,319684.01185825194,50453.45123855705
"2025-07-09 00:00:00",0.5258924302,565372665.73485,23282.829133114745,6140.962970920402
"2025-07-10 00:00:00",0.4923135801,528140064.054147,643907.7277749999,96826.11238399998
"2025-07-11 00:00:00",0.5343859227,573620754.349554,686422.2999707062,106235.16828465364
"2025-07-12 00:00:00",0.4973548499,533519374.037892,162551.69507771655,19264.646705740386
"2025-07-13 00:00:00",0.4914972504,527323985.509216,0,2072.35
"2025-07-14 00:00:00",0.4391973638,471884048.82762,614143.8238441008,87131.63048053576
"2025-07-15 00:00:00",0.4572823782,491031849.241789,55476.62261927533,309374.20617686067
"2025-07-16 00:00:00",0.4812921744,516722581.429685,0,1560.6
"2025-07-17 00:00:00",0.4375146566,469821273.543201,35959.15258966067,6644.069520390933
"2025-07-18 00:00:00",0.4235996509,454875322.63207,76384.99933928791,9836.806250810016
"2025-07-19 00:00:00",0.421343054,452994802.826034,1811.765648604249,318.95436872340804
"2025-07-20 00:00:00",0.4172241078,448148650.224251,478689.23767837207,67531.72141545743
"2025-07-21 00:00:00",0.4196333992,450618663.961742,0,11.739999999999998
"2025-07-22 00:00:00",0.4411548672,474015961.226155,167027.96423979383,224282.13659264217
"2025-07-23 00:00:00",0.4438934099,476737435.881021,348.70800138981497,66.480343524127
"2025-07-24 00:00:00",0.4863205427,523598184.488892,325217.11073071224,50362.92901099414
"2025-07-25 00:00:00",0.5739012744,690882965.540913,211247.7792408007,30090.551588609476
"2025-07-26 00:00:00",0.5551007301,667214778.406882,0,0.45
"2025-07-27 00:00:00",0.5623329418,673310856.396127,0,0
"2025-07-28 00:00:00",0.4954323584,593214606.118586,274759.5938878959,38491.919316779
"2025-07-29 00:00:00",0.4737819401,567251774.375067,40329.970338865416,6151.280802199126
"2025-07-30 00:00:00",0.4511451812,540126403.274781,690335.1138668791,96803.13781585319
"2025-07-31 00:00:00",0.4139436815,494449584.091389,775271.8010850835,209064.80107253083
"2025-08-01 00:00:00",0.4268346595,510397233.852917,330537.81360362587,52097.28870036458
"2025-08-02 00:00:00",0.4045953036,483399236.67214,26028.050964765498,3103.5824232137998
"2025-08-03 00:00:00",0.4178903777,499146055.581771,0,32.72
"2025-08-04 00:00:00",0.4409817006,526242810.519949,230296.87278599024,30723.22705960438
"2025-08-05 00:00:00",0.4636646994,552297587.192566,8389.115958932593,1349.824482919084
"2025-08-06 00:00:00",0.475333174,566883390.212267,779619.2948240723,115420.84660665428
"2025-08-07 00:00:00",0.5002090926,597171202.073629,45375.63605906057,207585.0982204046
"2025-08-08 00:00:00",0.4976609295,556888808.658897,277641.97563511133,40834.54698680321
"2025-08-09 00:00:00",0.5070615055,567142676.508676,0,1089.73
"2025-08-10 00:00:00",0.5090346554,568920956.513087,266113.8494344894,44960.49885394841
"2025-08-11 00:00:00",0.4949061985,553330030.593084,720769.2517682696,109776.6033452652
"2025-08-12 00:00:00",0.4696336432,526508165.524918,40737.35274724757,5098.107882336155
"2025-08-13 00:00:00",0.4720309021,525619842.628841,852135.6036411619,124757.99970896887
"2025-08-14 00:00:00",0.4323262435,485199746.61516,5241.713422306742,401781.20055246406
"2025-08-15 00:00:00",0.4231264293,472289224.546136,69773.0745970077,8192.764467604216
"2025-08-16 00:00:00",0.4354395279,486695219.108964,0,571.01
"2025-08-17 00:00:00",0.4372520877,488779399.777641,44714.612870927995,6947.547894160999
"2025-08-18 00:00:00",0.4215256466,471091252.857554,387915.34720483003,55380.79075262037
"2025-08-19 00:00:00",0.4022270667,450660709.815513,77839.99622614711,11631.237769828036
"2025-08-20 00:00:00",0.4181694682,467385825.033213,345825.97430590435,53093.4871912204
"2025-08-21 00:00:00",0.4071774076,455030664.490822,164731.168567,24926.319466
"2025-08-22 00:00:00",0.4366388654,488254247.796991,36690.58622919674,5805.362636170685
"2025-08-23 00:00:00",0.4636460963,517771615.45644,0,902.25
"2025-08-24 00:00:00",0.4413456309,493286612.257352,0,715.9699999999999
"2025-08-25 00:00:00",0.3956976438,442070966.807682,561021.7908247627,80617.81435196102
"2025-08-26 00:00:00",0.414231103,462926004.369784,19516.437293453127,3527.181595419078
"2025-08-27 00:00:00",0.4448582366,497175516.428463,435247.23801568133,65826.17366742363
"2025-08-28 00:00:00",0.4430200679,495120673.566556,106596.70694756988,14528.153095306207
"2025-08-29 00:00:00",0.4583815448,511442158.984001,499934.23031312117,76029.59089604947
"2025-08-30 00:00:00",0.4717318137,527621125.789515,0,1027.44
"2025-08-31 00:00:00",0.4496607564,502676393.094157,158196.90953509323,138752.7561929732
"2025-09-01 00:00:00",0.4498081,504374569.628391,25342.631662310654,4067.1504164549124
"2025-09-02 00:00:00",0.4562403693,509872119.604972,8627.264765286203,2152.544363667792
"2025-09-03 00:00:00",0.4948305016,552446722.416796,400.093733498294,1178.2363894213959
"2025-09-04 00:00:00",0.4771887999,533308295.808022,598711.8475410066,88060.69567060133
"2025-09-05 00:00:00",0.502572172,563894535.354721,261736.27283045746,38803.71577722767
"2025-09-06 00:00:00",0.4956021306,554138309.93757,0,1379.14
"2025-09-07 00:00:00",0.4871779168,544553477.848412,0,1398.67
"2025-09-08 00:00:00",0.4883304694,545323258.103874,157842.50392160754,23910.872916797674
"2025-09-09 00:00:00",0.4596432852,513914703.422638,1638254.1836680702,435963.1323151558
"2025-09-10 00:00:00",0.4434708615,494767852.52686,310782.9269521167,49689.38315341138
"2025-09-11 00:00:00",0.4653035142,519401757.586801,43134.776769861404,7875.377558055091
"2025-09-12 00:00:00",0.47719506,533167322.99595,13612.631136131105,3219.37164452026
"2025-09-13 00:00:00",0.4704622274,525913711.811526,0,804.36
"2025-09-14 00:00:00",0.4580425844,511777722.309628,1027313.3180783531,153417.21769895116
"2025-09-15 00:00:00",0.4408198288,491912954.170348,38013.8448851256,3562.5865074920202
"2025-09-16 00:00:00",0.4379446891,489669396.914755,111836.55959488917,17202.695545003102
"2025-09-17 00:00:00",0.4473280786,500328891.518985,87894.99951733724,13056.474661241602
"2025-09-18 00:00:00",0.4452957656,497642619.616417,365034.364350072,54851.87561857653
"2025-09-19 00:00:00",0.4263001106,475613648.160352,525092.319797602,82498.6837305718
"2025-09-20 00:00:00",0.4286207343,479024825.359182,0,2540.53
"2025-09-21 00:00:00",0.4207418701,470333202.163269,0,3203.1
"2025-09-22 00:00:00",0.4070447983,454918862.269789,829568.8609221271,124166.89771344824
"2025-09-23 00:00:00",0.4024406064,449760142.013518,163227.82280256474,228082.02746093666
"2025-09-24 00:00:00",0.4093622417,457642397.08693,399650.7153752704,56064.66946436823
"2025-09-25 00:00:00",0.3741536479,417986287.424455,216495.53019528557,33399.659124919046
"2025-09-26 00:00:00",0.3883492648,433975395.232918,96347.39306158114,14984.58750354456
"2025-09-27 00:00:00",0.3799621916,424871552.606784,0,2397.5099999999998
"2025-09-28 00:00:00",0.3913551559,436443975.936473,162953.89714573568,25068.248581685566
"2025-09-29 00:00:00",0.3896036128,435718206.168236,0,2943.49
"2025-09-30 00:00:00",0.3782985244,422493696.512264,153384.36271467753,298238.1534357083
"2025-10-01 00:00:00",0.4064912484,454234189.722999,55867.13193914836,8665.183829464553
"2025-10-02 00:00:00",0.4086886331,456591544.820178,434479.1848079064,63967.71811572378
"2025-10-03 00:00:00",0.4239666789,474153847.250476,1040413.8825639737,157183.47976035767
"2025-10-04 00:00:00",0.4106813648,458965641.755372,0,2599.0099999999998
"2025-10-05 00:00:00",0.4108381722,459387052.904297,0,2592.43
"2025-10-06 00:00:00",0.4184833394,468092519.174727,619378.1272208521,95194.82005709795
"2025-10-07 00:00:00",0.3903490733,436497349.044644,194027.1271532713,36551.17931276291
"2025-10-08 00:00:00",0.40581056,453566952.633648,1821893.824729033,269922.61743852095
"2025-10-09 00:00:00",0.3910706873,436857974.173116,624951.5420715373,281219.38005114644
"2025-10-10 00:00:00",0.3363117581,380770115.992563,841970.8083079178,148007.60434957943
"2025-10-11 00:00:00",0.333632077,373319368.615795,95388.56379654333,14691.35798546195
"2025-10-12 00:00:00",0.3726615589,416273563.113312,5248.294967658,3510.815889624
"2025-10-13 00:00:00",0.4056532955,453491371.085095,119759.17211477555,18951.80221596088
"2025-10-14 00:00:00",0.4541537464,507614412.523022,635721.8929636907,96545.36369448082
"2025-10-15 00:00:00",0.4316530044,482627183.76799,277936.3718520775,40958.57305233631
"2025-10-16 00:00:00",0.4051047662,453000311.284174,459912.41577037325,66986.89585410041
"2025-10-17 00:00:00",0.3775371195,421785419.418339,476029.42677922884,75949.49370260202
"2025-10-18 00:00:00",0.3686494094,412171641.688945,0,2641.9
"2025-10-19 00:00:00",0.3760605585,420038158.228408,0,3397.1499999999996
"2025-10-20 00:00:00",0.3601645603,402523153.269779,0.5664852463769999,3759.945618936875
"2025-10-21 00:00:00",0.3558948749,397754860.319177,1007353.1276382362,154673.8429316665
"2025-10-22 00:00:00",0.3476265183,388917771.469214,150888.8653481672,21926.575352143216
"2025-10-23 00:00:00",0.3729779415,416790717.316859,152760.21728106873,31144.88829823565
"2025-10-24 00:00:00",0.3763402961,420641448.09969,199380.1929869629,32122.110994928127
"2025-10-25 00:00:00",0.3892360923,435075839.047462,0,4141.83
"2025-10-26 00:00:00",0.3979300526,444738364.332958,73109.63270667056,13813.972680383937
"2025-10-27 00:00:00",0.3848651917,430545984.634429,79287.790408,19783.655889
"2025-10-28 00:00:00",0.3888610219,434418733.691178,135193.37114644775,19885.4649519282
"2025-10-29 00:00:00",0.4240843446,473967089.167518,15380.783458675609,6909.7969364959445
"2025-10-30 00:00:00",0.4134762218,462866658.326022,86606.87644743308,16167.019300040318
"2025-10-31 00:00:00",0.434157863,485404501.41283,1455263.3254825028,233955.5314598697
"2025-11-01 00:00:00",0.4564247442,510086828.803506,3679.8386832630445,5609.037541522416
"2025-11-02 00:00:00",0.4420014912,493884351.516492,0,4854.550000000001
"2025-11-03 00:00:00",0.4075153228,454961989.304487,401362.99901915074,62081.039806176566
"2025-11-04 00:00:00",0.3737899907,417449172.592611,937076.230875348,143421.96700913497
"2025-11-05 00:00:00",0.4172946632,475010836.16287,400185.08487827313,76953.4875247271
"2025-11-06 00:00:00",0.3979163383,452596009.120984,1888710.131374995,289033.3788081899
"2025-11-07 00:00:00",0.4487613367,510193199.11372,947715.9365222359,148057.62420365386
"2025-11-08 00:00:00",0.4557138352,518618993.75687,0,3120.66
"2025-11-09 00:00:00",0.4694849667,533724477.717647,0,3217.5900000000006
"2025-11-10 00:00:00",0.4660004524,530615419.58708,16800.15156082494,4880.100571818555
"2025-11-11 00:00:00",0.435613633,496199605.672144,320676.3314885579,48511.771714147624
"2025-11-12 00:00:00",0.4380420591,498766247.52402,263140.7995192133,43168.47059868912
"2025-11-13 00:00:00",0.447789443,510763568.722766,0,2007.3499999999997
"2025-11-14 00:00:00",0.450337531,514456070.443931,503454.7437875093,67945.54119281162
"2025-11-15 00:00:00",0.4486561416,512082787.074958,636467.4810273293,103256.17567469795
"2025-11-16 00:00:00",0.441740054,502991108.536522,1843.809399411924,2199.644358080387
"2025-11-17 00:00:00",0.3872766547,440696504.489004,675693.3668077994,132777.2357816659
"2025-11-18 00:00:00",0.3895158164,443395572.637071,331718.88055670593,51822.63252700855
"2025-11-19 00:00:00",0.3685978008,422356342.149023,158194.50811230543,25846.068331169015
"2025-11-20 00:00:00",0.3162296681,360518573.796246,376127.2078633958,53828.10088177187
"2025-11-21 00:00:00",0.2967257886,338586102.582656,531986.68025993,95638.4699752905
"2025-11-22 00:00:00",0.296341692,337339558.89258,0,9994.54
"2025-11-23 00:00:00",0.3048272967,347996233.702678,0,3873.2
"2025-11-24 00:00:00",0.3069462797,349386441.472278,12683.553668897623,6905.850516637711
"2025-11-25 00:00:00",0.3000681428,342079272.209574,460648.97193851066,83891.82540850074
"2025-11-26 00:00:00",0.3025377345,344515949.213607,2376.2041569616117,4679.305057569046
"2025-11-27 00:00:00",0.2890399948,329502210.102771,24396.41719755763,7604.039656908308
"2025-11-28 00:00:00",0.2904744449,329865882.910147,425055.9168747119,67037.2289197718
"2025-11-29 00:00:00",0.270714197,308192467.182559,523343.414903,83956.907242
"2025-11-30 00:00:00",0.2740391591,312107589.333875,28486.313989000002,9390.354411
"2025-12-01 00:00:00",0.2493835987,284941610.06965,342177.0561884936,58940.76870288702
"2025-12-02 00:00:00",0.253612309,289061506.366939,847391.0775797904,136697.57418938354
"2025-12-03 00:00:00",0.2459959525,280112933.422012,113713.9025626611,20846.84919737649
"2025-12-04 00:00:00",0.2603635117,295137785.686972,192963.7735520557,38822.77500492616
"2025-12-05 00:00:00",0.2575092121,293434240.470362,1286119.6708476555,198966.73540337133
"2025-12-06 00:00:00",0.2791116986,317775364.486134,372265.6065420526,56316.5177231284
"2025-12-07 00:00:00",0.270430656,307878069.526698,0,6662.459999999999
"2025-12-08 00:00:00",0.2661513289,302447597.581763,1166582.827104831,179608.03640209915
"2025-12-09 00:00:00",0.2744022557,312547859.957714,690173.1830025347,125543.12787319477
"2025-12-10 00:00:00",0.2727450736,311109847.310157,0,8190.709999999999
"2025-12-11 00:00:00",0.2688340954,306364419.358707,631258.7763290071,99719.7403604436
"2025-12-12 00:00:00",0.2620912914,298741577.738506,521911.873333,93715.448697
"2025-12-13 00:00:00",0.2721176286,309843999.491289,36065.473687000005,13285.632669999999
"2025-12-14 00:00:00",0.2632982737,300050306.884816,0,8816.269999999999
"2025-12-15 00:00:00",0.2632968715,299815387.97101,499973.226621,77880.50777200001
"2025-12-16 00:00:00",0.2702349126,307175121.852461,743744.3767489999,132877.532908
"2025-12-17 00:00:00",0.2732113012,311238296.988292,0,7959.34
"2025-12-18 00:00:00",0.2726353002,310510981.11948,841011.9456846796,131744.8005782225
"2025-12-19 00:00:00",0.3175707118,362480097.44762,0,1944.3500000000004
"2025-12-20 00:00:00",0.3247797812,370301816.950223,0,1994.5500000000002
"2025-12-21 00:00:00",0.3478307011,397639479.372924,0,1797.54
"2025-12-22 00:00:00",0.3316266775,378393130.933967,182242.1570070288,29631.519538853936
"2025-12-23 00:00:00",0.3146583096,361626811.017982,451826.43233232264,129525.39356735499
"2025-12-24 00:00:00",0.3088030179,355057325.258853,29518.429302811834,11393.061166370246
"2025-12-25 00:00:00",0.3343746057,383947988.548528,109318.359769,19924.785477999998
"2025-12-26 00:00:00",0.3397111643,390317939.710345,0,4571.04
"2025-12-27 00:00:00",0.3373805702,387669385.558327,25357.580103353346,5855.3613326726
"2025-12-28 00:00:00",0.3255728603,374320384.001206,56849.76871657234,11652.315935499802
"2025-12-29 00:00:00",0.3158782325,363243537.461896,3887.9591399106152,4315.02999629458
"2025-12-30 00:00:00",0.3245933086,373030148.042049,282847.161836167,62179.089434126276
"2025-12-31 00:00:00",0.3207518224,368759547.546386,142335.11083745537,34823.09458985837
"2026-01-01 00:00:00",0.3702044178,426034831.295794,69208.78422114422,10459.875343495412
"2026-01-02 00:00:00",0.3674768135,422631932.195417,886261.0787551879,149076.19826241324
"2026-01-03 00:00:00",0.3658760169,420758230.67975,553029.343099532,89159.87274412527
"2026-01-04 00:00:00",0.3730997454,429027823.821673,640085.1881830046,103039.80459697988
"2026-01-05 00:00:00",0.3782323604,434825849.890839,1246710.540840161,188976.60952912917
"2026-01-06 00:00:00",0.3896563812,447343308.277072,793875.2959040256,134977.95961353515
"2026-01-07 00:00:00",0.3775753097,434982553.776699,880508.6436873061,138899.90460468136
"2026-01-08 00:00:00",0.384794125,442636699.652475,18735.709468494,10605.35836386304
"2026-01-09 00:00:00",0.3877756675,445999802.196389,0,7320.219999999999
"2026-01-10 00:00:00",0.3953474862,454710966.119932,0,6144.330000000001
"2026-01-11 00:00:00",0.3982735778,457610915.226415,0,6046.84
"2026-01-12 00:00:00",0.3888806836,447277459.391131,349146.3269204739,86231.73746142232
"2026-01-13 00:00:00",0.3974704254,456630285.746943,0,6259.459999999999
"2026-01-14 00:00:00",0.3893928047,448059627.628298,461009.39003180776,74020.15521702627
"2026-01-15 00:00:00",0.376090813,432541547.745485,65860.49120503735,15716.73874959667
"2026-01-16 00:00:00",0.3618170484,415627998.892871,148185.44991307188,29135.601985201352
"2026-01-17 00:00:00",0.3650428291,419869948.444274,0,5941.07
"2026-01-18 00:00:00",0.349955463,403302366.517514,0,5948.44
"2026-01-19 00:00:00",0.3571594326,410268126.256566,0,6444.02
"2026-01-20 00:00:00",0.3287374393,376876329.134237,55834.624846006795,15266.110720426786
"2026-01-21 00:00:00",0.3350628829,385044188.258828,0,6066.42
"2026-01-22 00:00:00",0.33189879,381912312.881916,0,4211.99
"2026-01-23 00:00:00",0.3241324947,372729872.674515,208952.42765659757,51875.06975878331
"2026-01-24 00:00:00",0.3314151541,381053192.379655,0,3347.67
"2026-01-25 00:00:00",0.3086799509,354261234.335343,234666.78485536418,39756.139404773916
"2026-01-26 00:00:00",0.3406209211,391784617.197896,261067.99643217216,47196.43336561473
"2026-01-27 00:00:00",0.342515109,395881533.757122,0,3492.08
"2026-01-28 00:00:00",0.3529335633,408408850.971506,268131.77214416437,93180.48376818302
"2026-01-29 00:00:00",0.3462608012,400181999.770179,341818.32674607396,55816.23089718746
"2026-01-30 00:00:00",0.3305660145,381716718.513732,132026.56107219929,39548.421943856156
"2026-01-31 00:00:00",0.3063187816,354443503.556325,1127654.5291947227,171900.078770927
"2026-02-01 00:00:00",0.2936495729,340406677.313668,79925.50184546686,17799.981795458603
"2026-02-02 00:00:00",0.296978331,343833620.767763,1303668.879339641,255746.11080189777
"2026-02-03 00:00:00",0.3051928518,353153656.369716,3108652.9613121827,502610.039408892
"2026-02-04 00:00:00",0.2987312009,345669826.354105,296956.2924379937,49245.65981244249
"2026-02-05 00:00:00",0.2559700322,296212331.266287,863850.1485534288,130745.64971175688
"2026-02-06 00:00:00",0.2822541469,326780871.49191,516214.2605021346,106174.30755610051
"2026-02-07 00:00:00",0.2805617592,324633219.519071,0,407.83000000000004
"2026-02-08 00:00:00",0.280775296,324444464.156655,0,747.45
"2026-02-09 00:00:00",0.2814975107,325767098.591656,647208.0732912439,129709.74628165958
"2026-02-10 00:00:00",0.2736292859,316671111.277676,26533.220119922025,33280.87933521526
"2026-02-11 00:00:00",0.2668968743,308853241.876108,74380.68005704,24956.73269265663
"2026-02-12 00:00:00",0.2672190341,309159646.359717,0,6379.17
"2026-02-13 00:00:00",0.2766354052,320113900.149464,681310.8232226379,103865.3004304689
"2026-02-14 00:00:00",0.2839704012,328657113.040482,40538.221376227535,12628.59887414768
"2026-02-15 00:00:00",0.2628722549,304499760.487149,0,6333.349999999999
"2026-02-16 00:00:00",0.2515970826,291303484.765607,0,4817.59
"2026-02-17 00:00:00",0.2445655698,283000471.429841,10792.767929030424,9851.724522516244
"2026-02-18 00:00:00",0.2347747597,271532959.985929,513611.52499234997,107713.85244221635
"2026-02-19 00:00:00",0.228192831,263957744.732171,322431.9512660466,54924.490464171686
"2026-02-20 00:00:00",0.2276695946,263445566.509394,45033.44623174356,17639.66831327589
"2026-02-21 00:00:00",0.2308391145,267124877.08727,0,8554.090000000002
"2026-02-22 00:00:00",0.2205452598,255278491.927761,0,6937.969999999999
"2026-02-23 00:00:00",0.2065726385,239162377.2778,69874.02734865321,25865.691831372606
"2026-02-24 00:00:00",0.2097639753,242774352.550152,248203.24489178843,22178.6600146414
"2026-02-25 00:00:00",0.2296928898,264631754.865107,31436.871808000004,14859.140580000001
"2026-02-26 00:00:00",0.2408855141,277437706.020315,129164.9147161806,35830.58916552329
"2026-02-27 00:00:00",0.2326032042,269041359.349872,321487.53616162884,80511.5366565685
"2026-02-28 00:00:00",0.2276314929,263364417.506913,0,6641.37
"2026-03-01 00:00:00",0.2311743658,267587544.097769,0,6383.63
"2026-03-02 00:00:00",0.2370213877,274142262.813049,1453929.2748249795,224845.20191835152
"2026-03-03 00:00:00",0.2295628461,265853702.293666,662806.6711404359,105676.10304729613
"2026-03-04 00:00:00",0.2460225651,284790883.08464,447482.85495955514,73385.86586102609
"2026-03-05 00:00:00",0.2394471069,277042505.005496,533226.097808,122607.31082500002
"2026-03-06 00:00:00",0.2289347828,265396547.560587,412366.79096234357,85204.02149801371
"2026-03-07 00:00:00",0.2220845045,256942178.318777,7090.921108217408,7555.742739959009
"2026-03-08 00:00:00",0.2172927929,251459970.453901,0,5865.369999999999
"2026-03-09 00:00:00",0.2219497405,256835526.504943,1111359.2962323097,187205.26156170346
"2026-03-10 00:00:00",0.2254408323,260891944.108243,72333.6603856826,19130.106418120246
"2026-03-11 00:00:00",0.2329066544,269495710.528909,315057.87790127326,74877.09569288492
"2026-03-12 00:00:00",0.2465758884,285232768.416616,1028724.4462040002,151804.853011
"2026-03-13 00:00:00",0.2548701194,294823912.421118,22894.374516000003,7622.784603
"2026-03-14 00:00:00",0.2637298758,305066268.218208,0,929.02
"2026-03-15 00:00:00",0.2641291394,306441967.929352,0,917.22
"2026-03-16 00:00:00",0.2721564616,314936452.860848,82754.83087599999,26051.549471
"2026-03-17 00:00:00",0.2584395558,298937606.450139,0,1023.71
"2026-03-18 00:00:00",0.24506,283786824,,