"DateTime","Maple - Circulating Supply"
"2024-09-12 00:00:00",2.9802322387695312e-8
"2024-09-13 00:00:00",2.9802322387695312e-8
"2024-09-14 00:00:00",2.9802322387695312e-8
"2024-09-15 00:00:00",2.9802322387695312e-8
"2024-09-16 00:00:00",2.9802322387695312e-8
"2024-09-17 00:00:00",2.9802322387695312e-8
"2024-09-18 00:00:00",2.9802322387695312e-8
"2024-09-19 00:00:00",2.9802322387695312e-8
"2024-09-20 00:00:00",2.9802322387695312e-8
"2024-09-21 00:00:00",2.9802322387695312e-8
"2024-09-22 00:00:00",2.9802322387695312e-8
"2024-09-23 00:00:00",2.9802322387695312e-8
"2024-09-24 00:00:00",2.9802322387695312e-8
"2024-09-25 00:00:00",2.9802322387695312e-8
"2024-09-26 00:00:00",2.9802322387695312e-8
"2024-09-27 00:00:00",2.9802322387695312e-8
"2024-09-28 00:00:00",2.9802322387695312e-8
"2024-09-29 00:00:00",2.9802322387695312e-8
"2024-09-30 00:00:00",2.9802322387695312e-8
"2024-10-01 00:00:00",2.9802322387695312e-8
"2024-10-02 00:00:00",2.9802322387695312e-8
"2024-10-03 00:00:00",2.9802322387695312e-8
"2024-10-04 00:00:00",2.9802322387695312e-8
"2024-10-05 00:00:00",2.9802322387695312e-8
"2024-10-06 00:00:00",2.9802322387695312e-8
"2024-10-07 00:00:00",2.9802322387695312e-8
"2024-10-08 00:00:00",2.9802322387695312e-8
"2024-10-09 00:00:00",2.9802322387695312e-8
"2024-10-10 00:00:00",2.9802322387695312e-8
"2024-10-11 00:00:00",2.9802322387695312e-8
"2024-10-12 00:00:00",2.9802322387695312e-8
"2024-10-13 00:00:00",2.9802322387695312e-8
"2024-10-14 00:00:00",2.9802322387695312e-8
"2024-10-15 00:00:00",2.9802322387695312e-8
"2024-10-16 00:00:00",2.9802322387695312e-8
"2024-10-17 00:00:00",2.9802322387695312e-8
"2024-10-18 00:00:00",2.9802322387695312e-8
"2024-10-19 00:00:00",2.9802322387695312e-8
"2024-10-20 00:00:00",2.9802322387695312e-8
"2024-10-21 00:00:00",2.9802322387695312e-8
"2024-10-22 00:00:00",2.9802322387695312e-8
"2024-10-23 00:00:00",2.9802322387695312e-8
"2024-10-24 00:00:00",2.9802322387695312e-8
"2024-10-25 00:00:00",2.9802322387695312e-8
"2024-10-26 00:00:00",2.9802322387695312e-8
"2024-10-27 00:00:00",2.9802322387695312e-8
"2024-10-28 00:00:00",2.9802322387695312e-8
"2024-10-29 00:00:00",2.9802322387695312e-8
"2024-10-30 00:00:00",2.9802322387695312e-8
"2024-10-31 00:00:00",2.9802322387695312e-8
"2024-11-01 00:00:00",2.9802322387695312e-8
"2024-11-02 00:00:00",2.9802322387695312e-8
"2024-11-03 00:00:00",2.9802322387695312e-8
"2024-11-04 00:00:00",2.9802322387695312e-8
"2024-11-05 00:00:00",2.9802322387695312e-8
"2024-11-06 00:00:00",100000
"2024-11-07 00:00:00",1603651
"2024-11-08 00:00:00",6804802
"2024-11-09 00:00:00",6804802
"2024-11-10 00:00:00",6804802
"2024-11-11 00:00:00",26462515.205315307
"2024-11-12 00:00:00",75413708.72788462
"2024-11-13 00:00:00",172597663.2483284
"2024-11-14 00:00:00",242978441.41336864
"2024-11-15 00:00:00",269510594.2519669
"2024-11-16 00:00:00",287912105.2911243
"2024-11-17 00:00:00",299504250.5373232
"2024-11-18 00:00:00",371857605.97946304
"2024-11-19 00:00:00",418102381.9037246
"2024-11-20 00:00:00",423283170.3397135
"2024-11-21 00:00:00",434782940.5411869
"2024-11-22 00:00:00",438215863.31101596
"2024-11-23 00:00:00",439011414.00829744
"2024-11-24 00:00:00",440569309.25419927
"2024-11-25 00:00:00",440878792.3765821
"2024-11-26 00:00:00",441821793.0502061
"2024-11-27 00:00:00",514044235.03928214
"2024-11-28 00:00:00",518931998.102418
"2024-11-29 00:00:00",520725464.93948954
"2024-11-30 00:00:00",524409044.85316044
"2024-12-01 00:00:00",527473508.0917819
"2024-12-02 00:00:00",529048881.9438173
"2024-12-03 00:00:00",531329369.5268931
"2024-12-04 00:00:00",533069507.9162032
"2024-12-05 00:00:00",537337897.0326436
"2024-12-06 00:00:00",537987322.8329902
"2024-12-07 00:00:00",538345880.2510792
"2024-12-08 00:00:00",538822688.8430686
"2024-12-09 00:00:00",646173017.3328942
"2024-12-10 00:00:00",646775744.5633267
"2024-12-11 00:00:00",652481952.047449
"2024-12-12 00:00:00",653128489.9998741
"2024-12-13 00:00:00",653438900.6756828
"2024-12-14 00:00:00",654368233.5046611
"2024-12-15 00:00:00",653860064.8006802
"2024-12-16 00:00:00",655236056.5315275
"2024-12-17 00:00:00",700224504.057038
"2024-12-18 00:00:00",701778772.4128431
"2024-12-19 00:00:00",703094656.4451495
"2024-12-20 00:00:00",705319023.3133715
"2024-12-21 00:00:00",706071467.9153942
"2024-12-22 00:00:00",706585747.1415874
"2024-12-23 00:00:00",706975423.2285129
"2024-12-24 00:00:00",707181498.7797852
"2024-12-25 00:00:00",707757282.2119802
"2024-12-26 00:00:00",724338393.9443139
"2024-12-27 00:00:00",724652616.2546064
"2024-12-28 00:00:00",725382289.4175107
"2024-12-29 00:00:00",726459493.0679163
"2024-12-30 00:00:00",729061623.7515842
"2024-12-31 00:00:00",734688123.6988013
"2025-01-01 00:00:00",735920338.3452799
"2025-01-02 00:00:00",736219767.134197
"2025-01-03 00:00:00",735279088.1247599
"2025-01-04 00:00:00",735736485.4281068
"2025-01-05 00:00:00",735963697.0708144
"2025-01-06 00:00:00",736073560.4927987
"2025-01-07 00:00:00",736180758.0621068
"2025-01-08 00:00:00",735997823.0542471
"2025-01-09 00:00:00",736626639.4251521
"2025-01-10 00:00:00",742741039.1522514
"2025-01-11 00:00:00",742999729.9607946
"2025-01-12 00:00:00",744379180.5163867
"2025-01-13 00:00:00",744477744.249133
"2025-01-14 00:00:00",744615575.001948
"2025-01-15 00:00:00",744934227.2514188
"2025-01-16 00:00:00",746214336.6792417
"2025-01-17 00:00:00",747671304.6185149
"2025-01-18 00:00:00",748602626.183261
"2025-01-19 00:00:00",749137153.4869391
"2025-01-20 00:00:00",752545943.2019093
"2025-01-21 00:00:00",752783727.5875113
"2025-01-22 00:00:00",752839266.5595253
"2025-01-23 00:00:00",752842799.0885162
"2025-01-24 00:00:00",753767585.6095054
"2025-01-25 00:00:00",754045846.1381384
"2025-01-26 00:00:00",755159938.7545948
"2025-01-27 00:00:00",757291553.5235312
"2025-01-28 00:00:00",778945932.4946396
"2025-01-29 00:00:00",794835851.1066031
"2025-01-30 00:00:00",799060462.1206551
"2025-01-31 00:00:00",799371463.3710927
"2025-02-01 00:00:00",799456324.4390684
"2025-02-02 00:00:00",799783759.0795829
"2025-02-03 00:00:00",801784187.8254306
"2025-02-04 00:00:00",801907645.4484468
"2025-02-05 00:00:00",802128258.6081747
"2025-02-06 00:00:00",802296637.2125424
"2025-02-07 00:00:00",803331658.1867503
"2025-02-08 00:00:00",803684060.2407926
"2025-02-09 00:00:00",805048235.2585698
"2025-02-10 00:00:00",805040920.7386091
"2025-02-11 00:00:00",806875168.6609458
"2025-02-12 00:00:00",807692429.7359959
"2025-02-13 00:00:00",807818778.2942535
"2025-02-14 00:00:00",809583447.0998172
"2025-02-15 00:00:00",810253678.9651831
"2025-02-16 00:00:00",810623440.6825323
"2025-02-17 00:00:00",811239659.2771713
"2025-02-18 00:00:00",811652721.2110072
"2025-02-19 00:00:00",812328435.0809678
"2025-02-20 00:00:00",812529174.9941634
"2025-02-21 00:00:00",814367933.908477
"2025-02-22 00:00:00",814574639.8853154
"2025-02-23 00:00:00",814865634.2704595
"2025-02-24 00:00:00",814833991.3970041
"2025-02-25 00:00:00",815869736.2880543
"2025-02-26 00:00:00",820940852.0197388
"2025-02-27 00:00:00",821130742.518559
"2025-02-28 00:00:00",821605610.6963917
"2025-03-01 00:00:00",821457833.7317655
"2025-03-02 00:00:00",821971428.908221
"2025-03-03 00:00:00",823253818.0687897
"2025-03-04 00:00:00",825116987.3899885
"2025-03-05 00:00:00",825494046.5598884
"2025-03-06 00:00:00",830014219.6105859
"2025-03-07 00:00:00",831252424.9145533
"2025-03-08 00:00:00",833341496.2532959
"2025-03-09 00:00:00",833957830.5175391
"2025-03-10 00:00:00",836038861.9868886
"2025-03-11 00:00:00",836487300.174246
"2025-03-12 00:00:00",837574800.9030722
"2025-03-13 00:00:00",845852824.4083362
"2025-03-14 00:00:00",849007311.0634036
"2025-03-15 00:00:00",850314323.9773101
"2025-03-16 00:00:00",850953295.3966354
"2025-03-17 00:00:00",867058823.747236
"2025-03-18 00:00:00",889054008.7398692
"2025-03-19 00:00:00",890544725.6069757
"2025-03-20 00:00:00",890925986.1191529
"2025-03-21 00:00:00",891210702.347587
"2025-03-22 00:00:00",891290676.3231114
"2025-03-23 00:00:00",891414032.1495484
"2025-03-24 00:00:00",891885454.6004018
"2025-03-25 00:00:00",894812271.4353912
"2025-03-26 00:00:00",895450336.0524601
"2025-03-27 00:00:00",895615052.8104043
"2025-03-28 00:00:00",898962451.3166529
"2025-03-29 00:00:00",903352329.9738013
"2025-03-30 00:00:00",908226046.6297053
"2025-03-31 00:00:00",918499009.413637
"2025-04-01 00:00:00",924568307.99409
"2025-04-02 00:00:00",926559659.7363254
"2025-04-03 00:00:00",927655034.3493977
"2025-04-04 00:00:00",928487334.1056641
"2025-04-05 00:00:00",928798389.8166163
"2025-04-06 00:00:00",930968950.4081249
"2025-04-07 00:00:00",933636306.7297043
"2025-04-08 00:00:00",937666216.3010602
"2025-04-09 00:00:00",940761444.0408264
"2025-04-10 00:00:00",941679656.241438
"2025-04-11 00:00:00",948557850.9373069
"2025-04-12 00:00:00",950494527.4781175
"2025-04-13 00:00:00",952372308.5227062
"2025-04-14 00:00:00",954353888.2577242
"2025-04-15 00:00:00",960881949.8799521
"2025-04-16 00:00:00",963629517.4676589
"2025-04-17 00:00:00",967363007.0046405
"2025-04-18 00:00:00",971065229.0514628
"2025-04-19 00:00:00",974331095.2280867
"2025-04-20 00:00:00",975224048.7789816
"2025-04-21 00:00:00",978662220.4007702
"2025-04-22 00:00:00",986495387.1255153
"2025-04-23 00:00:00",992999353.4591179
"2025-04-24 00:00:00",996714727.553039
"2025-04-25 00:00:00",1005807050.0605782
"2025-04-26 00:00:00",1010297839.5934902
"2025-04-27 00:00:00",1016282738.7520125
"2025-04-28 00:00:00",1022689203.0801029
"2025-04-29 00:00:00",1050158667.9062865
"2025-04-30 00:00:00",1061695564.2140487
"2025-05-01 00:00:00",1061655564.2140487
"2025-05-02 00:00:00",1062155564.2140487
"2025-05-03 00:00:00",1062155564.2140487
"2025-05-04 00:00:00",1062155564.2140487
"2025-05-05 00:00:00",1062155564.2140487
"2025-05-06 00:00:00",1068156264.205664
"2025-05-07 00:00:00",1068156264.205664
"2025-05-08 00:00:00",1068156264.205664
"2025-05-09 00:00:00",1068156264.205664
"2025-05-10 00:00:00",1068156264.205664
"2025-05-11 00:00:00",1068156264.205664
"2025-05-12 00:00:00",1068156264.205664
"2025-05-13 00:00:00",1069174126.215664
"2025-05-14 00:00:00",1069829857.215664
"2025-05-15 00:00:00",1069829857.215664
"2025-05-16 00:00:00",1069829857.215664
"2025-05-17 00:00:00",1069829857.215664
"2025-05-18 00:00:00",1069829857.215664
"2025-05-19 00:00:00",1097254466.7991025
"2025-05-20 00:00:00",1105984977.8778338
"2025-05-21 00:00:00",1106479269.367706
"2025-05-22 00:00:00",1108979269.367706
"2025-05-23 00:00:00",1108979269.367706
"2025-05-24 00:00:00",1108979269.367706
"2025-05-25 00:00:00",1108979269.367706
"2025-05-26 00:00:00",1108979269.367706
"2025-05-27 00:00:00",1108980317.777706
"2025-05-28 00:00:00",1108980317.777706
"2025-05-29 00:00:00",1108980317.777706
"2025-05-30 00:00:00",1108980317.777706
"2025-05-31 00:00:00",1108980317.777706
"2025-06-01 00:00:00",1108980317.777706
"2025-06-02 00:00:00",1113002039.9206417
"2025-06-03 00:00:00",1113002039.9206417
"2025-06-04 00:00:00",1113002039.9206417
"2025-06-05 00:00:00",1113002039.9206417
"2025-06-06 00:00:00",1113002039.9206417
"2025-06-07 00:00:00",1113002039.9206417
"2025-06-08 00:00:00",1113002039.9206417
"2025-06-09 00:00:00",1112452041.9206417
"2025-06-10 00:00:00",1112343609.9206417
"2025-06-11 00:00:00",1112343641.9206417
"2025-06-12 00:00:00",1113467280.4506416
"2025-06-13 00:00:00",1113467280.4506416
"2025-06-14 00:00:00",1113467280.4506416
"2025-06-15 00:00:00",1113467280.4506416
"2025-06-16 00:00:00",1113467280.4506416
"2025-06-17 00:00:00",1113467280.4506416
"2025-06-18 00:00:00",1113467280.4506416
"2025-06-19 00:00:00",1113467280.4506416
"2025-06-20 00:00:00",1113467280.4506416
"2025-06-21 00:00:00",1113467280.4506416
"2025-06-22 00:00:00",1113467280.4506416
"2025-06-23 00:00:00",1113467280.4506416
"2025-06-24 00:00:00",1113467280.4506416
"2025-06-25 00:00:00",1113467280.4506416
"2025-06-26 00:00:00",1113467280.4506416
"2025-06-27 00:00:00",1113467280.4506416
"2025-06-28 00:00:00",1113467280.4506416
"2025-06-29 00:00:00",1113467280.4506416
"2025-06-30 00:00:00",1113467280.4506416
"2025-07-01 00:00:00",1113467280.4506416
"2025-07-02 00:00:00",1113467280.4506416
"2025-07-03 00:00:00",1113467280.4506416
"2025-07-04 00:00:00",1113467280.4506416
"2025-07-05 00:00:00",1113467280.4506416
"2025-07-06 00:00:00",1113467280.4506416
"2025-07-07 00:00:00",1113467280.4506416
"2025-07-08 00:00:00",1113467280.4506416
"2025-07-09 00:00:00",1113467280.4506416
"2025-07-10 00:00:00",1113467280.4506416
"2025-07-11 00:00:00",1113467280.4506416
"2025-07-12 00:00:00",1113467280.4506416
"2025-07-13 00:00:00",1113467280.4506416
"2025-07-14 00:00:00",1114436066.5306416
"2025-07-15 00:00:00",1114436066.5306416
"2025-07-16 00:00:00",1114436066.5306416
"2025-07-17 00:00:00",1116155066.5306416
"2025-07-18 00:00:00",1116155066.5306416
"2025-07-19 00:00:00",1116155066.5306416
"2025-07-20 00:00:00",1116155066.5306416
"2025-07-21 00:00:00",1116155066.5306416
"2025-07-22 00:00:00",1116292285.5306416
"2025-07-23 00:00:00",1116292285.5306416
"2025-07-24 00:00:00",1116292285.5306416
"2025-07-25 00:00:00",1116292285.5306416
"2025-07-26 00:00:00",1116292285.5306416
"2025-07-27 00:00:00",1116292285.5306416
"2025-07-28 00:00:00",1116292285.5306416
"2025-07-29 00:00:00",1116298996.5306416
"2025-07-30 00:00:00",1118298996.5306416
"2025-07-31 00:00:00",1118298996.5306416
"2025-08-01 00:00:00",1118298996.5306416
"2025-08-02 00:00:00",1118298996.5306416
"2025-08-03 00:00:00",1118298996.5306416
"2025-08-04 00:00:00",1118298996.5306416
"2025-08-05 00:00:00",1118298996.5306416
"2025-08-06 00:00:00",1117579376.1106415
"2025-08-07 00:00:00",1117579376.1106415
"2025-08-08 00:00:00",1117579386.1106415
"2025-08-09 00:00:00",1117579386.1106415
"2025-08-10 00:00:00",1117579386.1106415
"2025-08-11 00:00:00",1117579386.1106415
"2025-08-12 00:00:00",1117604386.1106415
"2025-08-13 00:00:00",1193729363.6963809
"2025-08-14 00:00:00",1194493344.116381
"2025-08-15 00:00:00",1194493344.116381
"2025-08-16 00:00:00",1194493344.116381
"2025-08-17 00:00:00",1194493344.116381
"2025-08-18 00:00:00",1194493344.116381
"2025-08-19 00:00:00",1194495585.116381
"2025-08-20 00:00:00",1194495585.116381
"2025-08-21 00:00:00",1194495585.116381
"2025-08-22 00:00:00",1194495585.116381
"2025-08-23 00:00:00",1194495585.116381
"2025-08-24 00:00:00",1194495585.116381
"2025-08-25 00:00:00",1194495585.116381
"2025-08-26 00:00:00",1194495585.116381
"2025-08-27 00:00:00",1194495585.116381
"2025-08-28 00:00:00",1194495580.116381
"2025-08-29 00:00:00",1194218790.116381
"2025-08-30 00:00:00",1194218790.116381
"2025-08-31 00:00:00",1194218790.116381
"2025-09-01 00:00:00",1194768790.116381
"2025-09-02 00:00:00",1193941408.766381
"2025-09-03 00:00:00",1193941408.766381
"2025-09-04 00:00:00",1193941408.766381
"2025-09-05 00:00:00",1193941408.766381
"2025-09-06 00:00:00",1193941408.766381
"2025-09-07 00:00:00",1193941408.766381
"2025-09-08 00:00:00",1193941408.766381
"2025-09-09 00:00:00",1193941408.766381
"2025-09-10 00:00:00",1193941408.766381
"2025-09-11 00:00:00",1193941408.766381
"2025-09-12 00:00:00",1193975378.766381
"2025-09-13 00:00:00",1193975378.766381
"2025-09-14 00:00:00",1194802760.116381
"2025-09-15 00:00:00",1194802760.116381
"2025-09-16 00:00:00",1194802760.116381
"2025-09-17 00:00:00",1194802760.116381
"2025-09-18 00:00:00",1194803923.116381
"2025-09-19 00:00:00",1194803923.116381
"2025-09-20 00:00:00",1194803923.116381
"2025-09-21 00:00:00",1197303923.116381
"2025-09-22 00:00:00",1197303923.116381
"2025-09-23 00:00:00",1197303923.116381
"2025-09-24 00:00:00",1197303923.116381
"2025-09-25 00:00:00",1197303923.116381
"2025-09-26 00:00:00",1197303923.116381
"2025-09-27 00:00:00",1197303923.116381
"2025-09-28 00:00:00",1197303923.116381
"2025-09-29 00:00:00",1197303923.116381
"2025-09-30 00:00:00",1197303923.116381
"2025-10-01 00:00:00",1197303923.116381
"2025-10-02 00:00:00",1197303923.116381
"2025-10-03 00:00:00",1197303923.116381
"2025-10-04 00:00:00",1197303923.116381
"2025-10-05 00:00:00",1197303923.116381
"2025-10-06 00:00:00",1197303923.116381
"2025-10-07 00:00:00",1197303923.116381
"2025-10-08 00:00:00",1197303923.116381
"2025-10-09 00:00:00",1196403596.7163808
"2025-10-10 00:00:00",1196403596.7163808
"2025-10-11 00:00:00",1196403596.7163808
"2025-10-12 00:00:00",1196403596.7163808
"2025-10-13 00:00:00",1196403596.7163808
"2025-10-14 00:00:00",1197303923.116381
"2025-10-15 00:00:00",1197584888.6742716
"2025-10-16 00:00:00",1197584888.6742716
"2025-10-17 00:00:00",1197584888.6742716
"2025-10-18 00:00:00",1199159888.6742716
"2025-10-19 00:00:00",1199159888.6742716
"2025-10-20 00:00:00",1200509888.6742716
"2025-10-21 00:00:00",1200509888.6742716
"2025-10-22 00:00:00",1200509888.6742716
"2025-10-23 00:00:00",1200509888.6742716
"2025-10-24 00:00:00",1200509888.6742716
"2025-10-25 00:00:00",1200509888.6742716
"2025-10-26 00:00:00",1200509888.6742716
"2025-10-27 00:00:00",1200533580.8842716
"2025-10-28 00:00:00",1202783580.8842716
"2025-10-29 00:00:00",1202783580.8842716
"2025-10-30 00:00:00",1202783580.8842716
"2025-10-31 00:00:00",1202783580.8842716
"2025-11-01 00:00:00",1202783580.8842716
"2025-11-02 00:00:00",1202783580.8842716
"2025-11-03 00:00:00",1202783580.8842716
"2025-11-04 00:00:00",1202783580.8842716
"2025-11-05 00:00:00",1202783580.6488848
"2025-11-06 00:00:00",1202783580.2438722
"2025-11-07 00:00:00",1202783580.2438722
"2025-11-08 00:00:00",1202783579.28216
"2025-11-09 00:00:00",1202783578.8615947
"2025-11-10 00:00:00",1202783578.8615947
"2025-11-11 00:00:00",1202783578.8615947
"2025-11-12 00:00:00",1202783578.8615947
"2025-11-13 00:00:00",1202783578.8615947
"2025-11-14 00:00:00",1202783578.8615947
"2025-11-15 00:00:00",1202783578.8615947
"2025-11-16 00:00:00",1202783578.8615947
"2025-11-17 00:00:00",1202783578.8615947
"2025-11-18 00:00:00",1202783578.8615947
"2025-11-19 00:00:00",1202783578.8615947
"2025-11-20 00:00:00",1202783578.8615947
"2025-11-21 00:00:00",1202814181.6215947
"2025-11-22 00:00:00",1202814181.6215947
"2025-11-23 00:00:00",1202814181.6215947
"2025-11-24 00:00:00",1202814181.6215947
"2025-11-25 00:00:00",1202814181.6215947
"2025-11-26 00:00:00",1202814181.6215947
"2025-11-27 00:00:00",1202814181.6215947
"2025-11-28 00:00:00",1202814181.6215947
"2025-11-29 00:00:00",1202814181.6215947
"2025-11-30 00:00:00",1202814181.6215947
"2025-12-01 00:00:00",1202814181.6215947
"2025-12-02 00:00:00",1206584886.6515946
"2025-12-03 00:00:00",1206584886.6515946
"2025-12-04 00:00:00",1206672245.2615945
"2025-12-05 00:00:00",1206672245.2615945
"2025-12-06 00:00:00",1206672245.2615945
"2025-12-07 00:00:00",1206672245.2615945
"2025-12-08 00:00:00",1206672245.2615945
"2025-12-09 00:00:00",1206672245.2615945
"2025-12-10 00:00:00",1206672245.2615945
"2025-12-11 00:00:00",1206672245.2615945
"2025-12-12 00:00:00",1206672245.2615945
"2025-12-13 00:00:00",1206672245.2615945
"2025-12-14 00:00:00",1206672245.2615945
"2025-12-15 00:00:00",1206672245.2615945
"2025-12-16 00:00:00",1206672245.2615945
"2025-12-17 00:00:00",1206672245.2615945
"2025-12-18 00:00:00",1196672245.2615945
"2025-12-19 00:00:00",1196672245.2615945
"2025-12-20 00:00:00",1196672245.2615945
"2025-12-21 00:00:00",1196672245.2615945
"2025-12-22 00:00:00",1198672245.2615945
"2025-12-23 00:00:00",1203183315.8215945
"2025-12-24 00:00:00",1203783315.8215945
"2025-12-25 00:00:00",1203783315.8215945
"2025-12-26 00:00:00",1203783315.8215945
"2025-12-27 00:00:00",1203783315.8215945
"2025-12-28 00:00:00",1203783315.8215945
"2025-12-29 00:00:00",1203783315.8215945
"2025-12-30 00:00:00",1203783315.8215945
"2025-12-31 00:00:00",1203783315.8215945
"2026-01-01 00:00:00",1203783315.8215945
"2026-01-02 00:00:00",1203783315.8215945
"2026-01-03 00:00:00",1203783315.8215945
"2026-01-04 00:00:00",1203783315.8215945
"2026-01-05 00:00:00",1203783315.8215945
"2026-01-06 00:00:00",1203783315.8215945
"2026-01-07 00:00:00",1204283315.8215945
"2026-01-08 00:00:00",1204283315.8215945
"2026-01-09 00:00:00",1204283315.8215945
"2026-01-10 00:00:00",1204283315.8215945
"2026-01-11 00:00:00",1204283315.8215945
"2026-01-12 00:00:00",1204283315.8215945
"2026-01-13 00:00:00",1204332082.4815946
"2026-01-14 00:00:00",1204332082.4815924
"2026-01-15 00:00:00",1204332082.4815924
"2026-01-16 00:00:00",1204332082.4815924
"2026-01-17 00:00:00",1204332082.4815924
"2026-01-18 00:00:00",1204332082.4815924
"2026-01-19 00:00:00",1204332082.4815924
"2026-01-20 00:00:00",1204332082.4815924
"2026-01-21 00:00:00",1204332082.4815924
"2026-01-22 00:00:00",1204332082.4815924
"2026-01-23 00:00:00",1204332082.4815924
"2026-01-24 00:00:00",1204332082.4815924
"2026-01-25 00:00:00",1204332082.4815924
"2026-01-26 00:00:00",1204332082.4815924
"2026-01-27 00:00:00",1205757082.4815924
"2026-01-28 00:00:00",1205770678.1015925
"2026-01-29 00:00:00",1205770678.1015925
"2026-01-30 00:00:00",1205770678.1015925
"2026-01-31 00:00:00",1205770678.1015925
"2026-02-01 00:00:00",1205770678.1015925
"2026-02-02 00:00:00",1205770678.1015925
"2026-02-03 00:00:00",1205770678.1015925
"2026-02-04 00:00:00",1205770678.1015925
"2026-02-05 00:00:00",1205770678.1015925
"2026-02-06 00:00:00",1205770678.1015925
"2026-02-07 00:00:00",1205770678.1015925
"2026-02-08 00:00:00",1205770678.1015925
"2026-02-09 00:00:00",1205815688.1515925
"2026-02-10 00:00:00",1205815688.1515925
"2026-02-11 00:00:00",1205815688.1515925
"2026-02-12 00:00:00",1207815688.1515925
"2026-02-13 00:00:00",1207815688.1515925
"2026-02-14 00:00:00",1207815688.1515925
"2026-02-15 00:00:00",1207815688.1515925
"2026-02-16 00:00:00",1208015688.1515925
"2026-02-17 00:00:00",1208015688.1515925
"2026-02-18 00:00:00",1208015688.1515925
"2026-02-19 00:00:00",1208015688.1515925
"2026-02-20 00:00:00",1208015688.1515925
"2026-02-21 00:00:00",1208015688.1515925
"2026-02-22 00:00:00",1208015688.1515925
"2026-02-23 00:00:00",1208015688.1515925
"2026-02-24 00:00:00",1208015688.1515925
"2026-02-25 00:00:00",1208015688.1515925
"2026-02-26 00:00:00",1208015688.1515925
"2026-02-27 00:00:00",1208015688.1515925
"2026-02-28 00:00:00",1208015688.1515925
"2026-03-01 00:00:00",1208015688.1515925
"2026-03-02 00:00:00",1208015688.1515925
"2026-03-03 00:00:00",1208015688.1515925
"2026-03-04 00:00:00",1208015688.1515925
"2026-03-05 00:00:00",1208015688.1515925
"2026-03-06 00:00:00",1208015688.1515925
"2026-03-07 00:00:00",1208015688.1515925
"2026-03-08 00:00:00",1208015688.1515925
"2026-03-09 00:00:00",1208015688.1515925
"2026-03-10 00:00:00",1208084576.3515925
"2026-03-11 00:00:00",1208084576.3515925
"2026-03-12 00:00:00",1208084576.3515925
"2026-03-13 00:00:00",1208084576.3515925
"2026-03-14 00:00:00",1208084576.3515925
"2026-03-15 00:00:00",1208084576.3515925
"2026-03-16 00:00:00",1208084576.3515925