"DateTime","Ethereum - Price"
"2023-03-18 00:00:00",1769.425326912
"2023-03-19 00:00:00",1801.367419011
"2023-03-20 00:00:00",1744.44145996
"2023-03-21 00:00:00",1811.411243668
"2023-03-22 00:00:00",1747.640028114
"2023-03-23 00:00:00",1824.956657895
"2023-03-24 00:00:00",1751.219407826
"2023-03-25 00:00:00",1753.982636507
"2023-03-26 00:00:00",1776.867690457
"2023-03-27 00:00:00",1719.170972675
"2023-03-28 00:00:00",1776.04363933
"2023-03-29 00:00:00",1795.536947827
"2023-03-30 00:00:00",1792.908578308
"2023-03-31 00:00:00",1824.020005553
"2023-04-01 00:00:00",1823.000379825
"2023-04-02 00:00:00",1797.736988394
"2023-04-03 00:00:00",1810.466255485
"2023-04-04 00:00:00",1871.333525899
"2023-04-05 00:00:00",1911.338689952
"2023-04-06 00:00:00",1872.246682368
"2023-04-07 00:00:00",1866.657544787
"2023-04-08 00:00:00",1851.050671071
"2023-04-09 00:00:00",1859.940387288
"2023-04-10 00:00:00",1909.882060942
"2023-04-11 00:00:00",1892.93891107
"2023-04-12 00:00:00",1920.223031193
"2023-04-13 00:00:00",2012.785415162
"2023-04-14 00:00:00",2102.946188295
"2023-04-15 00:00:00",2093.166331332
"2023-04-16 00:00:00",2118.598789154
"2023-04-17 00:00:00",2077.535664637
"2023-04-18 00:00:00",2103.278813592
"2023-04-19 00:00:00",1936.425920798
"2023-04-20 00:00:00",1943.435598193
"2023-04-21 00:00:00",1850.149738424
"2023-04-22 00:00:00",1877.541328061
"2023-04-23 00:00:00",1863.639142214
"2023-04-24 00:00:00",1842.630792087
"2023-04-25 00:00:00",1870.565223123
"2023-04-26 00:00:00",1867.589325012
"2023-04-27 00:00:00",1910.456779103
"2023-04-28 00:00:00",1894.42808395
"2023-04-29 00:00:00",1905.273852273
"2023-04-30 00:00:00",1885.391935337
"2023-05-01 00:00:00",1832.725799407
"2023-05-02 00:00:00",1870.828572788
"2023-05-03 00:00:00",1903.728210735
"2023-05-04 00:00:00",1877.401195053
"2023-05-05 00:00:00",1993.612965747
"2023-05-06 00:00:00",1900.410599026
"2023-05-07 00:00:00",1895.230148055
"2023-05-08 00:00:00",1849.288629563
"2023-05-09 00:00:00",1846.064264023
"2023-05-10 00:00:00",1842.865558835
"2023-05-11 00:00:00",1798.071945526
"2023-05-12 00:00:00",1808.694999902
"2023-05-13 00:00:00",1797.199470138
"2023-05-14 00:00:00",1799.008658615
"2023-05-15 00:00:00",1820.044759541
"2023-05-16 00:00:00",1823.663018348
"2023-05-17 00:00:00",1821.05063471
"2023-05-18 00:00:00",1802.390955483
"2023-05-19 00:00:00",1812.131703561
"2023-05-20 00:00:00",1818.969529504
"2023-05-21 00:00:00",1804.929067107
"2023-05-22 00:00:00",1818.401464498
"2023-05-23 00:00:00",1854.193118273
"2023-05-24 00:00:00",1800.736010306
"2023-05-25 00:00:00",1805.805760406
"2023-05-26 00:00:00",1828.95653662
"2023-05-27 00:00:00",1830.306651317
"2023-05-28 00:00:00",1913.816249317
"2023-05-29 00:00:00",1893.71427409
"2023-05-30 00:00:00",1901.078310165
"2023-05-31 00:00:00",1874.694885027
"2023-06-01 00:00:00",1861.725386948
"2023-06-02 00:00:00",1907.212321851
"2023-06-03 00:00:00",1892.078176465
"2023-06-04 00:00:00",1893.178280382
"2023-06-05 00:00:00",1813.6816549
"2023-06-06 00:00:00",1883.242584626
"2023-06-07 00:00:00",1832.320402503
"2023-06-08 00:00:00",1846.030001782
"2023-06-09 00:00:00",1839.208012658
"2023-06-10 00:00:00",1754.673228411
"2023-06-11 00:00:00",1751.724596504
"2023-06-12 00:00:00",1742.596052567
"2023-06-13 00:00:00",1736.789437167
"2023-06-14 00:00:00",1650.676667554
"2023-06-15 00:00:00",1664.977462394
"2023-06-16 00:00:00",1716.377281093
"2023-06-17 00:00:00",1726.372809735
"2023-06-18 00:00:00",1719.273161507
"2023-06-19 00:00:00",1734.793103443
"2023-06-20 00:00:00",1790.190440732
"2023-06-21 00:00:00",1892.899571917
"2023-06-22 00:00:00",1874.177947017
"2023-06-23 00:00:00",1891.345008022
"2023-06-24 00:00:00",1875.059961928
"2023-06-25 00:00:00",1899.147312105
"2023-06-26 00:00:00",1859.802419643
"2023-06-27 00:00:00",1890.012903784
"2023-06-28 00:00:00",1828.458336401
"2023-06-29 00:00:00",1853.445245875
"2023-06-30 00:00:00",1934.045714262
"2023-07-01 00:00:00",1924.567240868
"2023-07-02 00:00:00",1933.959881383
"2023-07-03 00:00:00",1953.781127649
"2023-07-04 00:00:00",1937.000425539
"2023-07-05 00:00:00",1910.50526051
"2023-07-06 00:00:00",1855.474783636
"2023-07-07 00:00:00",1869.317187142
"2023-07-08 00:00:00",1864.868591915
"2023-07-09 00:00:00",1866.91674248
"2023-07-10 00:00:00",1875.274272672
"2023-07-11 00:00:00",1875.865871929
"2023-07-12 00:00:00",1873.506815377
"2023-07-13 00:00:00",2003.253616074
"2023-07-14 00:00:00",1935.940240744
"2023-07-15 00:00:00",1931.389384157
"2023-07-16 00:00:00",1923.035989816
"2023-07-17 00:00:00",1912.12283557
"2023-07-18 00:00:00",1897.199112645
"2023-07-19 00:00:00",1889.223805552
"2023-07-20 00:00:00",1891.014505459
"2023-07-21 00:00:00",1891.472402827
"2023-07-22 00:00:00",1858.311195808
"2023-07-23 00:00:00",1887.826980857
"2023-07-24 00:00:00",1850.431150588
"2023-07-25 00:00:00",1857.596592747
"2023-07-26 00:00:00",1871.533105712
"2023-07-27 00:00:00",1858.777021381
"2023-07-28 00:00:00",1874.693995076
"2023-07-29 00:00:00",1880.91807653
"2023-07-30 00:00:00",1861.869909793
"2023-07-31 00:00:00",1857.276195763
"2023-08-01 00:00:00",1869.745108668
"2023-08-02 00:00:00",1838.011951876
"2023-08-03 00:00:00",1835.701302675
"2023-08-04 00:00:00",1828.461193776
"2023-08-05 00:00:00",1835.070577842
"2023-08-06 00:00:00",1826.70677927
"2023-08-07 00:00:00",1826.933485573
"2023-08-08 00:00:00",1856.844144512
"2023-08-09 00:00:00",1855.890727327
"2023-08-10 00:00:00",1850.876988699
"2023-08-11 00:00:00",1847.541835114
"2023-08-12 00:00:00",1848.505238656
"2023-08-13 00:00:00",1839.512809542
"2023-08-14 00:00:00",1843.513391005
"2023-08-15 00:00:00",1826.913128159
"2023-08-16 00:00:00",1809.460474264
"2023-08-17 00:00:00",1675.862170946
"2023-08-18 00:00:00",1660.67910953
"2023-08-19 00:00:00",1669.233454808
"2023-08-20 00:00:00",1682.461825141
"2023-08-21 00:00:00",1666.840465499
"2023-08-22 00:00:00",1635.191294137
"2023-08-23 00:00:00",1679.123993492
"2023-08-24 00:00:00",1658.399653885
"2023-08-25 00:00:00",1653.429319657
"2023-08-26 00:00:00",1645.904999679
"2023-08-27 00:00:00",1656.931058477
"2023-08-28 00:00:00",1653.198566161
"2023-08-29 00:00:00",1730.190257876
"2023-08-30 00:00:00",1705.108103226
"2023-08-31 00:00:00",1645.181525417
"2023-09-01 00:00:00",1630.6058905
"2023-09-02 00:00:00",1636.162198956
"2023-09-03 00:00:00",1635.403043113
"2023-09-04 00:00:00",1630.627546668
"2023-09-05 00:00:00",1633.077003857
"2023-09-06 00:00:00",1632.902416346
"2023-09-07 00:00:00",1646.305082728
"2023-09-08 00:00:00",1636.354258593
"2023-09-09 00:00:00",1634.445946294
"2023-09-10 00:00:00",1617.486179585
"2023-09-11 00:00:00",1549.893423159
"2023-09-12 00:00:00",1594.974501394
"2023-09-13 00:00:00",1607.73669704
"2023-09-14 00:00:00",1626.436340687
"2023-09-15 00:00:00",1641.934758284
"2023-09-16 00:00:00",1634.419884999
"2023-09-17 00:00:00",1622.478777058
"2023-09-18 00:00:00",1636.634608991
"2023-09-19 00:00:00",1643.698418257
"2023-09-20 00:00:00",1621.532955292
"2023-09-21 00:00:00",1583.824247007
"2023-09-22 00:00:00",1593.47015355
"2023-09-23 00:00:00",1593.179974436
"2023-09-24 00:00:00",1580.477794586
"2023-09-25 00:00:00",1588.47118344
"2023-09-26 00:00:00",1592.486125619
"2023-09-27 00:00:00",1597.416810261
"2023-09-28 00:00:00",1652.196396535
"2023-09-29 00:00:00",1667.988848771
"2023-09-30 00:00:00",1670.998955757
"2023-10-01 00:00:00",1733.818034916
"2023-10-02 00:00:00",1665.276425111
"2023-10-03 00:00:00",1656.322003072
"2023-10-04 00:00:00",1648.193372528
"2023-10-05 00:00:00",1612.994889247
"2023-10-06 00:00:00",1646.393402293
"2023-10-07 00:00:00",1635.082855249
"2023-10-08 00:00:00",1634.221655148
"2023-10-09 00:00:00",1580.177760485
"2023-10-10 00:00:00",1567.458226489
"2023-10-11 00:00:00",1564.916203044
"2023-10-12 00:00:00",1536.812804708
"2023-10-13 00:00:00",1550.966872996
"2023-10-14 00:00:00",1555.456207934
"2023-10-15 00:00:00",1557.760809248
"2023-10-16 00:00:00",1601.232189643
"2023-10-17 00:00:00",1565.060587724
"2023-10-18 00:00:00",1564.071187202
"2023-10-19 00:00:00",1568.374683345
"2023-10-20 00:00:00",1603.909935597
"2023-10-21 00:00:00",1629.295529342
"2023-10-22 00:00:00",1664.570638094
"2023-10-23 00:00:00",1764.93030858
"2023-10-24 00:00:00",1784.773410989
"2023-10-25 00:00:00",1785.555149097
"2023-10-26 00:00:00",1804.161769138
"2023-10-27 00:00:00",1780.570411862
"2023-10-28 00:00:00",1776.353565835
"2023-10-29 00:00:00",1798.165413546
"2023-10-30 00:00:00",1809.639301345
"2023-10-31 00:00:00",1816.80314893
"2023-11-01 00:00:00",1846.482230513
"2023-11-02 00:00:00",1800.907179881
"2023-11-03 00:00:00",1834.173056706
"2023-11-04 00:00:00",1855.454385276
"2023-11-05 00:00:00",1895.938066007
"2023-11-06 00:00:00",1898.518225584
"2023-11-07 00:00:00",1887.315321843
"2023-11-08 00:00:00",1891.491779137
"2023-11-09 00:00:00",2128.609503944
"2023-11-10 00:00:00",2078.853466304
"2023-11-11 00:00:00",2052.994586064
"2023-11-12 00:00:00",2046.087079974
"2023-11-13 00:00:00",2060.532856136
"2023-11-14 00:00:00",1980.515430625
"2023-11-15 00:00:00",2061.635532253
"2023-11-16 00:00:00",1962.24383959
"2023-11-17 00:00:00",1956.517432117
"2023-11-18 00:00:00",1962.63056611
"2023-11-19 00:00:00",2011.126721064
"2023-11-20 00:00:00",2022.388147537
"2023-11-21 00:00:00",1940.444810365
"2023-11-22 00:00:00",2065.94144131
"2023-11-23 00:00:00",2062.269551858
"2023-11-24 00:00:00",2080.851757518
"2023-11-25 00:00:00",2085.42662154
"2023-11-26 00:00:00",2064.074218166
"2023-11-27 00:00:00",2030.000505812
"2023-11-28 00:00:00",2048.535256653
"2023-11-29 00:00:00",2025.937327699
"2023-11-30 00:00:00",2051.756717945
"2023-12-01 00:00:00",2085.712361321
"2023-12-02 00:00:00",2165.297880951
"2023-12-03 00:00:00",2190.70404037
"2023-12-04 00:00:00",2242.961542677
"2023-12-05 00:00:00",2294.095169853
"2023-12-06 00:00:00",2232.02544021
"2023-12-07 00:00:00",2354.386930946
"2023-12-08 00:00:00",2359.889056483
"2023-12-09 00:00:00",2341.072481152
"2023-12-10 00:00:00",2352.098728489
"2023-12-11 00:00:00",2222.3468384
"2023-12-12 00:00:00",2200.333716181
"2023-12-13 00:00:00",2260.882352575
"2023-12-14 00:00:00",2317.465074374
"2023-12-15 00:00:00",2219.951617876
"2023-12-16 00:00:00",2227.936447135
"2023-12-17 00:00:00",2199.540121188
"2023-12-18 00:00:00",2216.929013563
"2023-12-19 00:00:00",2176.839412657
"2023-12-20 00:00:00",2198.421404461
"2023-12-21 00:00:00",2236.186961753
"2023-12-22 00:00:00",2327.048962712
"2023-12-23 00:00:00",2310.955662998
"2023-12-24 00:00:00",2264.911143672
"2023-12-25 00:00:00",2273.632612115
"2023-12-26 00:00:00",2230.876184396
"2023-12-27 00:00:00",2376.771249284
"2023-12-28 00:00:00",2345.260708745
"2023-12-29 00:00:00",2299.526207275
"2023-12-30 00:00:00",2294.344006345
"2023-12-31 00:00:00",2279.941008569
"2024-01-01 00:00:00",2350.026286009
"2024-01-02 00:00:00",2360.782119589
"2024-01-03 00:00:00",2211.170827864
"2024-01-04 00:00:00",2270.977439334
"2024-01-05 00:00:00",2267.087035485
"2024-01-06 00:00:00",2241.510827004
"2024-01-07 00:00:00",2220.151561689
"2024-01-08 00:00:00",2331.660329436
"2024-01-09 00:00:00",2341.160624264
"2024-01-10 00:00:00",2588.769163919
"2024-01-11 00:00:00",2618.329861896
"2024-01-12 00:00:00",2524.501693891
"2024-01-13 00:00:00",2575.924735433
"2024-01-14 00:00:00",2477.937478431
"2024-01-15 00:00:00",2515.319980394
"2024-01-16 00:00:00",2589.48263163
"2024-01-17 00:00:00",2528.328785452
"2024-01-18 00:00:00",2467.328978514
"2024-01-19 00:00:00",2489.618064653
"2024-01-20 00:00:00",2470.263615104
"2024-01-21 00:00:00",2454.90954334
"2024-01-22 00:00:00",2307.587003499
"2024-01-23 00:00:00",2241.942776155
"2024-01-24 00:00:00",2236.739313097
"2024-01-25 00:00:00",2219.614527446
"2024-01-26 00:00:00",2268.870731507
"2024-01-27 00:00:00",2267.907851753
"2024-01-28 00:00:00",2257.054464646
"2024-01-29 00:00:00",2314.59472753
"2024-01-30 00:00:00",2344.00140002
"2024-01-31 00:00:00",2282.485867016
"2024-02-01 00:00:00",2301.737299309
"2024-02-02 00:00:00",2307.432998483
"2024-02-03 00:00:00",2294.715924804
"2024-02-04 00:00:00",2290.084492877
"2024-02-05 00:00:00",2298.669906674
"2024-02-06 00:00:00",2372.760878735
"2024-02-07 00:00:00",2424.073040465
"2024-02-08 00:00:00",2420.968561479
"2024-02-09 00:00:00",2487.850897197
"2024-02-10 00:00:00",2499.492184156
"2024-02-11 00:00:00",2505.076808454
"2024-02-12 00:00:00",2657.990407977
"2024-02-13 00:00:00",2641.536097492
"2024-02-14 00:00:00",2780.372974907
"2024-02-15 00:00:00",2826.821475855
"2024-02-16 00:00:00",2807.371703054
"2024-02-17 00:00:00",2788.5613325
"2024-02-18 00:00:00",2874.94527604
"2024-02-19 00:00:00",2943.723084778
"2024-02-20 00:00:00",3015.438952062
"2024-02-21 00:00:00",2977.082016683
"2024-02-22 00:00:00",2974.131586132
"2024-02-23 00:00:00",2926.285912906
"2024-02-24 00:00:00",2988.317384064
"2024-02-25 00:00:00",3113.408298288
"2024-02-26 00:00:00",3173.629946837
"2024-02-27 00:00:00",3242.047653822
"2024-02-28 00:00:00",3380.803955542
"2024-02-29 00:00:00",3347.690472423
"2024-03-01 00:00:00",3431.75199772
"2024-03-02 00:00:00",3421.892146924
"2024-03-03 00:00:00",3487.190931867
"2024-03-04 00:00:00",3634.311067557
"2024-03-05 00:00:00",3581.534884909
"2024-03-06 00:00:00",3822.365818156
"2024-03-07 00:00:00",3861.900999014
"2024-03-08 00:00:00",3893.613884197
"2024-03-09 00:00:00",3916.041187699
"2024-03-10 00:00:00",3887.473104733
"2024-03-11 00:00:00",4070.604074987
"2024-03-12 00:00:00",3978.685771378
"2024-03-13 00:00:00",4007.912126076
"2024-03-14 00:00:00",3879.038366643
"2024-03-15 00:00:00",3738.381184462
"2024-03-16 00:00:00",3514.222472178
"2024-03-17 00:00:00",3643.28034738
"2024-03-18 00:00:00",3525.89364067
"2024-03-19 00:00:00",3171.29383664
"2024-03-20 00:00:00",3515.688431855
"2024-03-21 00:00:00",3493.43043878
"2024-03-22 00:00:00",3322.89127732
"2024-03-23 00:00:00",3353.371241538
"2024-03-24 00:00:00",3454.25707139
"2024-03-25 00:00:00",3588.493402189
"2024-03-26 00:00:00",3591.548527903
"2024-03-27 00:00:00",3505.218116183
"2024-03-28 00:00:00",3560.261511468
"2024-03-29 00:00:00",3516.096057628
"2024-03-30 00:00:00",3507.660655947
"2024-03-31 00:00:00",3644.767598785
"2024-04-01 00:00:00",3508.247720109
"2024-04-02 00:00:00",3274.901203544
"2024-04-03 00:00:00",3316.682954678
"2024-04-04 00:00:00",3332.089836616
"2024-04-05 00:00:00",3320.281588983
"2024-04-06 00:00:00",3362.838907503
"2024-04-07 00:00:00",3453.436126179
"2024-04-08 00:00:00",3695.239391142
"2024-04-09 00:00:00",3503.653599684
"2024-04-10 00:00:00",3539.763064065
"2024-04-11 00:00:00",3508.578498449
"2024-04-12 00:00:00",3245.500592698
"2024-04-13 00:00:00",3022.005785248
"2024-04-14 00:00:00",3157.683765828
"2024-04-15 00:00:00",3101.190735675
"2024-04-16 00:00:00",3083.706014766
"2024-04-17 00:00:00",2982.61573471
"2024-04-18 00:00:00",3064.911592229
"2024-04-19 00:00:00",3065.682561566
"2024-04-20 00:00:00",3152.191506652
"2024-04-21 00:00:00",3147.137754299
"2024-04-22 00:00:00",3199.769589894
"2024-04-23 00:00:00",3218.967268643
"2024-04-24 00:00:00",3138.814357009
"2024-04-25 00:00:00",3157.619317482
"2024-04-26 00:00:00",3131.41921974
"2024-04-27 00:00:00",3259.252222765
"2024-04-28 00:00:00",3259.503404256
"2024-04-29 00:00:00",3213.689000495
"2024-04-30 00:00:00",3018.549635878
"2024-05-01 00:00:00",2976.090207516
"2024-05-02 00:00:00",2988.548649045
"2024-05-03 00:00:00",3102.151292366
"2024-05-04 00:00:00",3115.023321573
"2024-05-05 00:00:00",3136.57511039
"2024-05-06 00:00:00",3064.59139956
"2024-05-07 00:00:00",3015.159769617
"2024-05-08 00:00:00",2975.726966065
"2024-05-09 00:00:00",3038.344704667
"2024-05-10 00:00:00",2910.684500017
"2024-05-11 00:00:00",2908.982784903
"2024-05-12 00:00:00",2931.310666914
"2024-05-13 00:00:00",2948.303455266
"2024-05-14 00:00:00",2881.795991615
"2024-05-15 00:00:00",3035.758955126
"2024-05-16 00:00:00",2943.585128384
"2024-05-17 00:00:00",3095.996844293
"2024-05-18 00:00:00",3120.549378254
"2024-05-19 00:00:00",3071.324418094
"2024-05-20 00:00:00",3656.390090299
"2024-05-21 00:00:00",3792.486220212
"2024-05-22 00:00:00",3741.897740561
"2024-05-23 00:00:00",3766.398091342
"2024-05-24 00:00:00",3727.065981583
"2024-05-25 00:00:00",3750.07715939
"2024-05-26 00:00:00",3825.277957578
"2024-05-27 00:00:00",3893.392105894
"2024-05-28 00:00:00",3840.6888604
"2024-05-29 00:00:00",3765.302556778
"2024-05-30 00:00:00",3748.639152333
"2024-05-31 00:00:00",3761.069245648
"2024-06-01 00:00:00",3813.45244156
"2024-06-02 00:00:00",3780.711984735
"2024-06-03 00:00:00",3766.637649941
"2024-06-04 00:00:00",3814.932030146
"2024-06-05 00:00:00",3871.082090622
"2024-06-06 00:00:00",3812.701856549
"2024-06-07 00:00:00",3679.376652374
"2024-06-08 00:00:00",3683.025380135
"2024-06-09 00:00:00",3705.899884405
"2024-06-10 00:00:00",3666.827664726
"2024-06-11 00:00:00",3498.555954222
"2024-06-12 00:00:00",3559.447533626
"2024-06-13 00:00:00",3465.316584199
"2024-06-14 00:00:00",3478.774834989
"2024-06-15 00:00:00",3565.123259186
"2024-06-16 00:00:00",3618.508652976
"2024-06-17 00:00:00",3510.358693529
"2024-06-18 00:00:00",3480.471338428
"2024-06-19 00:00:00",3555.965839554
"2024-06-20 00:00:00",3511.284828154
"2024-06-21 00:00:00",3516.880980005
"2024-06-22 00:00:00",3494.798562173
"2024-06-23 00:00:00",3417.797137298
"2024-06-24 00:00:00",3357.100640073
"2024-06-25 00:00:00",3395.30468734
"2024-06-26 00:00:00",3365.944669708
"2024-06-27 00:00:00",3442.91015811
"2024-06-28 00:00:00",3374.605130307
"2024-06-29 00:00:00",3371.278227967
"2024-06-30 00:00:00",3435.318327634
"2024-07-01 00:00:00",3438.009079
"2024-07-02 00:00:00",3417.898425548
"2024-07-03 00:00:00",3295.80846443
"2024-07-04 00:00:00",3069.043400834
"2024-07-05 00:00:00",2984.398102498
"2024-07-06 00:00:00",3066.247437954
"2024-07-07 00:00:00",2928.601231006
"2024-07-08 00:00:00",3016.083353795
"2024-07-09 00:00:00",3064.09236052
"2024-07-10 00:00:00",3099.710186131
"2024-07-11 00:00:00",3102.090230229
"2024-07-12 00:00:00",3132.98083861
"2024-07-13 00:00:00",3173.504234138
"2024-07-14 00:00:00",3252.654184707
"2024-07-15 00:00:00",3488.538758028
"2024-07-16 00:00:00",3446.765889304
"2024-07-17 00:00:00",3389.441287038
"2024-07-18 00:00:00",3428.552018767
"2024-07-19 00:00:00",3505.222536388
"2024-07-20 00:00:00",3522.801302812
"2024-07-21 00:00:00",3533.118349531
"2024-07-22 00:00:00",3443.073350817
"2024-07-23 00:00:00",3482.983770593
"2024-07-24 00:00:00",3336.380253038
"2024-07-25 00:00:00",3173.763398327
"2024-07-26 00:00:00",3278.186957528
"2024-07-27 00:00:00",3254.611672583
"2024-07-28 00:00:00",3272.85013067
"2024-07-29 00:00:00",3316.942188773
"2024-07-30 00:00:00",3276.981779517
"2024-07-31 00:00:00",3233.076804863
"2024-08-01 00:00:00",3204.246523746
"2024-08-02 00:00:00",2983.300976694
"2024-08-03 00:00:00",2906.715024177
"2024-08-04 00:00:00",2682.437392819
"2024-08-05 00:00:00",2415.631139431
"2024-08-06 00:00:00",2455.511376651
"2024-08-07 00:00:00",2341.590346028
"2024-08-08 00:00:00",2685.012750687
"2024-08-09 00:00:00",2602.184071276
"2024-08-10 00:00:00",2608.035743629
"2024-08-11 00:00:00",2558.790870731
"2024-08-12 00:00:00",2726.777988552
"2024-08-13 00:00:00",2703.550558764
"2024-08-14 00:00:00",2662.780395092
"2024-08-15 00:00:00",2569.860481216
"2024-08-16 00:00:00",2592.249006212
"2024-08-17 00:00:00",2613.139261446
"2024-08-18 00:00:00",2614.601280626
"2024-08-19 00:00:00",2640.590420733
"2024-08-20 00:00:00",2575.643435504
"2024-08-21 00:00:00",2630.298801764
"2024-08-22 00:00:00",2623.289171365
"2024-08-23 00:00:00",2763.255407364
"2024-08-24 00:00:00",2767.840733546
"2024-08-25 00:00:00",2745.164671605
"2024-08-26 00:00:00",2683.08011549
"2024-08-27 00:00:00",2457.277351755
"2024-08-28 00:00:00",2527.026981402
"2024-08-29 00:00:00",2526.7383553
"2024-08-30 00:00:00",2527.690204916
"2024-08-31 00:00:00",2513.3643501
"2024-09-01 00:00:00",2430.020266144
"2024-09-02 00:00:00",2534.90481684
"2024-09-03 00:00:00",2437.147155756
"2024-09-04 00:00:00",2448.307857841
"2024-09-05 00:00:00",2367.770050951
"2024-09-06 00:00:00",2223.780428383
"2024-09-07 00:00:00",2272.697284995
"2024-09-08 00:00:00",2296.402952076
"2024-09-09 00:00:00",2359.565766832
"2024-09-10 00:00:00",2389.474011126
"2024-09-11 00:00:00",2342.963923694
"2024-09-12 00:00:00",2362.300238175
"2024-09-13 00:00:00",2445.086210323
"2024-09-14 00:00:00",2418.082808318
"2024-09-15 00:00:00",2322.643331748
"2024-09-16 00:00:00",2295.134838654
"2024-09-17 00:00:00",2341.09241326
"2024-09-18 00:00:00",2361.960992101
"2024-09-19 00:00:00",2465.234783317
"2024-09-20 00:00:00",2557.621855544
"2024-09-21 00:00:00",2614.599604754
"2024-09-22 00:00:00",2582.847683741
"2024-09-23 00:00:00",2647.993162203
"2024-09-24 00:00:00",2653.844345308
"2024-09-25 00:00:00",2578.566359563
"2024-09-26 00:00:00",2630.949837009
"2024-09-27 00:00:00",2698.192821235
"2024-09-28 00:00:00",2680.218702062
"2024-09-29 00:00:00",2659.611211612
"2024-09-30 00:00:00",2597.341151683
"2024-10-01 00:00:00",2451.63152259
"2024-10-02 00:00:00",2365.231040243
"2024-10-03 00:00:00",2348.004836925
"2024-10-04 00:00:00",2416.918405555
"2024-10-05 00:00:00",2415.403813745
"2024-10-06 00:00:00",2438.030912544
"2024-10-07 00:00:00",2422.750641296
"2024-10-08 00:00:00",2441.46516962
"2024-10-09 00:00:00",2367.615096789
"2024-10-10 00:00:00",2381.781708801
"2024-10-11 00:00:00",2435.713784369
"2024-10-12 00:00:00",2477.613027558
"2024-10-13 00:00:00",2466.860726709
"2024-10-14 00:00:00",2628.504376158
"2024-10-15 00:00:00",2602.076043596
"2024-10-16 00:00:00",2611.700159182
"2024-10-17 00:00:00",2603.120292335
"2024-10-18 00:00:00",2643.156520987
"2024-10-19 00:00:00",2649.97928958
"2024-10-20 00:00:00",2742.95914116
"2024-10-21 00:00:00",2665.731938974
"2024-10-22 00:00:00",2619.565313051
"2024-10-23 00:00:00",2524.103856309
"2024-10-24 00:00:00",2536.23404132
"2024-10-25 00:00:00",2422.093289229
"2024-10-26 00:00:00",2479.373603244
"2024-10-27 00:00:00",2505.502947139
"2024-10-28 00:00:00",2564.813855678
"2024-10-29 00:00:00",2638.637351278
"2024-10-30 00:00:00",2657.614181849
"2024-10-31 00:00:00",2514.750787241
"2024-11-01 00:00:00",2513.837287061
"2024-11-02 00:00:00",2491.352150059
"2024-11-03 00:00:00",2456.979687345
"2024-11-04 00:00:00",2395.947213913
"2024-11-05 00:00:00",2422.368479856
"2024-11-06 00:00:00",2720.621745007
"2024-11-07 00:00:00",2894.971873384
"2024-11-08 00:00:00",2960.959336938
"2024-11-09 00:00:00",3130.035524074
"2024-11-10 00:00:00",3191.904455552
"2024-11-11 00:00:00",3372.791486343
"2024-11-12 00:00:00",3260.934386131
"2024-11-13 00:00:00",3191.899184399
"2024-11-14 00:00:00",3059.812296932
"2024-11-15 00:00:00",3093.91304339
"2024-11-16 00:00:00",3133.880223419
"2024-11-17 00:00:00",3075.534532602
"2024-11-18 00:00:00",3209.423907333
"2024-11-19 00:00:00",3112.909801015
"2024-11-20 00:00:00",3075.193856649
"2024-11-21 00:00:00",3365.936971547
"2024-11-22 00:00:00",3327.757195172
"2024-11-23 00:00:00",3394.036961783
"2024-11-24 00:00:00",3368.702761943
"2024-11-25 00:00:00",3417.291223692
"2024-11-26 00:00:00",3325.636532588
"2024-11-27 00:00:00",3666.188490438
"2024-11-28 00:00:00",3579.240786247
"2024-11-29 00:00:00",3598.193321225
"2024-11-30 00:00:00",3709.909439107
"2024-12-01 00:00:00",3708.807238738
"2024-12-02 00:00:00",3643.855375704
"2024-12-03 00:00:00",3625.71045795
"2024-12-04 00:00:00",3839.443460716
"2024-12-05 00:00:00",3796.86886716
"2024-12-06 00:00:00",4013.726145389
"2024-12-07 00:00:00",4000.992076502
"2024-12-08 00:00:00",4015.782021233
"2024-12-09 00:00:00",3713.313897997
"2024-12-10 00:00:00",3626.588641777
"2024-12-11 00:00:00",3828.10758834
"2024-12-12 00:00:00",3878.850012073
"2024-12-13 00:00:00",3907.429659505
"2024-12-14 00:00:00",3866.995802035
"2024-12-15 00:00:00",3961.31546618
"2024-12-16 00:00:00",3992.857195846
"2024-12-17 00:00:00",3879.40622401
"2024-12-18 00:00:00",3628.262478044
"2024-12-19 00:00:00",3434.675469538
"2024-12-20 00:00:00",3468.658920056
"2024-12-21 00:00:00",3337.597223117
"2024-12-22 00:00:00",3275.889427402
"2024-12-23 00:00:00",3414.641441981
"2024-12-24 00:00:00",3497.555287928
"2024-12-25 00:00:00",3494.510927363
"2024-12-26 00:00:00",3327.789776168
"2024-12-27 00:00:00",3328.611155309
"2024-12-28 00:00:00",3397.834120509
"2024-12-29 00:00:00",3357.330742971
"2024-12-30 00:00:00",3359.513941757
"2024-12-31 00:00:00",3336.617513766
"2025-01-01 00:00:00",3348.967247124
"2025-01-02 00:00:00",3448.140436961
"2025-01-03 00:00:00",3604.291379593
"2025-01-04 00:00:00",3660.378041735
"2025-01-05 00:00:00",3635.854996181
"2025-01-06 00:00:00",3687.144714059
"2025-01-07 00:00:00",3380.021126309
"2025-01-08 00:00:00",3325.130029354
"2025-01-09 00:00:00",3219.092844758
"2025-01-10 00:00:00",3269.175995406
"2025-01-11 00:00:00",3283.591322829
"2025-01-12 00:00:00",3264.070968534
"2025-01-13 00:00:00",3134.55203946
"2025-01-14 00:00:00",3224.800648341
"2025-01-15 00:00:00",3447.034047675
"2025-01-16 00:00:00",3309.44661399
"2025-01-17 00:00:00",3477.284285085
"2025-01-18 00:00:00",3309.09956762
"2025-01-19 00:00:00",3208.136543989
"2025-01-20 00:00:00",3263.069869881
"2025-01-21 00:00:00",3326.028540471
"2025-01-22 00:00:00",3237.299667129
"2025-01-23 00:00:00",3332.580893146
"2025-01-24 00:00:00",3311.849983869
"2025-01-25 00:00:00",3320.131410179
"2025-01-26 00:00:00",3232.276774471
"2025-01-27 00:00:00",3173.53460794
"2025-01-28 00:00:00",3076.493769286
"2025-01-29 00:00:00",3114.435885436
"2025-01-30 00:00:00",3248.249484352
"2025-01-31 00:00:00",3296.390634844
"2025-02-01 00:00:00",3125.038680132
"2025-02-02 00:00:00",2862.697618872
"2025-02-03 00:00:00",2877.81382395
"2025-02-04 00:00:00",2740.380976276
"2025-02-05 00:00:00",2790.552160926
"2025-02-06 00:00:00",2686.662316794
"2025-02-07 00:00:00",2623.450701782
"2025-02-08 00:00:00",2635.601141802
"2025-02-09 00:00:00",2632.535822055
"2025-02-10 00:00:00",2660.296799644
"2025-02-11 00:00:00",2603.033369805
"2025-02-12 00:00:00",2736.270313603
"2025-02-13 00:00:00",2675.709000704
"2025-02-14 00:00:00",2724.669833587
"2025-02-15 00:00:00",2692.821386386
"2025-02-16 00:00:00",2659.901747409
"2025-02-17 00:00:00",2741.905080096
"2025-02-18 00:00:00",2669.49450069
"2025-02-19 00:00:00",2714.801836472
"2025-02-20 00:00:00",2741.593362599
"2025-02-21 00:00:00",2658.347094292
"2025-02-22 00:00:00",2764.355233404
"2025-02-23 00:00:00",2827.184408488
"2025-02-24 00:00:00",2503.103420099
"2025-02-25 00:00:00",2495.315451693
"2025-02-26 00:00:00",2325.853934699
"2025-02-27 00:00:00",2305.322937803
"2025-02-28 00:00:00",2235.204208609
"2025-03-01 00:00:00",2212.824351497
"2025-03-02 00:00:00",2517.338239162
"2025-03-03 00:00:00",2148.19953347
"2025-03-04 00:00:00",2171.496943535
"2025-03-05 00:00:00",2241.384114919
"2025-03-06 00:00:00",2202.32073635
"2025-03-07 00:00:00",2140.749808943
"2025-03-08 00:00:00",2199.999500081
"2025-03-09 00:00:00",2017.265460184
"2025-03-10 00:00:00",1879.123105499
"2025-03-11 00:00:00",1921.309922759
"2025-03-12 00:00:00",1910.655138103
"2025-03-13 00:00:00",1862.794936649
"2025-03-14 00:00:00",1910.666270346
"2025-03-15 00:00:00",1939.785688172
"2025-03-16 00:00:00",1887.764342969
"2025-03-17 00:00:00",1929.183357762
"2025-03-18 00:00:00",1932.796405905
"2025-03-19 00:00:00",2060.728601068
"2025-03-20 00:00:00",1980.831780525
"2025-03-21 00:00:00",1964.529383317
"2025-03-22 00:00:00",1979.544925767
"2025-03-23 00:00:00",2001.047023095
"2025-03-24 00:00:00",2077.739325832
"2025-03-25 00:00:00",2068.598435049
"2025-03-26 00:00:00",2009.88354329
"2025-03-27 00:00:00",2003.303424129
"2025-03-28 00:00:00",1896.917360046
"2025-03-29 00:00:00",1829.27452118
"2025-03-30 00:00:00",1805.337877944
"2025-03-31 00:00:00",1824.207136761
"2025-04-01 00:00:00",1907.167152299
"2025-04-02 00:00:00",1795.761850567
"2025-04-03 00:00:00",1818.284419954
"2025-04-04 00:00:00",1814.480775345
"2025-04-05 00:00:00",1809.935827172
"2025-04-06 00:00:00",1574.632161146
"2025-04-07 00:00:00",1555.909812571
"2025-04-08 00:00:00",1471.360885437
"2025-04-09 00:00:00",1662.533160464
"2025-04-10 00:00:00",1523.928624243
"2025-04-11 00:00:00",1568.131690126
"2025-04-12 00:00:00",1645.862573316
"2025-04-13 00:00:00",1595.422746
"2025-04-14 00:00:00",1621.543195597
"2025-04-15 00:00:00",1587.822224402
"2025-04-16 00:00:00",1577.707351676
"2025-04-17 00:00:00",1583.4764497
"2025-04-18 00:00:00",1589.151620827
"2025-04-19 00:00:00",1615.050254916
"2025-04-20 00:00:00",1585.460025344
"2025-04-21 00:00:00",1577.446559592
"2025-04-22 00:00:00",1759.706459931
"2025-04-23 00:00:00",1793.969849486
"2025-04-24 00:00:00",1769.392510735
"2025-04-25 00:00:00",1788.798180433
"2025-04-26 00:00:00",1821.269530329
"2025-04-27 00:00:00",1793.691844073
"2025-04-28 00:00:00",1799.501914492
"2025-04-29 00:00:00",1796.972045677
"2025-04-30 00:00:00",1794.049540862
"2025-05-01 00:00:00",1838.854328593
"2025-05-02 00:00:00",1841.427590837
"2025-05-03 00:00:00",1834.501911876
"2025-05-04 00:00:00",1808.156093844
"2025-05-05 00:00:00",1820.004459889
"2025-05-06 00:00:00",1816.168694382
"2025-05-07 00:00:00",1810.316926928
"2025-05-08 00:00:00",2197.561189324
"2025-05-09 00:00:00",2341.407963003
"2025-05-10 00:00:00",2583.682905143
"2025-05-11 00:00:00",2507.46931076
"2025-05-12 00:00:00",2492.426391077
"2025-05-13 00:00:00",2676.639163128
"2025-05-14 00:00:00",2603.71808872
"2025-05-15 00:00:00",2542.296692467
"2025-05-16 00:00:00",2544.387037724
"2025-05-17 00:00:00",2475.05439337
"2025-05-18 00:00:00",2465.340985614
"2025-05-19 00:00:00",2526.989643891
"2025-05-20 00:00:00",2524.274343315
"2025-05-21 00:00:00",2558.950234377
"2025-05-22 00:00:00",2657.167444757
"2025-05-23 00:00:00",2519.813809045
"2025-05-24 00:00:00",2529.442984228
"2025-05-25 00:00:00",2546.620116337
"2025-05-26 00:00:00",2562.172928639
"2025-05-27 00:00:00",2662.094056824
"2025-05-28 00:00:00",2676.267412451
"2025-05-29 00:00:00",2633.139206529
"2025-05-30 00:00:00",2524.476234805
"2025-05-31 00:00:00",2532.362785309
"2025-06-01 00:00:00",2538.330058437
"2025-06-02 00:00:00",2609.737253959
"2025-06-03 00:00:00",2595.468957006
"2025-06-04 00:00:00",2610.343189828
"2025-06-05 00:00:00",2421.601103764
"2025-06-06 00:00:00",2481.403983669
"2025-06-07 00:00:00",2526.29199589
"2025-06-08 00:00:00",2508.784123585
"2025-06-09 00:00:00",2685.000185041
"2025-06-10 00:00:00",2808.503208315
"2025-06-11 00:00:00",2776.137191582
"2025-06-12 00:00:00",2653.158968453
"2025-06-13 00:00:00",2577.048617526
"2025-06-14 00:00:00",2534.070219536
"2025-06-15 00:00:00",2547.845604092
"2025-06-16 00:00:00",2561.329843569
"2025-06-17 00:00:00",2514.986700576
"2025-06-18 00:00:00",2521.333423396
"2025-06-19 00:00:00",2522.179190364
"2025-06-20 00:00:00",2405.695434213
"2025-06-21 00:00:00",2270.581996056
"2025-06-22 00:00:00",2227.428726637
"2025-06-23 00:00:00",2423.899644269
"2025-06-24 00:00:00",2446.539301545
"2025-06-25 00:00:00",2417.226785528
"2025-06-26 00:00:00",2415.031864877
"2025-06-27 00:00:00",2423.030289673
"2025-06-28 00:00:00",2437.13300178
"2025-06-29 00:00:00",2502.667272118
"2025-06-30 00:00:00",2488.19078169
"2025-07-01 00:00:00",2405.10455928
"2025-07-02 00:00:00",2574.067718495
"2025-07-03 00:00:00",2590.13223159
"2025-07-04 00:00:00",2509.236345783
"2025-07-05 00:00:00",2517.379178351
"2025-07-06 00:00:00",2571.358192116
"2025-07-07 00:00:00",2543.631702807
"2025-07-08 00:00:00",2615.775988895
"2025-07-09 00:00:00",2772.579562661
"2025-07-10 00:00:00",2948.446202703
"2025-07-11 00:00:00",2958.851445099
"2025-07-12 00:00:00",2942.961605539
"2025-07-13 00:00:00",2974.265495233
"2025-07-14 00:00:00",3012.179706906
"2025-07-15 00:00:00",3133.069857747
"2025-07-16 00:00:00",3368.126521526
"2025-07-17 00:00:00",3481.882815237
"2025-07-18 00:00:00",3547.317079001
"2025-07-19 00:00:00",3594.318501081
"2025-07-20 00:00:00",3758.605581814
"2025-07-21 00:00:00",3765.453624024
"2025-07-22 00:00:00",3746.940668732
"2025-07-23 00:00:00",3630.053531481
"2025-07-24 00:00:00",3708.429935238
"2025-07-25 00:00:00",3723.052909279
"2025-07-26 00:00:00",3742.431425866
"2025-07-27 00:00:00",3864.124837465
"2025-07-28 00:00:00",3786.303845996
"2025-07-29 00:00:00",3788.598371606
"2025-07-30 00:00:00",3807.416601082
"2025-07-31 00:00:00",3696.662853085
"2025-08-01 00:00:00",3483.178955158
"2025-08-02 00:00:00",3397.485548414
"2025-08-03 00:00:00",3497.573127822
"2025-08-04 00:00:00",3715.709014855
"2025-08-05 00:00:00",3612.442432237
"2025-08-06 00:00:00",3684.045919573
"2025-08-07 00:00:00",3911.260946269
"2025-08-08 00:00:00",4012.976970012
"2025-08-09 00:00:00",4265.563258334
"2025-08-10 00:00:00",4253.591618951
"2025-08-11 00:00:00",4228.824213261
"2025-08-12 00:00:00",4606.80942771
"2025-08-13 00:00:00",4763.652535322
"2025-08-14 00:00:00",4554.291501539
"2025-08-15 00:00:00",4430.532465018
"2025-08-16 00:00:00",4426.826913311
"2025-08-17 00:00:00",4487.118013759
"2025-08-18 00:00:00",4317.275757328
"2025-08-19 00:00:00",4074.495786101
"2025-08-20 00:00:00",4330.491598768
"2025-08-21 00:00:00",4224.438592581
"2025-08-22 00:00:00",4829.225541798
"2025-08-23 00:00:00",4773.884088599
"2025-08-24 00:00:00",4778.109160714
"2025-08-25 00:00:00",4381.626176071
"2025-08-26 00:00:00",4602.369685334
"2025-08-27 00:00:00",4500.145147998
"2025-08-28 00:00:00",4507.560431033
"2025-08-29 00:00:00",4364.35852143
"2025-08-30 00:00:00",4373.360357621
"2025-08-31 00:00:00",4388.931464519
"2025-09-01 00:00:00",4303.202222746
"2025-09-02 00:00:00",4325.856306226
"2025-09-03 00:00:00",4449.867097728
"2025-09-04 00:00:00",4298.094660545
"2025-09-05 00:00:00",4306.6135131
"2025-09-06 00:00:00",4273.110024158
"2025-09-07 00:00:00",4304.032421076
"2025-09-08 00:00:00",4309.685702772
"2025-09-09 00:00:00",4309.34274612
"2025-09-10 00:00:00",4347.476803671
"2025-09-11 00:00:00",4459.319015999
"2025-09-12 00:00:00",4708.84174415
"2025-09-13 00:00:00",4667.69965263
"2025-09-14 00:00:00",4609.786110951
"2025-09-15 00:00:00",4524.244939103
"2025-09-16 00:00:00",4504.266635523
"2025-09-17 00:00:00",4591.768794331
"2025-09-18 00:00:00",4590.636737214
"2025-09-19 00:00:00",4470.479474009
"2025-09-20 00:00:00",4481.799472368
"2025-09-21 00:00:00",4452.871130378
"2025-09-22 00:00:00",4199.951774018
"2025-09-23 00:00:00",4166.190549878
"2025-09-24 00:00:00",4148.65682762
"2025-09-25 00:00:00",3863.063287591
"2025-09-26 00:00:00",4037.097921026
"2025-09-27 00:00:00",4018.167453106
"2025-09-28 00:00:00",4141.839664087
"2025-09-29 00:00:00",4215.612789479
"2025-09-30 00:00:00",4144.230463372
"2025-10-01 00:00:00",4343.95198344
"2025-10-02 00:00:00",4484.006245909
"2025-10-03 00:00:00",4515.75906816
"2025-10-04 00:00:00",4487.706651673
"2025-10-05 00:00:00",4515.321391965
"2025-10-06 00:00:00",4689.131734747
"2025-10-07 00:00:00",4454.328462867
"2025-10-08 00:00:00",4527.578004548
"2025-10-09 00:00:00",4368.649439385
"2025-10-10 00:00:00",3835.63284205
"2025-10-11 00:00:00",3749.218185955
"2025-10-12 00:00:00",4159.729307792
"2025-10-13 00:00:00",4246.217461555
"2025-10-14 00:00:00",4128.888447034
"2025-10-15 00:00:00",3983.154435689
"2025-10-16 00:00:00",3890.199301248
"2025-10-17 00:00:00",3831.244175836
"2025-10-18 00:00:00",3889.499030204
"2025-10-19 00:00:00",3985.076564405
"2025-10-20 00:00:00",3978.790155134
"2025-10-21 00:00:00",3877.487197955
"2025-10-22 00:00:00",3801.790795238
"2025-10-23 00:00:00",3855.84211624
"2025-10-24 00:00:00",3933.232269901
"2025-10-25 00:00:00",3952.213557936
"2025-10-26 00:00:00",4161.590896249
"2025-10-27 00:00:00",4123.206220672
"2025-10-28 00:00:00",3982.312789318
"2025-10-29 00:00:00",3897.359267617
"2025-10-30 00:00:00",3802.295364533
"2025-10-31 00:00:00",3847.298177365
"2025-11-01 00:00:00",3872.211896196
"2025-11-02 00:00:00",3910.094769163
"2025-11-03 00:00:00",3600.715502488
"2025-11-04 00:00:00",3296.743760431
"2025-11-05 00:00:00",3427.690591371
"2025-11-06 00:00:00",3308.918164922
"2025-11-07 00:00:00",3434.35122853
"2025-11-08 00:00:00",3401.45940034
"2025-11-09 00:00:00",3576.254704663
"2025-11-10 00:00:00",3564.6105958
"2025-11-11 00:00:00",3416.781328259
"2025-11-12 00:00:00",3409.614455541
"2025-11-13 00:00:00",3235.727636297
"2025-11-14 00:00:00",3106.601287865
"2025-11-15 00:00:00",3170.11298074
"2025-11-16 00:00:00",3101.686799467
"2025-11-17 00:00:00",3021.30215763
"2025-11-18 00:00:00",3117.222587158
"2025-11-19 00:00:00",3017.74836141
"2025-11-20 00:00:00",2832.068358334
"2025-11-21 00:00:00",2764.735218675
"2025-11-22 00:00:00",2768.6178295
"2025-11-23 00:00:00",2799.814934092
"2025-11-24 00:00:00",2953.327645752
"2025-11-25 00:00:00",2955.046469321
"2025-11-26 00:00:00",3027.477249133
"2025-11-27 00:00:00",3015.611819692
"2025-11-28 00:00:00",3033.135645414
"2025-11-29 00:00:00",2991.233011703
"2025-11-30 00:00:00",2992.83418595
"2025-12-01 00:00:00",2799.03679199
"2025-12-02 00:00:00",2995.751149323
"2025-12-03 00:00:00",3195.408991909
"2025-12-04 00:00:00",3133.698235619
"2025-12-05 00:00:00",3022.656420523
"2025-12-06 00:00:00",3039.358573133
"2025-12-07 00:00:00",3052.976330437
"2025-12-08 00:00:00",3125.321462184
"2025-12-09 00:00:00",3322.469217837
"2025-12-10 00:00:00",3326.260211638
"2025-12-11 00:00:00",3236.098620858
"2025-12-12 00:00:00",3085.316694358
"2025-12-13 00:00:00",3115.225428835
"2025-12-14 00:00:00",3065.491235556
"2025-12-15 00:00:00",2964.488557692
"2025-12-16 00:00:00",2964.262791505
"2025-12-17 00:00:00",2827.804175502
"2025-12-18 00:00:00",2826.594846511
"2025-12-19 00:00:00",2976.796869558
"2025-12-20 00:00:00",2977.162263207
"2025-12-21 00:00:00",3001.600837781
"2025-12-22 00:00:00",3005.786780692
"2025-12-23 00:00:00",2965.193660041
"2025-12-24 00:00:00",2945.987814502
"2025-12-25 00:00:00",2904.2523446
"2025-12-26 00:00:00",2926.695639113
"2025-12-27 00:00:00",2948.862126258
"2025-12-28 00:00:00",2947.859760572
"2025-12-29 00:00:00",2934.215601759
"2025-12-30 00:00:00",2970.055474481
"2025-12-31 00:00:00",2966.774179813
"2026-01-01 00:00:00",3000.419116888
"2026-01-02 00:00:00",3121.900672454
"2026-01-03 00:00:00",3126.041091396
"2026-01-04 00:00:00",3139.057041913
"2026-01-05 00:00:00",3228.296224784
"2026-01-06 00:00:00",3295.10192788
"2026-01-07 00:00:00",3164.794750249
"2026-01-08 00:00:00",3104.220322475
"2026-01-09 00:00:00",3083.136117372
"2026-01-10 00:00:00",3082.96532883
"2026-01-11 00:00:00",3119.361936037
"2026-01-12 00:00:00",3090.282720665
"2026-01-13 00:00:00",3319.935407057
"2026-01-14 00:00:00",3356.496406363
"2026-01-15 00:00:00",3318.203702349
"2026-01-16 00:00:00",3296.062650076
"2026-01-17 00:00:00",3306.871222691
"2026-01-18 00:00:00",3284.319431647
"2026-01-19 00:00:00",3185.664463692
"2026-01-20 00:00:00",2935.623419316
"2026-01-21 00:00:00",2976.049146564
"2026-01-22 00:00:00",2948.277889615
"2026-01-23 00:00:00",2950.91284857
"2026-01-24 00:00:00",2949.197384616
"2026-01-25 00:00:00",2814.185383546
"2026-01-26 00:00:00",2927.836546921
"2026-01-27 00:00:00",3021.091516999
"2026-01-28 00:00:00",3006.807112956
"2026-01-29 00:00:00",2818.81789022
"2026-01-30 00:00:00",2702.407995265
"2026-01-31 00:00:00",2443.929024563
"2026-02-01 00:00:00",2269.328851865
"2026-02-02 00:00:00",2344.512261445
"2026-02-03 00:00:00",2226.985635575
"2026-02-04 00:00:00",2152.087011673
"2026-02-05 00:00:00",1820.569321557
"2026-02-06 00:00:00",2060.734964567
"2026-02-07 00:00:00",2091.04035369
"2026-02-08 00:00:00",2095.130564477
"2026-02-09 00:00:00",2104.457792191
"2026-02-10 00:00:00",2018.923778854
"2026-02-11 00:00:00",1939.432173971
"2026-02-12 00:00:00",1945.735141309
"2026-02-13 00:00:00",2047.362674253
"2026-02-14 00:00:00",2085.523682612
"2026-02-15 00:00:00",1963.957285303
"2026-02-16 00:00:00",2000.610443203
"2026-02-17 00:00:00",1992.004854467
"2026-02-18 00:00:00",1954.753495153
"2026-02-19 00:00:00",1946.909261359
"2026-02-20 00:00:00",1967.812114858
"2026-02-21 00:00:00",1973.664331586
"2026-02-22 00:00:00",1954.191356317
"2026-02-23 00:00:00",1853.695790384
"2026-02-24 00:00:00",1852.810293369
"2026-02-25 00:00:00",2053.188674079
"2026-02-26 00:00:00",2027.301518229
"2026-02-27 00:00:00",1931.320587091
"2026-02-28 00:00:00",1965.036620141
"2026-03-01 00:00:00",1938.411487708
"2026-03-02 00:00:00",2029.443994399
"2026-03-03 00:00:00",1982.458278653
"2026-03-04 00:00:00",2125.834585802
"2026-03-05 00:00:00",2074.522248185
"2026-03-06 00:00:00",1980.778284132
"2026-03-07 00:00:00",1969.693798197
"2026-03-08 00:00:00",1938.624925351
"2026-03-09 00:00:00",1992.355228734
"2026-03-10 00:00:00",2035.208948678
"2026-03-11 00:00:00",2051.731168411
"2026-03-12 00:00:00",2076.516228368
"2026-03-13 00:00:00",2093.006339686
"2026-03-14 00:00:00",2096.556369062
"2026-03-15 00:00:00",2175.059915408
"2026-03-16 00:00:00",2351.172929559
"2026-03-17 00:00:00",2318.119603165
"2026-03-18 00:00:00",2178.47