"DateTime","Morpho - Price","Morpho - Market Cap","Morpho - Fully Diluted Market Cap","Morpho - Fees","Morpho - Circulating Supply"
"2024-01-05 00:00:00",,,,0,
"2024-01-06 00:00:00",,,,0,
"2024-01-07 00:00:00",,,,0,
"2024-01-08 00:00:00",,,,0,
"2024-01-09 00:00:00",,,,1,
"2024-01-10 00:00:00",,,,52,
"2024-01-11 00:00:00",,,,392,
"2024-01-12 00:00:00",,,,396,
"2024-01-13 00:00:00",,,,536,
"2024-01-14 00:00:00",,,,861,
"2024-01-15 00:00:00",,,,891,
"2024-01-16 00:00:00",,,,1091,
"2024-01-17 00:00:00",,,,1169,
"2024-01-18 00:00:00",,,,1186,
"2024-01-19 00:00:00",,,,1019,
"2024-01-20 00:00:00",,,,1078,
"2024-01-21 00:00:00",,,,737,
"2024-01-22 00:00:00",,,,1205,
"2024-01-23 00:00:00",,,,1141,
"2024-01-24 00:00:00",,,,804,
"2024-01-25 00:00:00",,,,560,
"2024-01-26 00:00:00",,,,600,
"2024-01-27 00:00:00",,,,1233,
"2024-01-28 00:00:00",,,,1336,
"2024-01-29 00:00:00",,,,1485,
"2024-01-30 00:00:00",,,,994,
"2024-01-31 00:00:00",,,,1894,
"2024-02-01 00:00:00",,,,1996,
"2024-02-02 00:00:00",,,,2180,
"2024-02-03 00:00:00",,,,1366,
"2024-02-04 00:00:00",,,,2059,
"2024-02-05 00:00:00",,,,3161,
"2024-02-06 00:00:00",,,,3098,
"2024-02-07 00:00:00",,,,1841,
"2024-02-08 00:00:00",,,,2944,
"2024-02-09 00:00:00",,,,3342,
"2024-02-10 00:00:00",,,,3588,
"2024-02-11 00:00:00",,,,3017,
"2024-02-12 00:00:00",,,,2854,
"2024-02-13 00:00:00",,,,2906,
"2024-02-14 00:00:00",,,,4261,
"2024-02-15 00:00:00",,,,4694,
"2024-02-16 00:00:00",,,,4336,
"2024-02-17 00:00:00",,,,5707,
"2024-02-18 00:00:00",,,,4421,
"2024-02-19 00:00:00",,,,5452,
"2024-02-20 00:00:00",,,,4764,
"2024-02-21 00:00:00",,,,8179,
"2024-02-22 00:00:00",,,,6575,
"2024-02-23 00:00:00",,,,6459,
"2024-02-24 00:00:00",,,,4890,
"2024-02-25 00:00:00",,,,5608,
"2024-02-26 00:00:00",,,,10142,
"2024-02-27 00:00:00",,,,5016,
"2024-02-28 00:00:00",,,,7716,
"2024-02-29 00:00:00",,,,14768,
"2024-03-01 00:00:00",,,,12019,
"2024-03-02 00:00:00",,,,11380,
"2024-03-03 00:00:00",,,,13758,
"2024-03-04 00:00:00",,,,12505,
"2024-03-05 00:00:00",,,,9317,
"2024-03-06 00:00:00",,,,14100,
"2024-03-07 00:00:00",,,,11007,
"2024-03-08 00:00:00",,,,7165,
"2024-03-09 00:00:00",,,,18384,
"2024-03-10 00:00:00",,,,13192,
"2024-03-11 00:00:00",,,,28359,
"2024-03-12 00:00:00",,,,17936,
"2024-03-13 00:00:00",,,,19608,
"2024-03-14 00:00:00",,,,16514,
"2024-03-15 00:00:00",,,,19863,
"2024-03-16 00:00:00",,,,16029,
"2024-03-17 00:00:00",,,,23202,
"2024-03-18 00:00:00",,,,27712,
"2024-03-19 00:00:00",,,,25289,
"2024-03-20 00:00:00",,,,26781,
"2024-03-21 00:00:00",,,,28099,
"2024-03-22 00:00:00",,,,15707,
"2024-03-23 00:00:00",,,,21073,
"2024-03-24 00:00:00",,,,18541,
"2024-03-25 00:00:00",,,,22427,
"2024-03-26 00:00:00",,,,20504,
"2024-03-27 00:00:00",,,,26175,
"2024-03-28 00:00:00",,,,47223,
"2024-03-29 00:00:00",,,,39543,
"2024-03-30 00:00:00",,,,58076,
"2024-03-31 00:00:00",,,,172352,
"2024-04-01 00:00:00",,,,146880,
"2024-04-02 00:00:00",,,,166926,
"2024-04-03 00:00:00",,,,146009,
"2024-04-04 00:00:00",,,,143998,
"2024-04-05 00:00:00",,,,222087,
"2024-04-06 00:00:00",,,,149635,
"2024-04-07 00:00:00",,,,168766,
"2024-04-08 00:00:00",,,,172517,
"2024-04-09 00:00:00",,,,191113,
"2024-04-10 00:00:00",,,,197897,
"2024-04-11 00:00:00",,,,253349,
"2024-04-12 00:00:00",,,,236973,
"2024-04-13 00:00:00",,,,237603,
"2024-04-14 00:00:00",,,,202991,
"2024-04-15 00:00:00",,,,141708,
"2024-04-16 00:00:00",,,,241690,
"2024-04-17 00:00:00",,,,174148,
"2024-04-18 00:00:00",,,,221216,
"2024-04-19 00:00:00",,,,192174,
"2024-04-20 00:00:00",,,,234681,
"2024-04-21 00:00:00",,,,273537,
"2024-04-22 00:00:00",,,,209067,
"2024-04-23 00:00:00",,,,220739,
"2024-04-24 00:00:00",,,,180126,
"2024-04-25 00:00:00",,,,173044,
"2024-04-26 00:00:00",,,,148793,
"2024-04-27 00:00:00",,,,130145,
"2024-04-28 00:00:00",,,,235394,
"2024-04-29 00:00:00",,,,202702,
"2024-04-30 00:00:00",,,,110337,
"2024-05-01 00:00:00",,,,197047,
"2024-05-02 00:00:00",,,,169667,
"2024-05-03 00:00:00",,,,137511,
"2024-05-04 00:00:00",,,,167281,
"2024-05-05 00:00:00",,,,132396,
"2024-05-06 00:00:00",,,,205862,
"2024-05-07 00:00:00",,,,140977,
"2024-05-08 00:00:00",,,,126310,
"2024-05-09 00:00:00",,,,129636,
"2024-05-10 00:00:00",,,,149658,
"2024-05-11 00:00:00",,,,121619,
"2024-05-12 00:00:00",,,,139592,
"2024-05-13 00:00:00",,,,117320,
"2024-05-14 00:00:00",,,,159557,
"2024-05-15 00:00:00",,,,174332,
"2024-05-16 00:00:00",,,,149365,
"2024-05-17 00:00:00",,,,145212,
"2024-05-18 00:00:00",,,,147741,
"2024-05-19 00:00:00",,,,198791,
"2024-05-20 00:00:00",,,,220358,
"2024-05-21 00:00:00",,,,176331,
"2024-05-22 00:00:00",,,,128383,
"2024-05-23 00:00:00",,,,158618,
"2024-05-24 00:00:00",,,,160534,
"2024-05-25 00:00:00",,,,163240,
"2024-05-26 00:00:00",,,,129928,
"2024-05-27 00:00:00",,,,208386,
"2024-05-28 00:00:00",,,,210401,
"2024-05-29 00:00:00",,,,171456,
"2024-05-30 00:00:00",,,,166870,
"2024-05-31 00:00:00",,,,220398,
"2024-06-01 00:00:00",,,,145405,
"2024-06-02 00:00:00",,,,224591,
"2024-06-03 00:00:00",,,,264086,
"2024-06-04 00:00:00",,,,253936,
"2024-06-05 00:00:00",,,,236210,
"2024-06-06 00:00:00",,,,230679,
"2024-06-07 00:00:00",,,,211753,
"2024-06-08 00:00:00",,,,179952,
"2024-06-09 00:00:00",,,,223347,
"2024-06-10 00:00:00",,,,204554,
"2024-06-11 00:00:00",,,,177747,
"2024-06-12 00:00:00",,,,167839,
"2024-06-13 00:00:00",,,,199114,
"2024-06-14 00:00:00",,,,240588,
"2024-06-15 00:00:00",,,,188729,
"2024-06-16 00:00:00",,,,179951,
"2024-06-17 00:00:00",,,,216359,
"2024-06-18 00:00:00",,,,184500,
"2024-06-19 00:00:00",,,,168829,
"2024-06-20 00:00:00",,,,223220,
"2024-06-21 00:00:00",,,,170781,
"2024-06-22 00:00:00",,,,225704,
"2024-06-23 00:00:00",,,,145934,
"2024-06-24 00:00:00",,,,189783,
"2024-06-25 00:00:00",,,,173957,
"2024-06-26 00:00:00",,,,130905,
"2024-06-27 00:00:00",,,,176810,
"2024-06-28 00:00:00",,,,146682,
"2024-06-29 00:00:00",,,,123482,
"2024-06-30 00:00:00",,,,110123,
"2024-07-01 00:00:00",,,,210122,
"2024-07-02 00:00:00",,,,126476,
"2024-07-03 00:00:00",,,,163655,
"2024-07-04 00:00:00",,,,139481,
"2024-07-05 00:00:00",,,,152068,
"2024-07-06 00:00:00",,,,129550,
"2024-07-07 00:00:00",,,,146774,
"2024-07-08 00:00:00",,,,97662,
"2024-07-09 00:00:00",,,,179674,
"2024-07-10 00:00:00",,,,126941,
"2024-07-11 00:00:00",,,,108560,
"2024-07-12 00:00:00",,,,121769,
"2024-07-13 00:00:00",,,,103616,
"2024-07-14 00:00:00",,,,189590,
"2024-07-15 00:00:00",,,,112733,
"2024-07-16 00:00:00",,,,155218,
"2024-07-17 00:00:00",,,,155615,
"2024-07-18 00:00:00",,,,132518,
"2024-07-19 00:00:00",,,,126500,
"2024-07-20 00:00:00",,,,127785,
"2024-07-21 00:00:00",,,,115326,
"2024-07-22 00:00:00",,,,164493,
"2024-07-23 00:00:00",,,,101430,
"2024-07-24 00:00:00",,,,152934,
"2024-07-25 00:00:00",,,,163863,
"2024-07-26 00:00:00",,,,119238,
"2024-07-27 00:00:00",,,,129642,
"2024-07-28 00:00:00",,,,122838,
"2024-07-29 00:00:00",,,,221241,
"2024-07-30 00:00:00",,,,154352,
"2024-07-31 00:00:00",,,,158310,
"2024-08-01 00:00:00",,,,116833,
"2024-08-02 00:00:00",,,,127635,
"2024-08-03 00:00:00",,,,134642,
"2024-08-04 00:00:00",,,,152664,
"2024-08-05 00:00:00",,,,148483,
"2024-08-06 00:00:00",,,,94356,
"2024-08-07 00:00:00",,,,120595,
"2024-08-08 00:00:00",,,,93947,
"2024-08-09 00:00:00",,,,124605,
"2024-08-10 00:00:00",,,,100971,
"2024-08-11 00:00:00",,,,104693,
"2024-08-12 00:00:00",,,,95542,
"2024-08-13 00:00:00",,,,98005,
"2024-08-14 00:00:00",,,,91309,
"2024-08-15 00:00:00",,,,80337,
"2024-08-16 00:00:00",,,,71209,
"2024-08-17 00:00:00",,,,117474,
"2024-08-18 00:00:00",,,,69830,
"2024-08-19 00:00:00",,,,122898,
"2024-08-20 00:00:00",,,,84633,
"2024-08-21 00:00:00",,,,75338,
"2024-08-22 00:00:00",,,,117919,
"2024-08-23 00:00:00",,,,117246,
"2024-08-24 00:00:00",,,,92006,
"2024-08-25 00:00:00",,,,69684,
"2024-08-26 00:00:00",,,,125815,
"2024-08-27 00:00:00",,,,116731,
"2024-08-28 00:00:00",,,,72885,
"2024-08-29 00:00:00",,,,99329,
"2024-08-30 00:00:00",,,,74090,
"2024-08-31 00:00:00",,,,75545,
"2024-09-01 00:00:00",,,,82088,
"2024-09-02 00:00:00",,,,145677,
"2024-09-03 00:00:00",,,,111976,
"2024-09-04 00:00:00",,,,102546,
"2024-09-05 00:00:00",,,,89428,
"2024-09-06 00:00:00",,,,74179,
"2024-09-07 00:00:00",,,,99362,
"2024-09-08 00:00:00",,,,78956,
"2024-09-09 00:00:00",,,,136723,
"2024-09-10 00:00:00",,,,78446,
"2024-09-11 00:00:00",,,,53504,
"2024-09-12 00:00:00",,,,97933,
"2024-09-13 00:00:00",,,,99058,
"2024-09-14 00:00:00",,,,72929,
"2024-09-15 00:00:00",,,,116324,
"2024-09-16 00:00:00",,,,83076,
"2024-09-17 00:00:00",,,,97871,
"2024-09-18 00:00:00",,,,94689,
"2024-09-19 00:00:00",,,,118221,
"2024-09-20 00:00:00",,,,120644,
"2024-09-21 00:00:00",,,,140643,
"2024-09-22 00:00:00",,,,136206,
"2024-09-23 00:00:00",,,,108522,
"2024-09-24 00:00:00",,,,82541,
"2024-09-25 00:00:00",,,,141523,
"2024-09-26 00:00:00",,,,256333,
"2024-09-27 00:00:00",,,,89419,
"2024-09-28 00:00:00",,,,109511,
"2024-09-29 00:00:00",,,,135287,
"2024-09-30 00:00:00",,,,143594,
"2024-10-01 00:00:00",,,,128417,
"2024-10-02 00:00:00",,,,103933,
"2024-10-03 00:00:00",,,,138517,
"2024-10-04 00:00:00",,,,75271,
"2024-10-05 00:00:00",,,,81932,
"2024-10-06 00:00:00",,,,109082,
"2024-10-07 00:00:00",,,,101615,
"2024-10-08 00:00:00",,,,157385,
"2024-10-09 00:00:00",,,,70276,
"2024-10-10 00:00:00",,,,148324,
"2024-10-11 00:00:00",,,,104970,
"2024-10-12 00:00:00",,,,64210,
"2024-10-13 00:00:00",,,,95127,
"2024-10-14 00:00:00",,,,113309,
"2024-10-15 00:00:00",,,,94975,
"2024-10-16 00:00:00",,,,129472,
"2024-10-17 00:00:00",,,,95098,
"2024-10-18 00:00:00",,,,55834,
"2024-10-19 00:00:00",,,,100889,
"2024-10-20 00:00:00",,,,92995,
"2024-10-21 00:00:00",,,,77507,
"2024-10-22 00:00:00",,,,92659,
"2024-10-23 00:00:00",,,,83215,
"2024-10-24 00:00:00",,,,95231,
"2024-10-25 00:00:00",,,,149962,
"2024-10-26 00:00:00",,,,96640,
"2024-10-27 00:00:00",,,,141020,
"2024-10-28 00:00:00",,,,174742,
"2024-10-29 00:00:00",,,,152638,
"2024-10-30 00:00:00",,,,190264,
"2024-10-31 00:00:00",,,,134772,
"2024-11-01 00:00:00",,,,185517,
"2024-11-02 00:00:00",,,,184586,
"2024-11-03 00:00:00",,,,167371,
"2024-11-04 00:00:00",,,,133303,
"2024-11-05 00:00:00",,,,162430,
"2024-11-06 00:00:00",,,,158943,
"2024-11-07 00:00:00",,,,151027,
"2024-11-08 00:00:00",,,,123516,
"2024-11-09 00:00:00",,,,134180,
"2024-11-10 00:00:00",,,,167681,
"2024-11-11 00:00:00",,,,222616,
"2024-11-12 00:00:00",,,,217509,
"2024-11-13 00:00:00",,,,215196,
"2024-11-14 00:00:00",,,,237405,
"2024-11-15 00:00:00",,,,196404,
"2024-11-16 00:00:00",,,,224275,
"2024-11-17 00:00:00",,,,234215,
"2024-11-18 00:00:00",,,,191628,
"2024-11-19 00:00:00",,,,238260,
"2024-11-20 00:00:00",1.268028191,0,1268028191,255147,
"2024-11-21 00:00:00",0.9788150974,0,978815097.4,251586,67833383.975579
"2024-11-22 00:00:00",0.9479043175,0,947904317.5,233249,119916005.984222
"2024-11-23 00:00:00",0.8277381163,0,827738116.3000001,313283,121139733.732014
"2024-11-24 00:00:00",0.7532442245,0,753244224.5,337921,121348561.538953
"2024-11-25 00:00:00",0.9447306162,113675371.819398,944730616.1999999,279093,121747924.162319
"2024-11-26 00:00:00",1.221796618,152896750.674247,1221796618,296818,123839925.946845
"2024-11-27 00:00:00",1.647864457,217797310.187544,1647864457,349524,122341317.878757
"2024-11-28 00:00:00",1.249127362,165579019.477061,1249127362,337808,132592337.44237
"2024-11-29 00:00:00",1.277332558,170001729.925563,1277332558,411073,133510848.306783
"2024-11-30 00:00:00",1.540381854,203389214.851573,1540381854,503419,131773663.479667
"2024-12-01 00:00:00",1.379014075,182160021.569849,1379014075,390659,132055740.368076
"2024-12-02 00:00:00",1.362109958,180094807.076754,1362109958,407958,132259170.495609
"2024-12-03 00:00:00",1.525565692,205922163.525992,1525565692,518580,132400408.812677
"2024-12-04 00:00:00",1.630563779,222085772.874128,1630563779,462728,134695796.004956
"2024-12-05 00:00:00",2.398931667,332831471.064564,2398931667,489665,138268925.098393
"2024-12-06 00:00:00",2.319018768,323451030.639239,2319018768,483491,138920317.058018
"2024-12-07 00:00:00",2.223740114,331128900.757472,2223740114,433158,139634509.1549
"2024-12-08 00:00:00",2.112957997,313997333.135567,2112957997,574313,147432159.176552
"2024-12-09 00:00:00",1.748220385,260690265.917037,1748220385,506689,148409521.115458
"2024-12-10 00:00:00",2.135232339,318507082.486675,2135232338.9999998,540647,148963464.499265
"2024-12-11 00:00:00",2.270467118,338635349.74666,2270467118,585347,149205615.451198
"2024-12-12 00:00:00",2.475082741,373627400.830429,2475082741,555074,151747371.22284
"2024-12-13 00:00:00",2.962039247,450214587.141647,2962039247,492968,151757956.167763
"2024-12-14 00:00:00",2.676046625,406772457.419038,2676046625,471531,151822650.538758
"2024-12-15 00:00:00",2.84996384,434920880.577306,2849963840,506755,151846085.136848
"2024-12-16 00:00:00",2.691648128,409901729.805535,2691648128,544834,151906977.472712
"2024-12-17 00:00:00",2.624093851,400633648.054223,2624093851,555775,152012844.04021
"2024-12-18 00:00:00",2.794301869,428738447.033605,2794301869,549337,152480300.87746
"2024-12-19 00:00:00",2.452685395,379477853.950836,2452685395,769481,154264320.247886
"2024-12-20 00:00:00",2.790036878,430959254.273538,2790036878,691790,154312714.14177
"2024-12-21 00:00:00",2.270177529,350757028.437883,2270177529,526869,154383016.796518
"2024-12-22 00:00:00",2.257991566,349079999.779735,2257991566,579013,154414387.131873
"2024-12-23 00:00:00",2.761130118,427647668.936121,2761130118,615203,154418753.997982
"2024-12-24 00:00:00",2.788358674,430521850.852393,2788358674,625589,154586307.350401
"2024-12-25 00:00:00",3.062682742,474650019.741048,3062682742,686611,154665458.765405
"2024-12-26 00:00:00",2.925064237,454741852.700392,2925064237,668495,154853196.935017
"2024-12-27 00:00:00",3.02407969,467945226.301978,3024079690,647755,154862048.000509
"2024-12-28 00:00:00",3.037606004,479870370.888814,3037606004,529957,157416077.463184
"2024-12-29 00:00:00",2.839668581,447143211.86615,2839668581,639956,157442937.280492
"2024-12-30 00:00:00",2.95829086,471362931.91124,2958290860,594485,159411255.939493
"2024-12-31 00:00:00",3.4800747,568051272.469365,3480074700,610174,162640343.889735
"2025-01-01 00:00:00",3.365013927,548772906.660276,3365013927,603634,162640535.392639
"2025-01-02 00:00:00",3.285447312,536089351.200054,3285447312,580528,163104018.327717
"2025-01-03 00:00:00",3.275746519,534608939.397008,3275746519,624090,163234176.704206
"2025-01-04 00:00:00",3.346554104,546571368.38673,3346554104,659554,163241044.755483
"2025-01-05 00:00:00",3.579627569,587117896.428447,3579627569,644311,163391284.602117
"2025-01-06 00:00:00",3.291241024,544619812.368364,3291241024,673593,163441939.385065
"2025-01-07 00:00:00",3.287561414,544462613.236719,3287561414,646745,165435629.067602
"2025-01-08 00:00:00",3.408147861,563910282.652367,3408147861,678741,165436178.183248
"2025-01-09 00:00:00",2.987476683,495296445.143342,2987476683,627858,165599966.754331
"2025-01-10 00:00:00",2.731088544,453038228.157613,2731088544,1000387,165774706.508702
"2025-01-11 00:00:00",2.74003801,454314549.522914,2740038010,990260,165780937.636964
"2025-01-12 00:00:00",2.616741537,434536866.251461,2616741537,604584,166002684.908908
"2025-01-13 00:00:00",2.473742907,409259742.391836,2473742907,608198,166009270.137594
"2025-01-14 00:00:00",2.458577508,409014552.557199,2458577508,558839,166020499.448538
"2025-01-15 00:00:00",3.050884186,506963765.722284,3050884186,561792,166145246.570269
"2025-01-16 00:00:00",3.676459855,624695617.135914,3676459855,597014,170527004.440024
"2025-01-17 00:00:00",3.912588543,675249674.509097,3912588543,521293,170527075.71259
"2025-01-18 00:00:00",3.932751083,678900834.166306,3932751083,617276,172510113.369796
"2025-01-19 00:00:00",3.424872757,591357762.370339,3424872757,665385,172625751.178491
"2025-01-20 00:00:00",3.268701882,564482030.770437,3268701882,651086,172665615.416431
"2025-01-21 00:00:00",3.300100289,712619586.987768,3300100289,574707,216881896.983638
"2025-01-22 00:00:00",3.314460213,720176753.456104,3314460213,562818,216909119.362405
"2025-01-23 00:00:00",3.298703176,716112295.443021,3298703176,563340,216909616.930993
"2025-01-24 00:00:00",3.287001472,712634353.829977,3287001472,555621,217008878.615601
"2025-01-25 00:00:00",2.922063196,634088631.991278,2922063196,568643,217022921.1285
"2025-01-26 00:00:00",2.995669264,647996220.083758,2995669264,469272,217047352.440524
"2025-01-27 00:00:00",3.073744827,666677300.610419,3073744827,629691,217052540.656959
"2025-01-28 00:00:00",3.105797429,672341263.985563,3105797429,515689,217083617.524331
"2025-01-29 00:00:00",3.137590491,682457943.797481,3137590491,526497,217091815.535408
"2025-01-30 00:00:00",3.204031201,697110586.081582,3204031201,559424,217109677.574984
"2025-01-31 00:00:00",3.135249401,682024227.414788,3135249401,595705,217639925.90218
"2025-02-01 00:00:00",2.759398599,601007019.077285,2759398599,678419,217647400.136381
"2025-02-02 00:00:00",2.330030035,507303397.107364,2330030035,624735,217647576.131982
"2025-02-03 00:00:00",2.378891434,518058095.735468,2378891434,877383,217706546.414743
"2025-02-04 00:00:00",2.064886834,448755033.405191,2064886834.0000002,588626,217813693.449236
"2025-02-05 00:00:00",1.937377461,420846497.930907,1937377461,616930,217815002.916069
"2025-02-06 00:00:00",1.848702405,402458229.237878,1848702405,552927,217824433.737491
"2025-02-07 00:00:00",1.773554839,386270868.018624,1773554839,496913,217824910.166394
"2025-02-08 00:00:00",2.036824733,444976260.205296,2036824733,582238,217825164.239282
"2025-02-09 00:00:00",2.034892593,442589688.314122,2034892593,501394,217826419.29119
"2025-02-10 00:00:00",2.000710374,448439982.405394,2000710374,544369,224113683.663357
"2025-02-11 00:00:00",1.91133374,428278347.701529,1911333740,491003,224155739.111272
"2025-02-12 00:00:00",2.002444419,448369260.702502,2002444419.0000002,478387,224158263.390656
"2025-02-13 00:00:00",2.048323263,459083532.276526,2048323263,489861,224184039.098253
"2025-02-14 00:00:00",2.19549089,493105273.570599,2195490890,470398,224187430.560796
"2025-02-15 00:00:00",2.17425386,487405799.876049,2174253860,457685,224220734.994147
"2025-02-16 00:00:00",2.119262611,475554360.634201,2119262611,460136,224221038.316127
"2025-02-17 00:00:00",2.144125756,481204793.449299,2144125756.0000002,487914,224489668.262962
"2025-02-18 00:00:00",2.019426147,453299134.110391,2019426147,430412,224490885.385337
"2025-02-19 00:00:00",2.230149351,501379921.803504,2230149351,476488,224824017.202784
"2025-02-20 00:00:00",2.358968089,530550792.941949,2358968089,497596,224831669.593312
"2025-02-21 00:00:00",2.133824687,479892749.17185,2133824687.0000002,470922,224963586.796579
"2025-02-22 00:00:00",2.236596897,503094983.128392,2236596897,449602,224965444.365095
"2025-02-23 00:00:00",2.214485904,497796467.667997,2214485904,443950,224965813.208237
"2025-02-24 00:00:00",1.906105376,428870675.266628,1906105376,543091,224970648.267418
"2025-02-25 00:00:00",1.973668393,444270902.862279,1973668393,760277,224970898.233101
"2025-02-26 00:00:00",2.017959584,454521011.030606,2017959584.0000002,732886,225117658.462979
"2025-02-27 00:00:00",2.425182457,546335342.768511,2425182457,539997,225117871.101401
"2025-02-28 00:00:00",2.102066339,472736968.148883,2102066338.9999998,436592,225123626.406204
"2025-03-01 00:00:00",2.025506472,456042423.062976,2025506472,436216,225128060.720342
"2025-03-02 00:00:00",2.172700527,489371195.566039,2172700527,450165,225140528.881272
"2025-03-03 00:00:00",1.812371466,427883509.677262,1812371466,420351,235822216.438729
"2025-03-04 00:00:00",1.735196423,409263363.199154,1735196423,419517,235839474.758326
"2025-03-05 00:00:00",1.733892715,409691934.811602,1733892715,393747,235871055.163198
"2025-03-06 00:00:00",1.582795457,373071800.152707,1582795457,363317,235874302.898384
"2025-03-07 00:00:00",1.56150215,368093174.83883,1561502150,386599,235925998.913759
"2025-03-08 00:00:00",1.512567783,356551895.285757,1512567783,354818,235941567.160716
"2025-03-09 00:00:00",1.248656175,294734470.996949,1248656175,384659,235941568.749719
"2025-03-10 00:00:00",1.175141331,277462593.583311,1175141331,341231,235984429.507317
"2025-03-11 00:00:00",1.196596279,282286452.532389,1196596279,347216,236037098.859303
"2025-03-12 00:00:00",1.31904458,310863806.81119,1319044580,309432,236037104.426946
"2025-03-13 00:00:00",1.273373572,300674022.127962,1273373572,361559,236040355.088436
"2025-03-14 00:00:00",1.276976136,301464915.448875,1276976136,314584,304832826.448984
"2025-03-15 00:00:00",1.32235521,312228415.253812,1322355210,311657,236048214.69185
"2025-03-16 00:00:00",1.247839395,294374077.774581,1247839395,319375,236048391.460793
"2025-03-17 00:00:00",1.299166517,306649793.523119,1299166517,353531,236048449.516181
"2025-03-18 00:00:00",1.304236144,308000037.741887,1304236144,330802,236135638.52585
"2025-03-19 00:00:00",1.393052459,329052325.639958,1393052459,313812,236156122.424224
"2025-03-20 00:00:00",1.343724942,317362328.035579,1343724942,357031,236161302.608798
"2025-03-21 00:00:00",1.329813273,314281561.388143,1329813273,389244,236195872.492492
"2025-03-22 00:00:00",1.350043403,318960127.942251,1350043403,302686,236195990.575742
"2025-03-23 00:00:00",1.348119379,317694739.502734,1348119379,344048,236238086.068944
"2025-03-24 00:00:00",1.413283967,332592610.673286,1413283967,284230,236275493.584117
"2025-03-25 00:00:00",1.455566167,343735817.537677,1455566167,291698,236276818.345391
"2025-03-26 00:00:00",1.468363788,346813774.58423,1468363788,271076,236290672.37471
"2025-03-27 00:00:00",1.565178806,369909660.194724,1565178806,249848,236304771.10897
"2025-03-28 00:00:00",1.404772507,332160523.825813,1404772507,257515,236336998.329549
"2025-03-29 00:00:00",1.283048523,303401713.54679,1283048523,240594,236442513.70956
"2025-03-30 00:00:00",1.229892588,290432028.992861,1229892588,216421,236442513.753312
"2025-03-31 00:00:00",1.217944349,289084852.265959,1217944349,211227,237311196.123552
"2025-04-01 00:00:00",1.249378082,296996502.47992,1249378082,219431,237354731.000257
"2025-04-02 00:00:00",1.107827913,263450526.329315,1107827913,247277,237588579.864558
"2025-04-03 00:00:00",1.128795224,268859272.530708,1128795224,241282,237591785.115229
"2025-04-04 00:00:00",1.148318567,272896680.279474,1148318567,230006,237592925.877072
"2025-04-05 00:00:00",1.147893769,272157837.293961,1147893769,227909,237777856.680425
"2025-04-06 00:00:00",0.9062116795,215595159.005621,906211679.5,254941,237780861.348635
"2025-04-07 00:00:00",0.983638361,234145363.852782,983638361,262395,237781227.221569
"2025-04-08 00:00:00",0.9474928462,225358778.584936,947492846.1999999,210525,237782938.424751
"2025-04-09 00:00:00",1.067820816,253800313.235118,1067820816,214771,305499493.118984
"2025-04-10 00:00:00",0.9986984496,237701383.824435,998698449.6,238243,237787973.518216
"2025-04-11 00:00:00",0.9945074664,236463950.773047,994507466.4,279092,237787978.520302
"2025-04-12 00:00:00",1.036631946,247027696.391515,1036631946,239953,237787986.438044
"2025-04-13 00:00:00",0.9679455524,228831984.075141,967945552.4,219294,237881050.254078
"2025-04-14 00:00:00",0.9789861078,232769074.381,978986107.8,241789,237885383.245456
"2025-04-15 00:00:00",0.8773169046,208684527.064461,877316904.6,216297,305499493.118984
"2025-04-16 00:00:00",0.8552074344,203437452.856486,855207434.4,209760,237885383.335338
"2025-04-17 00:00:00",0.9138365148,217351368.280978,913836514.8000001,207306,237896262.867046
"2025-04-18 00:00:00",0.9095285731,216378447.862333,909528573.1,239289,237896320.4515
"2025-04-19 00:00:00",0.9378448847,223258913.44509,937844884.7,214202,237897649.819514
"2025-04-20 00:00:00",0.9206866719,218654441.445082,920686671.9,217830,237900328.151941
"2025-04-21 00:00:00",0.9187676262,218314534.771368,918767626.1999999,224030,237900378.882461
"2025-04-22 00:00:00",1.009622112,240604109.541335,1009622112,249722,238485864.721494
"2025-04-23 00:00:00",1.156948031,275641346.128014,1156948031,218681,238485916.820911
"2025-04-24 00:00:00",1.157493657,276227346.092495,1157493657,214432,238494801.980429
"2025-04-25 00:00:00",1.188348365,283404621.918722,1188348365,214981,238498822.912723
"2025-04-26 00:00:00",1.288512678,307184758.563925,1288512678,203383,238507201.714003
"2025-04-27 00:00:00",1.210438599,288715712.122118,1210438599,201661,238509677.819916
"2025-04-28 00:00:00",1.187966029,283342985.583113,1187966029,226524,238559103.952775
"2025-04-29 00:00:00",1.200469866,286083818.137019,1200469866,217407,238559149.866781
"2025-04-30 00:00:00",1.200170235,316483465.839799,1200170235,227017,238568036.993781
"2025-05-01 00:00:00",1.445724199,381629538.589368,1445724199,228656,263733542.481838
"2025-05-02 00:00:00",1.424784257,375592671.589909,1424784257,220344,263733601.723456
"2025-05-03 00:00:00",1.358360963,358219924.117785,1358360963,194418,263744745.552335
"2025-05-04 00:00:00",1.352759939,356016358.293976,1352759939,219133,263746629.530179
"2025-05-05 00:00:00",1.386470358,365680750.314459,1386470358,218973,263748561.115146
"2025-05-06 00:00:00",1.347176101,355946748.227467,1347176101,188555,263802104.155967
"2025-05-07 00:00:00",1.263477497,333322694.345018,1263477497,195313,263802105.150754
"2025-05-08 00:00:00",1.500099118,395764804.373343,1500099118,203396,263842003.771203
"2025-05-09 00:00:00",1.495943423,394673197.568392,1495943423,235366,263842005.655663
"2025-05-10 00:00:00",1.694592132,446873639.692985,1694592132,203738,263842957.962552
"2025-05-11 00:00:00",1.600141925,423427722.590922,1600141925,228603,264019318.556122
"2025-05-12 00:00:00",1.620121481,428670692.808386,1620121481,252246,264520678.53462
"2025-05-13 00:00:00",1.742538921,460629360.27406,1742538921,232231,264530299.313755
"2025-05-14 00:00:00",1.671569321,441682036.681771,1671569321,261104,264541324.339433
"2025-05-15 00:00:00",1.647117883,435967034.437708,1647117883,248193,264573707.681087
"2025-05-16 00:00:00",1.618173842,428205263.660709,1618173842,262452,264573805.877659
"2025-05-17 00:00:00",1.523587802,403678647.940278,1523587802,258338,305554749.118984
"2025-05-18 00:00:00",1.617222304,425974798.27416,1617222304,255369,264602509.343709
"2025-05-19 00:00:00",1.662117725,452100051.966747,1662117725,285716,272120650.820811
"2025-05-20 00:00:00",1.67513944,455356670.52767,1675139440,259685,272120651.145797
"2025-05-21 00:00:00",1.674069203,456145489.756131,1674069203,270886,272422440.340677
"2025-05-22 00:00:00",1.711096379,465658537.5314,1711096379,272555,272428451.066216
"2025-05-23 00:00:00",1.527840976,415232145.048407,1527840976,374259,272515060.101816
"2025-05-24 00:00:00",1.510543651,411658934.514216,1510543651,284480,272536753.50118
"2025-05-25 00:00:00",1.505658116,410273576.485303,1505658116,276875,272557498.203979
"2025-05-26 00:00:00",1.470811464,400610935.437551,1470811464,281330,272558440.046829
"2025-05-27 00:00:00",1.487733461,405486443.004851,1487733461,276128,272565363.964128
"2025-05-28 00:00:00",1.444552975,396467423.084477,1444552975,275442,271458111.1903
"2025-05-29 00:00:00",1.398576454,383982810.263963,1398576454,267285,273439115.318231
"2025-05-30 00:00:00",1.278157271,350691885.182395,1278157271,268540,311947313.14813
"2025-05-31 00:00:00",1.319693806,362301925.787205,1319693806,250816,273439617.429666
"2025-06-01 00:00:00",1.36089415,373652965.857957,1360894150,253688,273441008.283174
"2025-06-02 00:00:00",1.358226042,372900195.27634,1358226042,270070,273483201.709902
"2025-06-03 00:00:00",1.396143827,393816510.1575,1396143827,260735,282078777.753142
"2025-06-04 00:00:00",1.388467054,391646041.938302,1388467054,287137,282078844.81824
"2025-06-05 00:00:00",1.269236053,358311103.970617,1269236053,322723,282083462.670478
"2025-06-06 00:00:00",1.301144296,367396089.655643,1301144296,305004,320542533.14813
"2025-06-07 00:00:00",1.384182906,390865909.387673,1384182906,280243,282136520.342251
"2025-06-08 00:00:00",1.385819257,391048272.877666,1385819257,322737,282495950.364537
"2025-06-09 00:00:00",1.522165579,429417089.525534,1522165579,338053,282505592.584187
"2025-06-10 00:00:00",1.598949266,451780830.844528,1598949266,290245,282505603.01606
"2025-06-11 00:00:00",1.581323004,446850719.017116,1581323004,294475,282699890.108845
"2025-06-12 00:00:00",1.492007731,421961176.550285,1492007731,336598,282720028.91336
"2025-06-13 00:00:00",1.445177534,445396173.992771,1445177534,282954,282795622.590915
"2025-06-14 00:00:00",1.39761262,430729589.629163,1397612620,319331,307888369.70493
"2025-06-15 00:00:00",1.409362529,434445928.31577,1409362529,294043,307909744.69393
"2025-06-16 00:00:00",1.456920341,449707056.094624,1456920341,327467,308089557.189259
"2025-06-17 00:00:00",1.367807298,421363231.107628,1367807298,307859,308091043.666572
"2025-06-18 00:00:00",1.363111515,420252287.193158,1363111515,303413,308367124.97826
"2025-06-19 00:00:00",1.286344354,396955904.890588,1286344354,291907,308370629.432681
"2025-06-20 00:00:00",1.190964534,367442567.192327,1190964534,297194,308507413.516551
"2025-06-21 00:00:00",1.1376059,349959383.285053,1137605900,296052,308507853.936245
"2025-06-22 00:00:00",1.163083192,358794044.746052,1163083192,316008,308520804.276208
"2025-06-23 00:00:00",1.367171095,421772621.061063,1367171095,304887,308670584.724415
"2025-06-24 00:00:00",1.398824295,431004548.261074,1398824295,290888,310632324.58424
"2025-06-25 00:00:00",1.389411831,431551794.91729,1389411831,307934,310632356.626505
"2025-06-26 00:00:00",1.358434229,422528639.048457,1358434229,291631,310959237.734414
"2025-06-27 00:00:00",1.343915171,417915615.923922,1343915171,308173,310982217.525657
"2025-06-28 00:00:00",1.377018145,428233355.564671,1377018145,297403,311013709.996316
"2025-06-29 00:00:00",1.425600285,443469136.003545,1425600285,299161,320642533.14813
"2025-06-30 00:00:00",1.347041163,419346638.437495,1347041163,312792,311224454.132741
"2025-07-01 00:00:00",1.277693229,397481080.712829,1277693229,309639,311318455.867835
"2025-07-02 00:00:00",1.38519694,431276892.183645,1385196940,303083,311331900.035453
"2025-07-03 00:00:00",1.408604732,438605210.109506,1408604732,313571,311356348.62855
"2025-07-04 00:00:00",1.343966478,418109556.70704,1343966478,286303,311373513.995125
"2025-07-05 00:00:00",1.357162258,422721968.152208,1357162258,322260,311374107.282084
"2025-07-06 00:00:00",1.391772478,433401283.259379,1391772478,299745,311416339.921694
"2025-07-07 00:00:00",1.352605922,431741075.728336,1352605922,317264,319220375.248455
"2025-07-08 00:00:00",1.408640231,449528089.408453,1408640231,328587,319221139.371378
"2025-07-09 00:00:00",1.580993036,505049925.748951,1580993036,315690,319229446.385561
"2025-07-10 00:00:00",1.694311089,540849160.33698,1694311089,340361,319275856.49037
"2025-07-11 00:00:00",1.7001157,542940572.222285,1700115700,363619,319507681.105601
"2025-07-12 00:00:00",1.668887456,533585609.074752,1668887456,381711,319714295.975362
"2025-07-13 00:00:00",1.909081221,610593043.457937,1909081221,373308,319714295.980148
"2025-07-14 00:00:00",1.825675702,583340904.436779,1825675702,410757,319723045.421116
"2025-07-15 00:00:00",2.106182804,674986736.561236,2106182804,461279,319843537.369611
"2025-07-16 00:00:00",2.086032156,667863847.712143,2086032156,471632,319873765.430004
"2025-07-17 00:00:00",2.078213623,665984035.165233,2078213623,492915,319906958.754554
"2025-07-18 00:00:00",2.049135541,656059725.055369,2049135541,524064,320276791.700123
"2025-07-19 00:00:00",2.002151571,640707810.624393,2002151571.0000002,455245,320278727.343589
"2025-07-20 00:00:00",2.166007749,693501729.227518,2166007749,471841,320280797.704348
"2025-07-21 00:00:00",2.033175948,651451335.862464,2033175947.9999998,517305,320283648.268501
"2025-07-22 00:00:00",2.031069178,649977131.690433,2031069178,552714,320283654.1546
"2025-07-23 00:00:00",1.891178408,604419522.038903,1891178408,546357,320363817.990578
"2025-07-24 00:00:00",1.912838266,612458742.274093,1912838266,524153,320367036.005362
"2025-07-25 00:00:00",1.944077662,621886578.993921,1944077662,532336,320371900.733729
"2025-07-26 00:00:00",1.968701168,630628980.837972,1968701168,532469,320371994.801749
"2025-07-27 00:00:00",1.962339181,627979191.621515,1962339181,537122,320372020.798093
"2025-07-28 00:00:00",1.757963995,563219087.930542,1757963995,553390,322901648.413239
"2025-07-29 00:00:00",1.803555335,582371074.109355,1803555335,522539,322901720.863482
"2025-07-30 00:00:00",1.806358002,583606088.105075,1806358002,549400,322901724.446279
"2025-07-31 00:00:00",1.738120844,561296013.741912,1738120844,626780,322931192.766068
"2025-08-01 00:00:00",1.638741905,529419330.803521,1638741905,614733,322931199.539666
"2025-08-02 00:00:00",1.599045706,517150540.847954,1599045706,546518,323138975.042266
"2025-08-03 00:00:00",1.737244919,561371557.597607,1737244919,519345,323138983.76676
"2025-08-04 00:00:00",1.832677819,592335755.857777,1832677819,563942,323142203.926915
"2025-08-05 00:00:00",1.808538328,584394049.167577,1808538328,590076,323142532.14813
"2025-08-06 00:00:00",1.840851358,594831004.302712,1840851358,633312,323148877.915384
"2025-08-07 00:00:00",1.97614028,638400071.678545,1976140280,592379,323186330.244206
"2025-08-08 00:00:00",2.035874289,659148015.973175,2035874289,607414,323690022.171991
"2025-08-09 00:00:00",2.169990334,702502793.608327,2169990334,602081,323690528.064089
"2025-08-10 00:00:00",2.153695977,696823421.11199,2153695977,602618,323705732.271063
"2025-08-11 00:00:00",2.046645673,662552954.299377,2046645673,617873,323690539.855551
"2025-08-12 00:00:00",2.222596274,723223613.638752,2222596274,605824,323762992.337884
"2025-08-13 00:00:00",2.263184694,732225782.869904,2263184694,602910,323764968.262218
"2025-08-14 00:00:00",2.04978646,674000021.328825,2049786460,642589,327768761.408141
"2025-08-15 00:00:00",1.933659612,633897719.743365,1933659612,620478,327786268.227221
"2025-08-16 00:00:00",2.006571865,657411012.187916,2006571865.0000002,594043,327786466.436823
"2025-08-17 00:00:00",2.074328462,679936705.654385,2074328462,651670,327786540.186837
"2025-08-18 00:00:00",1.986169687,650973838.019166,1986169687,621543,327799001.477591
"2025-08-19 00:00:00",1.98787608,651884146.394602,1987876080,623035,327799446.374972
"2025-08-20 00:00:00",2.249489184,737887258.010375,2249489184,625019,327799617.151422
"2025-08-21 00:00:00",2.334520994,765116164.969751,2334520994,659686,327838185.978499
"2025-08-22 00:00:00",2.680797312,880243106.303553,2680797312,691767,327878918.236743
"2025-08-23 00:00:00",2.668771137,876141504.55977,2668771137,712024,327988820.279658
"2025-08-24 00:00:00",2.552795528,838733951.397039,2552795528,699032,328499076.448625
"2025-08-25 00:00:00",2.362829898,776305132.518482,2362829898,663483,328499083.956223
"2025-08-26 00:00:00",2.353176922,774032523.355254,2353176922,643991,328500572.766012
"2025-08-27 00:00:00",2.158101224,714588121.08701,2158101224,643780,331000579.598936
"2025-08-28 00:00:00",2.111100077,700060079.31957,2111100077.0000002,669379,331000770.514043
"2025-08-29 00:00:00",2.015933376,667348288.326163,2015933376,656763,331004010.791969
"2025-08-30 00:00:00",1.995660676,660801956.839369,1995660676,693772,331004024.591947
"2025-08-31 00:00:00",1.926878061,637529371.932301,1926878061,687852,331004025.214565
"2025-09-01 00:00:00",1.806260019,597497929.790624,1806260019,729545,331004026.01926
"2025-09-02 00:00:00",1.929122139,638559180.569099,1929122139,747957,331004075.410655
"2025-09-03 00:00:00",1.992885205,659351662.348653,1992885205,734504,331048212.085448
"2025-09-04 00:00:00",2.006913942,665121488.050007,2006913942.0000002,753998,331201512.441508
"2025-09-05 00:00:00",1.975333456,654340840.388397,1975333456,795736,331206289.322305
"2025-09-06 00:00:00",2.00042268,662780448.410601,2000422679.9999998,787546,331206197.810065
"2025-09-07 00:00:00",1.991115019,661054718.46181,1991115019,807633,331264611.403632
"2025-09-08 00:00:00",1.952181739,645490269.919789,1952181739,790980,331414687.043141
"2025-09-09 00:00:00",1.946786871,645270343.427472,1946786871,851791,336748018.703109
"2025-09-10 00:00:00",1.989343507,659448516.364048,1989343507,809866,336766544.497665
"2025-09-11 00:00:00",2.125022758,704256447.744785,2125022758,794241,336766849.545123
"2025-09-12 00:00:00",2.197176929,728024694.308613,2197176929,807391,337270238.69444
"2025-09-13 00:00:00",2.105700846,697379715.973095,2105700846,821460,337270244.742252
"2025-09-14 00:00:00",2.027646163,671766199.330014,2027646163,824184,337292799.814469
"2025-09-15 00:00:00",1.973368241,653993770.751612,1973368241,859679,337296832.344542
"2025-09-16 00:00:00",1.992582977,660202157.401027,1992582977,872740,337297853.116306
"2025-09-17 00:00:00",2.063152628,683455893.549264,2063152628,897334,337800976.457301
"2025-09-18 00:00:00",2.325844663,768320791.785042,2325844663,896015,337801055.975246
"2025-09-19 00:00:00",2.086354768,691652882.717043,2086354768,870024,337801056.201791
"2025-09-20 00:00:00",2.006570491,664867848.326599,2006570491.0000002,820474,338807318.455788
"2025-09-21 00:00:00",1.962074461,650652570.224435,1962074461,816202,338807400.101859
"2025-09-22 00:00:00",1.833566084,607623282.745131,1833566084,831526,338809896.298824
"2025-09-23 00:00:00",1.726964215,572348308.016173,1726964215,810921,338809892.308278
"2025-09-24 00:00:00",1.733323361,574453046.614436,1733323361,768874,338809896.298824
"2025-09-25 00:00:00",1.623369789,538693170.054479,1623369789,683106,338809911.464608
"2025-09-26 00:00:00",1.694090249,561398335.669946,1694090249,691809,338939592.551001
"2025-09-27 00:00:00",1.687162167,559045339.251809,1687162167,647092,338958538.154873
"2025-09-28 00:00:00",1.749779288,579992210.555372,1749779288,643770,338958620.467901
"2025-09-29 00:00:00",1.737525281,575937217.151856,1737525281,642287,338990739.516994
"2025-09-30 00:00:00",1.699201084,563023520.684788,1699201084,635904,338990781.38668
"2025-10-01 00:00:00",1.833116407,606636570.205188,1833116407,679019,349997030.973984
"2025-10-02 00:00:00",1.955852807,647993590.472949,1955852807,739159,338994018.295607
"2025-10-03 00:00:00",1.878880881,653905578.24915,1878880881,772597,338994074.499561
"2025-10-04 00:00:00",1.856351493,645028828.343337,1856351493,763601,349997032.973984
"2025-10-05 00:00:00",1.88051724,653133786.936692,1880517240,823230,350014123.150383
"2025-10-06 00:00:00",1.917373506,666314427.755454,1917373506,760493,350123792.190914
"2025-10-07 00:00:00",1.782406265,619511735.099117,1782406265,760549,350123795.467757
"2025-10-08 00:00:00",1.788192956,621725415.080501,1788192956,776646,350144622.662586
"2025-10-09 00:00:00",1.705360231,889679348.90018,1705360231,734397,350388993.24957
"2025-10-10 00:00:00",1.374828543,717630407.034154,1374828543,793123,350389026.32223
"2025-10-11 00:00:00",1.606404234,839093788.547779,1606404234,816233,350389020.351428
"2025-10-12 00:00:00",1.971735173,1030294688.29957,1971735173,726623,350389026.32223
"2025-10-13 00:00:00",1.983752138,1036625512.33643,1983752138,711132,355391203.43192
"2025-10-14 00:00:00",1.989231627,1038368220.29583,1989231627,711265,355390382.222041
"2025-10-15 00:00:00",1.900509141,992930495.867339,1900509141,710046,355391155.207201
"2025-10-16 00:00:00",1.771285672,924642701.831131,1771285672,705311,355391216.757558
"2025-10-17 00:00:00",1.766589939,922032180.841685,1766589939,724108,355400231.933116
"2025-10-18 00:00:00",1.889224636,984355140.100477,1889224636,662583,355400268.339144
"2025-10-19 00:00:00",1.937780597,1012813931.74981,1937780597,677083,355823752.645242
"2025-10-20 00:00:00",1.933239125,1009998292.42718,1933239125,679832,355926552.195482
"2025-10-21 00:00:00",1.854035998,970367611.300303,1854035998,885776,355926553.299176
"2025-10-22 00:00:00",1.823605764,953431934.089877,1823605764,717657,356426553.299176
"2025-10-23 00:00:00",1.904995921,996097472.341057,1904995921,766433,356676553.299176
"2025-10-24 00:00:00",2.028236404,1061301681.75973,2028236403.9999998,735406,356686773.608333
"2025-10-25 00:00:00",1.995893254,1044484537.97829,1995893254,699684,356686800.026908
"2025-10-26 00:00:00",2.093367564,1096424203.0904,2093367563.9999998,726867,356687446.590163
"2025-10-27 00:00:00",2.053067928,1074927609.25034,2053067928,738284,356703081.259832
"2025-10-28 00:00:00",1.928472894,1008920637.68981,1928472894,992610,357703081.259832
"2025-10-29 00:00:00",1.97751315,1034787553.66564,1977513150,832744,357703081.864681
"2025-10-30 00:00:00",1.957389447,1026301436.71214,1957389447,770712,357703113.519361
"2025-10-31 00:00:00",1.960971151,1028149208.54269,1960971151,899285,355210540.559542
"2025-11-01 00:00:00",2.030969666,1064254752.13542,2030969665.9999998,848152,355210701.665515
"2025-11-02 00:00:00",2.07300695,1087095104.46094,2073006950,865820,355426016.790955
"2025-11-03 00:00:00",1.847801179,967449050.777573,1847801179,962214,355426969.410831
"2025-11-04 00:00:00",1.631336178,854636040.906832,1631336178,1219893,355426977.851297
"2025-11-05 00:00:00",1.704600249,894037390.550294,1704600249,924225,355409029.330502
"2025-11-06 00:00:00",1.696242865,888651108.667068,1696242865,1245599,355446166.375797
"2025-11-07 00:00:00",1.771292987,928632441.967947,1771292987,871635,355446166.334196
"2025-11-08 00:00:00",1.834066624,961931750.849065,1834066624,705949,355446166.375797
"2025-11-09 00:00:00",1.974686788,1035286992.29033,1974686788,690334,355499733.839673
"2025-11-10 00:00:00",2.013476985,1063030797.66787,2013476985,665550,358000022.673597
"2025-11-11 00:00:00",1.988623748,1048150430.12492,1988623748,719252,358011962.777764
"2025-11-12 00:00:00",2.005811596,1057443039.19398,2005811596,741228,358000022.673597
"2025-11-13 00:00:00",2.051371152,1082218910.48611,2051371152.0000002,620258,358014894.580694
"2025-11-14 00:00:00",1.99912509,1054188465.24893,1999125090,630964,358086802.445574
"2025-11-15 00:00:00",1.999076093,1054262570.69609,1999076093,587175,358126400.777934
"2025-11-16 00:00:00",2.0001805,1054123950.40374,2000180500,535383,358126407.328392
"2025-11-17 00:00:00",1.810988624,954362898.819361,1810988624,544587,358126407.719375
"2025-11-18 00:00:00",1.886375694,994189633.966077,1886375694,499203,358426407.719375
"2025-11-19 00:00:00",1.854950667,978519299.317369,1854950667,512807,358426406.719375
"2025-11-20 00:00:00",1.594086493,842515213.963389,1594086493,930058,358841942.263095
"2025-11-21 00:00:00",1.511001854,796981321.133784,1511001854,446853,359633603.96219
"2025-11-22 00:00:00",1.491589395,788509875.215083,1491589395,431871,360245372.691286
"2025-11-23 00:00:00",1.491887266,788520782.562865,1491887266,445870,360290345.589261
"2025-11-24 00:00:00",1.554560651,822331821.695269,1554560651,448663,360290341.56856
"2025-11-25 00:00:00",1.527356542,808865978.693129,1527356542,433260,360292388.328755
"2025-11-26 00:00:00",1.510297642,798285357.404074,1510297642,1479727,360292473.811306
"2025-11-27 00:00:00",1.532669057,810520717.227294,1532669057,433530,360294822.777064
"2025-11-28 00:00:00",1.531720928,810684093.478352,1531720928,442388,360306179.408831
"2025-11-29 00:00:00",1.490845631,790440967.134497,1490845631,407465,360507622.063727
"2025-11-30 00:00:00",1.459606426,774490882.761424,1459606426,408335,360307116.605043
"2025-12-01 00:00:00",1.384735341,734775492.754356,1384735341,415210,360440451.085881
"2025-12-02 00:00:00",1.46255005,775111945.333867,1462550050,1845262,360507623.063727
"2025-12-03 00:00:00",1.492258758,790506921.526524,1492258758,441774,360579378.183386
"2025-12-04 00:00:00",1.429016321,757650326.138379,1429016321,433610,360579539.615433
"2025-12-05 00:00:00",1.292391,696267840.514476,1292391000,440991,365717655.549027
"2025-12-06 00:00:00",1.244289614,670046821.316398,1244289614,388772,365717655.549027
"2025-12-07 00:00:00",1.199111151,645617905.319934,1199111151,395011,370272585.476814
"2025-12-08 00:00:00",1.206580618,650165288.646796,1206580618,382799,374122839.671344
"2025-12-09 00:00:00",1.289703902,696819447.230352,1289703902,837254,374124622.824069
"2025-12-10 00:00:00",1.236275251,668316338.452685,1236275251,392901,374274622.824069
"2025-12-11 00:00:00",1.220533913,658601506.397923,1220533913,378689,990421128.9
"2025-12-12 00:00:00",1.176606241,635680272.048668,1176606241,380612,990421128.9
"2025-12-13 00:00:00",1.141491767,616894906.259634,1141491767,379540,977153765.387504
"2025-12-14 00:00:00",1.114165623,601759188.54278,1114165623,378520,374979967.391394
"2025-12-15 00:00:00",1.13808714,615156125.213043,1138087140,388616,374979978.103742
"2025-12-16 00:00:00",1.179278784,636834677.44678,1179278784,376739,374981480.346602
"2025-12-17 00:00:00",1.170709027,632874909.14826,1170709027,376405,375013879.859873
"2025-12-18 00:00:00",1.133213987,612600890.06891,1133213987,381698,375017168.434849
"2025-12-19 00:00:00",1.216690119,657821777.650019,1216690119,378539,375025430.750589
"2025-12-20 00:00:00",1.21407831,656379656.006658,1214078310,371322,375025435.8066
"2025-12-21 00:00:00",1.228497137,663953181.537163,1228497137,378252,375025435.8066
"2025-12-22 00:00:00",1.205932057,652260028.502982,1205932057,394015,375025435.8066
"2025-12-23 00:00:00",1.18354192,640569796.972608,1183541920,402135,375025435.8066
"2025-12-24 00:00:00",1.162922097,629362537.175305,1162922097,380890,375028502.561935
"2025-12-25 00:00:00",1.119322669,605966207.148737,1119322669,381357,375028502.561935
"2025-12-26 00:00:00",1.17352655,635418525.283256,1173526550,392247,375181664.840966
"2025-12-27 00:00:00",1.185596694,641559457.807098,1185596694,415479,375194626.302516
"2025-12-28 00:00:00",1.172256996,634894260.199786,1172256996,394786,375194627.023867
"2025-12-29 00:00:00",1.165870618,631256260.527644,1165870618,429219,375325262.91715
"2025-12-30 00:00:00",1.129477794,611887928.298167,1129477794,404805,375325262.91715
"2025-12-31 00:00:00",1.090324027,590432772.57922,1090324027,430327,375596929.007849
"2026-01-01 00:00:00",1.100362716,596259054.295572,1100362716,431785,375596929.007849
"2026-01-02 00:00:00",1.127339765,611386606.696565,1127339765,437543,375600125.396903
"2026-01-03 00:00:00",1.140165341,618028381.528468,1140165341,448093,375600128.42712
"2026-01-04 00:00:00",1.160234249,627973063.25693,1160234249,437483,375636256.752375
"2026-01-05 00:00:00",1.217894811,660859986.596602,1217894811,446340,375636256.752375
"2026-01-06 00:00:00",1.272652888,690386811.576821,1272652888,447946,375670156.354926
"2026-01-07 00:00:00",1.24015866,673375418.871682,1240158660,463315,375681705.787243
"2026-01-08 00:00:00",1.212527394,658704992.541477,1212527394,456825,375681718.487531
"2026-01-09 00:00:00",1.250184755,677909221.999171,1250184755,474041,377593177.006035
"2026-01-10 00:00:00",1.291897072,700603805.426475,1291897072,445110,377593173.949166
"2026-01-11 00:00:00",1.292443981,700959483.32232,1292443981,443293,377596363.37078
"2026-01-12 00:00:00",1.288144245,699702003.719746,1288144245,1762258,378399573.561396
"2026-01-13 00:00:00",1.376287982,746808517.81996,1376287982,469736,378399579.818028
"2026-01-14 00:00:00",1.409805286,765974082.548285,1409805286,544066,378400596.340206
"2026-01-15 00:00:00",1.397796997,759782749.473124,1397796997,440177,378404594.629118
"2026-01-16 00:00:00",1.351583316,734874340.530964,1351583316,423269,378412340.74784
"2026-01-17 00:00:00",1.308905916,711855781.575798,1308905916,407653,378412972.729834
"2026-01-18 00:00:00",1.320127119,718457572.834846,1320127119,414670,378417124.908108
"2026-01-19 00:00:00",1.286612783,700079035.095824,1286612783,427999,378413258.401049
"2026-01-20 00:00:00",1.140764418,620773502.560006,1140764418,462556,378413269.565252
"2026-01-21 00:00:00",1.178527994,641571081.936662,1178527994,427280,378413269.567025
"2026-01-22 00:00:00",1.193651456,649862378.985115,1193651456,428571,378423818.05374
"2026-01-23 00:00:00",1.193739899,649869060.996617,1193739899,417557,378575872.976768
"2026-01-24 00:00:00",1.194865489,650589365.48204,1194865489,427184,378576493.483733
"2026-01-25 00:00:00",1.143396712,622170473.519846,1143396712,431273,378579235.156639
"2026-01-26 00:00:00",1.244771506,678554020.405479,1244771506,449759,378591208.203196
"2026-01-27 00:00:00",1.194930474,651026057.499782,1194930474,469459,378659515.007264
"2026-01-28 00:00:00",1.206898999,657504517.53783,1206898999,467105,378659515.007264
"2026-01-29 00:00:00",1.199618913,653645737.735558,1199618913,436135,378659515.630348
"2026-01-30 00:00:00",1.205331631,657441834.591838,1205331631,421786,378667538.205144
"2026-01-31 00:00:00",1.135261433,619022742.519062,1135261433,450992,378671777.07255
"2026-02-01 00:00:00",1.108071982,604648816.036196,1108071982,403001,378671779.212446
"2026-02-02 00:00:00",1.232148197,672576148.521796,1232148197,409212,378671802.324461
"2026-02-03 00:00:00",1.253943266,684953806.419636,1253943266,390615,378821802.324461
"2026-02-04 00:00:00",1.198619093,654107996.683367,1198619093,372460,378822696.575871
"2026-02-05 00:00:00",1.027205222,560762838.918064,1027205222.0000001,394727,378822696.575871
"2026-02-06 00:00:00",1.188941186,649681268.548253,1188941186,347783,378833170.780181
"2026-02-07 00:00:00",1.175155237,641529190.879642,1175155237,325153,378833508.371611
"2026-02-08 00:00:00",1.159515855,633306500.550174,1159515855,324781,378833508.371611
"2026-02-09 00:00:00",1.156033073,631427737.138522,1156033073,316253,378834102.09546
"2026-02-10 00:00:00",1.144303994,625410113.090105,1144303994,319978,378834102.09546
"2026-02-11 00:00:00",1.079100766,589315391.040561,1079100766,307770,378834102.09546
"2026-02-12 00:00:00",1.106694373,604380848.279663,1106694373,298129,378843903.623333
"2026-02-13 00:00:00",1.184578111,647404878.505127,1184578111,334041,378965439.823333
"2026-02-14 00:00:00",1.394800678,761286147.320087,1394800678,309290,378965589.302996
"2026-02-15 00:00:00",1.332325053,728404548.182258,1332325053,319325,378965589.302996
"2026-02-16 00:00:00",1.365859274,746204069.515887,1365859274,323958,378965632.430938
"2026-02-17 00:00:00",1.49750513,815633842.190233,1497505130,316675,378965632.430938
"2026-02-18 00:00:00",1.463084087,800809871.320677,1463084087,319481,379665187.306381
"2026-02-19 00:00:00",1.381620823,757085129.652462,1381620823,351475,379755741.111539
"2026-02-20 00:00:00",1.576154813,866723372.015566,1576154813,322995,379755755.636812
"2026-02-21 00:00:00",1.619980849,887573003.529638,1619980849,334041,379778064.47298
"2026-02-22 00:00:00",1.59546664,873555133.378396,1595466640,316549,379784904.571989
"2026-02-23 00:00:00",1.572824362,560979453.189831,1572824362,316500,379784936.99142
"2026-02-24 00:00:00",1.740403891,621556950.440592,1740403891,314413,382446878.160366
"2026-02-25 00:00:00",1.820488609,652490817.331221,1820488609,315470,382447169.816813
"2026-02-26 00:00:00",1.8549299,1016928832.64529,1854929900,1290650,386502025.781549
"2026-02-27 00:00:00",1.837380567,1006181720.48745,1837380567,1583536,390565918.747105
"2026-02-28 00:00:00",1.765712046,968809649.372965,1765712046,1839656,390565956.184448
"2026-03-01 00:00:00",1.744800243,959239031.333188,1744800243,302765,394086180.324448
"2026-03-02 00:00:00",1.927700784,1058166526.0895,1927700784,327642,394086180.324448
"2026-03-03 00:00:00",1.958632107,1075449671.55372,1958632107,375781,397692215.485627
"2026-03-04 00:00:00",1.86806278,1026110396.43738,1868062780,358230,401186445.398412
"2026-03-05 00:00:00",1.940374786,1065109459.26883,1940374786,333686,402530798.73198
"2026-03-06 00:00:00",1.795851569,986597183.476345,1795851569,310519,402590360.20981
"2026-03-07 00:00:00",1.832735243,1006003404.25059,1832735243,349422,402590394.659499
"2026-03-08 00:00:00",1.87310655,1028551414.7675,1873106550,330350,402590394.659499
"2026-03-09 00:00:00",1.900082335,1043763478.42557,1900082335,327765,402609809.588145
"2026-03-10 00:00:00",1.953071029,1072812509.06768,1953071029,361503,403165990.088616
"2026-03-11 00:00:00",1.933463015,1062481860.40088,1933463015,333933,403169222.025415
"2026-03-12 00:00:00",1.986155473,1091297312.696,1986155473,344178,403336420.936
"2026-03-13 00:00:00",1.861695984,1023163582.01878,1861695984,348654,403345133.439941
"2026-03-14 00:00:00",1.895252346,1041676320.49401,1895252346,345440,403345762.424078
"2026-03-15 00:00:00",1.926477649,1058864996.79319,1926477649,341607,403878423.558412
"2026-03-16 00:00:00",1.826835816,1006651444.49017,1826835816,359565,403883824.220484
"2026-03-17 00:00:00",1.807873014,996649711.686942,1807873014,292269,403883824.220484
"2026-03-18 00:00:00",1.79,980800866,1790000000,,