"DateTime","Bitcoin - Price"
"2023-03-18 00:00:00",27107.792183504
"2023-03-19 00:00:00",28186.84265236
"2023-03-20 00:00:00",27929.16773314
"2023-03-21 00:00:00",28264.239610522
"2023-03-22 00:00:00",27449.254830807
"2023-03-23 00:00:00",28459.735113553
"2023-03-24 00:00:00",27595.494748375
"2023-03-25 00:00:00",27670.199498497
"2023-03-26 00:00:00",28048.469978535
"2023-03-27 00:00:00",27182.29955995
"2023-03-28 00:00:00",27291.35002105
"2023-03-29 00:00:00",28394.997780199
"2023-03-30 00:00:00",28041.123080088
"2023-03-31 00:00:00",28516.784729689
"2023-04-01 00:00:00",28498.944633049
"2023-04-02 00:00:00",28236.50873894
"2023-04-03 00:00:00",27815.426531248
"2023-04-04 00:00:00",28175.330334215
"2023-04-05 00:00:00",28197.200341246
"2023-04-06 00:00:00",28042.983386488
"2023-04-07 00:00:00",27934.438712849
"2023-04-08 00:00:00",27968.128047055
"2023-04-09 00:00:00",28351.23699385
"2023-04-10 00:00:00",29657.974136874
"2023-04-11 00:00:00",30260.936109409
"2023-04-12 00:00:00",29904.138694719
"2023-04-13 00:00:00",30405.027312781
"2023-04-14 00:00:00",30468.408700591
"2023-04-15 00:00:00",30312.161879659
"2023-04-16 00:00:00",30304.807514786
"2023-04-17 00:00:00",29467.45982926
"2023-04-18 00:00:00",30365.904167541
"2023-04-19 00:00:00",28833.217501221
"2023-04-20 00:00:00",28255.578248665
"2023-04-21 00:00:00",27300.157128516
"2023-04-22 00:00:00",27861.640663477
"2023-04-23 00:00:00",27606.578347653
"2023-04-24 00:00:00",27511.635682161
"2023-04-25 00:00:00",28351.218248373
"2023-04-26 00:00:00",28352.191320597
"2023-04-27 00:00:00",29483.521704992
"2023-04-28 00:00:00",29339.994997549
"2023-04-29 00:00:00",29217.94404681
"2023-04-30 00:00:00",29362.056213625
"2023-05-01 00:00:00",28125.501155637
"2023-05-02 00:00:00",28654.390133327
"2023-05-03 00:00:00",28988.320996249
"2023-05-04 00:00:00",28846.461458608
"2023-05-05 00:00:00",29520.32226897
"2023-05-06 00:00:00",28887.741045523
"2023-05-07 00:00:00",28611.439197615
"2023-05-08 00:00:00",27696.760785626
"2023-05-09 00:00:00",27607.391680919
"2023-05-10 00:00:00",27639.733565936
"2023-05-11 00:00:00",27024.7657293
"2023-05-12 00:00:00",26787.690395918
"2023-05-13 00:00:00",26798.126271475
"2023-05-14 00:00:00",26911.805273214
"2023-05-15 00:00:00",27227.793422559
"2023-05-16 00:00:00",27022.713173921
"2023-05-17 00:00:00",27389.971511442
"2023-05-18 00:00:00",26842.952494718
"2023-05-19 00:00:00",26884.37105959
"2023-05-20 00:00:00",27093.791101497
"2023-05-21 00:00:00",26773.830243665
"2023-05-22 00:00:00",26869.686021791
"2023-05-23 00:00:00",27222.937746604
"2023-05-24 00:00:00",26338.948946999
"2023-05-25 00:00:00",26475.607902534
"2023-05-26 00:00:00",26717.987553572
"2023-05-27 00:00:00",26848.239939592
"2023-05-28 00:00:00",28110.313467609
"2023-05-29 00:00:00",27759.746663921
"2023-05-30 00:00:00",27713.90854753
"2023-05-31 00:00:00",27245.47446518
"2023-06-01 00:00:00",26824.101499517
"2023-06-02 00:00:00",27247.740081457
"2023-06-03 00:00:00",27066.371328526
"2023-06-04 00:00:00",27315.447587488
"2023-06-05 00:00:00",25792.616090233
"2023-06-06 00:00:00",27216.615564698
"2023-06-07 00:00:00",26346.244545138
"2023-06-08 00:00:00",26507.909892203
"2023-06-09 00:00:00",26469.581684007
"2023-06-10 00:00:00",25858.122892186
"2023-06-11 00:00:00",25916.57989638
"2023-06-12 00:00:00",25910.362742919
"2023-06-13 00:00:00",25872.206458795
"2023-06-14 00:00:00",25107.754695881
"2023-06-15 00:00:00",25564.599632887
"2023-06-16 00:00:00",26327.325669454
"2023-06-17 00:00:00",26501.044442234
"2023-06-18 00:00:00",26333.092529664
"2023-06-19 00:00:00",26779.387461523
"2023-06-20 00:00:00",28330.891419808
"2023-06-21 00:00:00",30101.764819489
"2023-06-22 00:00:00",29935.63210675
"2023-06-23 00:00:00",30629.244353336
"2023-06-24 00:00:00",30537.816664635
"2023-06-25 00:00:00",30454.756974416
"2023-06-26 00:00:00",30285.505064071
"2023-06-27 00:00:00",30693.546356068
"2023-06-28 00:00:00",30083.477245264
"2023-06-29 00:00:00",30466.610456894
"2023-06-30 00:00:00",30480.781481944
"2023-07-01 00:00:00",30583.619599698
"2023-07-02 00:00:00",30571.887072871
"2023-07-03 00:00:00",31134.713133508
"2023-07-04 00:00:00",30775.624022375
"2023-07-05 00:00:00",30484.793774424
"2023-07-06 00:00:00",29990.05515122
"2023-07-07 00:00:00",30315.265402352
"2023-07-08 00:00:00",30264.197345257
"2023-07-09 00:00:00",30169.870657479
"2023-07-10 00:00:00",30394.281146376
"2023-07-11 00:00:00",30620.814246978
"2023-07-12 00:00:00",30407.41631436
"2023-07-13 00:00:00",31446.014971072
"2023-07-14 00:00:00",30311.827808131
"2023-07-15 00:00:00",30297.971400126
"2023-07-16 00:00:00",30237.334785146
"2023-07-17 00:00:00",30147.860079212
"2023-07-18 00:00:00",29848.032272505
"2023-07-19 00:00:00",29919.874838255
"2023-07-20 00:00:00",29787.041530356
"2023-07-21 00:00:00",29914.682728359
"2023-07-22 00:00:00",29710.155935992
"2023-07-23 00:00:00",30057.956718715
"2023-07-24 00:00:00",29184.901913058
"2023-07-25 00:00:00",29222.974630384
"2023-07-26 00:00:00",29363.672907979
"2023-07-27 00:00:00",29200.244001291
"2023-07-28 00:00:00",29314.097387098
"2023-07-29 00:00:00",29356.747745917
"2023-07-30 00:00:00",29277.755810273
"2023-07-31 00:00:00",29233.13636558
"2023-08-01 00:00:00",29537.109746927
"2023-08-02 00:00:00",29146.636270844
"2023-08-03 00:00:00",29176.150596585
"2023-08-04 00:00:00",29087.938086008
"2023-08-05 00:00:00",29046.800457023
"2023-08-06 00:00:00",29044.204375578
"2023-08-07 00:00:00",29178.147751873
"2023-08-08 00:00:00",29779.561671251
"2023-08-09 00:00:00",29585.488077379
"2023-08-10 00:00:00",29423.818915978
"2023-08-11 00:00:00",29396.84797142
"2023-08-12 00:00:00",29412.142274584
"2023-08-13 00:00:00",29284.969713744
"2023-08-14 00:00:00",29400.586804191
"2023-08-15 00:00:00",29170.490397061
"2023-08-16 00:00:00",28754.197021113
"2023-08-17 00:00:00",26501.58726992
"2023-08-18 00:00:00",26042.838256849
"2023-08-19 00:00:00",26104.778630798
"2023-08-20 00:00:00",26160.700419818
"2023-08-21 00:00:00",26119.005958595
"2023-08-22 00:00:00",26033.675406586
"2023-08-23 00:00:00",26450.008624614
"2023-08-24 00:00:00",26134.934254516
"2023-08-25 00:00:00",26044.036209289
"2023-08-26 00:00:00",26002.015717319
"2023-08-27 00:00:00",26082.717178219
"2023-08-28 00:00:00",26109.269823929
"2023-08-29 00:00:00",27730.503735506
"2023-08-30 00:00:00",27297.26143848
"2023-08-31 00:00:00",25927.417005779
"2023-09-01 00:00:00",25812.330494425
"2023-09-02 00:00:00",25853.656842778
"2023-09-03 00:00:00",25959.596311463
"2023-09-04 00:00:00",25829.364772941
"2023-09-05 00:00:00",25784.41351983
"2023-09-06 00:00:00",25752.958418589
"2023-09-07 00:00:00",26192.333433091
"2023-09-08 00:00:00",25907.22813725
"2023-09-09 00:00:00",25889.325009463
"2023-09-10 00:00:00",25834.580098563
"2023-09-11 00:00:00",25133.303106567
"2023-09-12 00:00:00",25866.806663158
"2023-09-13 00:00:00",26223.436075661
"2023-09-14 00:00:00",26531.395566263
"2023-09-15 00:00:00",26634.631025001
"2023-09-16 00:00:00",26557.768691995
"2023-09-17 00:00:00",26520.988254784
"2023-09-18 00:00:00",26741.461110949
"2023-09-19 00:00:00",27219.296874634
"2023-09-20 00:00:00",27115.846446971
"2023-09-21 00:00:00",26561.133454199
"2023-09-22 00:00:00",26572.038111553
"2023-09-23 00:00:00",26573.92347973
"2023-09-24 00:00:00",26249.562897845
"2023-09-25 00:00:00",26298.634678281
"2023-09-26 00:00:00",26204.757590836
"2023-09-27 00:00:00",26350.146895428
"2023-09-28 00:00:00",27009.013750725
"2023-09-29 00:00:00",26917.199101638
"2023-09-30 00:00:00",26969.876144073
"2023-10-01 00:00:00",27967.510579087
"2023-10-02 00:00:00",27615.064885095
"2023-10-03 00:00:00",27439.121946705
"2023-10-04 00:00:00",27792.111277249
"2023-10-05 00:00:00",27435.874615135
"2023-10-06 00:00:00",27958.19643735
"2023-10-07 00:00:00",27977.5434907
"2023-10-08 00:00:00",27948.103651749
"2023-10-09 00:00:00",27593.78253444
"2023-10-10 00:00:00",27392.247702732
"2023-10-11 00:00:00",26842.190439092
"2023-10-12 00:00:00",26729.137205815
"2023-10-13 00:00:00",26841.136220644
"2023-10-14 00:00:00",26863.18356908
"2023-10-15 00:00:00",27150.297001407
"2023-10-16 00:00:00",28513.309932477
"2023-10-17 00:00:00",28417.7217517
"2023-10-18 00:00:00",28328.245198135
"2023-10-19 00:00:00",28715.748142408
"2023-10-20 00:00:00",29677.392888476
"2023-10-21 00:00:00",29920.074492651
"2023-10-22 00:00:00",30019.380500864
"2023-10-23 00:00:00",32953.262760831
"2023-10-24 00:00:00",33846.724257332
"2023-10-25 00:00:00",34471.986031672
"2023-10-26 00:00:00",34174.451552913
"2023-10-27 00:00:00",33899.09305644
"2023-10-28 00:00:00",34092.630932839
"2023-10-29 00:00:00",34556.242814762
"2023-10-30 00:00:00",34498.703919464
"2023-10-31 00:00:00",34672.289284188
"2023-11-01 00:00:00",35457.454912106
"2023-11-02 00:00:00",34924.055450443
"2023-11-03 00:00:00",34731.381368968
"2023-11-04 00:00:00",35048.407834901
"2023-11-05 00:00:00",35061.928749196
"2023-11-06 00:00:00",35031.268882087
"2023-11-07 00:00:00",35436.53762958
"2023-11-08 00:00:00",35795.08063071
"2023-11-09 00:00:00",36768.420819127
"2023-11-10 00:00:00",37344.24900072
"2023-11-11 00:00:00",37122.722824307
"2023-11-12 00:00:00",37067.69698212
"2023-11-13 00:00:00",36549.162048298
"2023-11-14 00:00:00",35545.201433454
"2023-11-15 00:00:00",37903.662451663
"2023-11-16 00:00:00",36201.516111461
"2023-11-17 00:00:00",36527.760225307
"2023-11-18 00:00:00",36582.368441923
"2023-11-19 00:00:00",37413.994607905
"2023-11-20 00:00:00",37489.298470802
"2023-11-21 00:00:00",35965.360360681
"2023-11-22 00:00:00",37464.832932209
"2023-11-23 00:00:00",37293.316127427
"2023-11-24 00:00:00",37738.931697471
"2023-11-25 00:00:00",37809.852866253
"2023-11-26 00:00:00",37491.838186008
"2023-11-27 00:00:00",37250.169051481
"2023-11-28 00:00:00",37802.236043775
"2023-11-29 00:00:00",37810.346416541
"2023-11-30 00:00:00",37711.818375853
"2023-12-01 00:00:00",38688.258741791
"2023-12-02 00:00:00",39481.666416063
"2023-12-03 00:00:00",39960.275420411
"2023-12-04 00:00:00",41974.331772543
"2023-12-05 00:00:00",44105.944772599
"2023-12-06 00:00:00",43788.288808252
"2023-12-07 00:00:00",43270.119559707
"2023-12-08 00:00:00",44202.176109436
"2023-12-09 00:00:00",43745.491991895
"2023-12-10 00:00:00",43757.959937619
"2023-12-11 00:00:00",41200.962726102
"2023-12-12 00:00:00",41450.819387377
"2023-12-13 00:00:00",42931.761826032
"2023-12-14 00:00:00",43009.595456374
"2023-12-15 00:00:00",41992.014187224
"2023-12-16 00:00:00",42247.067881722
"2023-12-17 00:00:00",41410.819634576
"2023-12-18 00:00:00",42684.182554683
"2023-12-19 00:00:00",42250.206182798
"2023-12-20 00:00:00",43634.124168496
"2023-12-21 00:00:00",43849.699599396
"2023-12-22 00:00:00",44003.696021644
"2023-12-23 00:00:00",43752.030884784
"2023-12-24 00:00:00",43034.971063092
"2023-12-25 00:00:00",43638.236302201
"2023-12-26 00:00:00",42516.426940283
"2023-12-27 00:00:00",43418.467775043
"2023-12-28 00:00:00",42600.650633156
"2023-12-29 00:00:00",42074.707156188
"2023-12-30 00:00:00",42220.611401214
"2023-12-31 00:00:00",42208.202176186
"2024-01-01 00:00:00",44168.681186875
"2024-01-02 00:00:00",44994.673886892
"2024-01-03 00:00:00",42821.558989158
"2024-01-04 00:00:00",44195.5785621
"2024-01-05 00:00:00",44113.699733891
"2024-01-06 00:00:00",43956.120717202
"2024-01-07 00:00:00",43883.743879052
"2024-01-08 00:00:00",46936.185561218
"2024-01-09 00:00:00",46105.946078287
"2024-01-10 00:00:00",46632.31314805
"2024-01-11 00:00:00",46314.355541603
"2024-01-12 00:00:00",42893.929605505
"2024-01-13 00:00:00",42848.474516407
"2024-01-14 00:00:00",41800.932821934
"2024-01-15 00:00:00",42587.336038354
"2024-01-16 00:00:00",43148.001643427
"2024-01-17 00:00:00",42713.859186939
"2024-01-18 00:00:00",41261.39479801
"2024-01-19 00:00:00",41600.940932545
"2024-01-20 00:00:00",41626.107110037
"2024-01-21 00:00:00",41541.899457063
"2024-01-22 00:00:00",39504.730057584
"2024-01-23 00:00:00",39833.454105017
"2024-01-24 00:00:00",40123.671058471
"2024-01-25 00:00:00",39938.286441559
"2024-01-26 00:00:00",41862.93561094
"2024-01-27 00:00:00",42119.610494643
"2024-01-28 00:00:00",42026.578562321
"2024-01-29 00:00:00",43267.609276388
"2024-01-30 00:00:00",42892.034530144
"2024-01-31 00:00:00",42583.263546634
"2024-02-01 00:00:00",43069.043420937
"2024-02-02 00:00:00",43170.6585616
"2024-02-03 00:00:00",42976.848299908
"2024-02-04 00:00:00",42599.35997056
"2024-02-05 00:00:00",42648.456921135
"2024-02-06 00:00:00",43087.787408143
"2024-02-07 00:00:00",44247.415415479
"2024-02-08 00:00:00",45338.271189789
"2024-02-09 00:00:00",47143.242991071
"2024-02-10 00:00:00",47768.995251248
"2024-02-11 00:00:00",48189.88179304
"2024-02-12 00:00:00",50050.136094564
"2024-02-13 00:00:00",49732.145369554
"2024-02-14 00:00:00",51790.169297526
"2024-02-15 00:00:00",51958.230291055
"2024-02-16 00:00:00",52166.434309762
"2024-02-17 00:00:00",51684.517492645
"2024-02-18 00:00:00",52138.485788737
"2024-02-19 00:00:00",51764.313185488
"2024-02-20 00:00:00",52286.793725547
"2024-02-21 00:00:00",51842.756766256
"2024-02-22 00:00:00",51319.500125703
"2024-02-23 00:00:00",50841.081094771
"2024-02-24 00:00:00",51553.096712831
"2024-02-25 00:00:00",51751.884054935
"2024-02-26 00:00:00",54478.191083123
"2024-02-27 00:00:00",57003.526737308
"2024-02-28 00:00:00",62558.582024193
"2024-02-29 00:00:00",61298.216861102
"2024-03-01 00:00:00",62426.640529192
"2024-03-02 00:00:00",62067.866802122
"2024-03-03 00:00:00",63053.105439064
"2024-03-04 00:00:00",68186.645934322
"2024-03-05 00:00:00",64291.536557569
"2024-03-06 00:00:00",66145.919278508
"2024-03-07 00:00:00",66944.876390536
"2024-03-08 00:00:00",68315.251920783
"2024-03-09 00:00:00",68508.003962616
"2024-03-10 00:00:00",69075.666881957
"2024-03-11 00:00:00",72130.553007657
"2024-03-12 00:00:00",71467.173503261
"2024-03-13 00:00:00",73097.767026941
"2024-03-14 00:00:00",71420.031801423
"2024-03-15 00:00:00",69497.763192946
"2024-03-16 00:00:00",65292.313293313
"2024-03-17 00:00:00",68425.415656431
"2024-03-18 00:00:00",67708.943609308
"2024-03-19 00:00:00",62132.517378734
"2024-03-20 00:00:00",67819.05570684
"2024-03-21 00:00:00",65535.978448477
"2024-03-22 00:00:00",63509.044965231
"2024-03-23 00:00:00",64285.802791022
"2024-03-24 00:00:00",67310.983268101
"2024-03-25 00:00:00",69938.945302002
"2024-03-26 00:00:00",70082.05122476
"2024-03-27 00:00:00",69435.750403052
"2024-03-28 00:00:00",70710.195348633
"2024-03-29 00:00:00",69919.055461486
"2024-03-30 00:00:00",69702.308747357
"2024-03-31 00:00:00",71246.951440601
"2024-04-01 00:00:00",69785.925038024
"2024-04-02 00:00:00",65440.419225872
"2024-04-03 00:00:00",66123.938539074
"2024-04-04 00:00:00",68542.177152795
"2024-04-05 00:00:00",67978.610234085
"2024-04-06 00:00:00",69000.649916478
"2024-04-07 00:00:00",69401.97360911
"2024-04-08 00:00:00",71624.18486237
"2024-04-09 00:00:00",69158.643812077
"2024-04-10 00:00:00",70527.88997579
"2024-04-11 00:00:00",70106.664130709
"2024-04-12 00:00:00",67252.105042266
"2024-04-13 00:00:00",64404.825489074
"2024-04-14 00:00:00",65752.660047289
"2024-04-15 00:00:00",63430.571457368
"2024-04-16 00:00:00",63720.501587481
"2024-04-17 00:00:00",61328.897988607
"2024-04-18 00:00:00",63461.592695107
"2024-04-19 00:00:00",63988.818471786
"2024-04-20 00:00:00",64894.418691092
"2024-04-21 00:00:00",64936.420756774
"2024-04-22 00:00:00",66841.666852074
"2024-04-23 00:00:00",66406.952443927
"2024-04-24 00:00:00",64279.518128575
"2024-04-25 00:00:00",64486.183359159
"2024-04-26 00:00:00",63802.330049259
"2024-04-27 00:00:00",63517.24874341
"2024-04-28 00:00:00",63030.433616682
"2024-04-29 00:00:00",63797.6796359
"2024-04-30 00:00:00",60749.472092164
"2024-05-01 00:00:00",58297.574075325
"2024-05-02 00:00:00",59135.173360773
"2024-05-03 00:00:00",62839.340735694
"2024-05-04 00:00:00",63820.451902925
"2024-05-05 00:00:00",64010.008652109
"2024-05-06 00:00:00",63172.481295513
"2024-05-07 00:00:00",62363.057191719
"2024-05-08 00:00:00",61215.504008792
"2024-05-09 00:00:00",63148.599943097
"2024-05-10 00:00:00",60888.216749572
"2024-05-11 00:00:00",60776.972079172
"2024-05-12 00:00:00",61507.054004121
"2024-05-13 00:00:00",62878.783300729
"2024-05-14 00:00:00",61569.113005773
"2024-05-15 00:00:00",66220.518314328
"2024-05-16 00:00:00",65260.879803346
"2024-05-17 00:00:00",67053.123265096
"2024-05-18 00:00:00",66912.618614037
"2024-05-19 00:00:00",66252.712595916
"2024-05-20 00:00:00",71430.297002151
"2024-05-21 00:00:00",70189.8358177
"2024-05-22 00:00:00",69181.200856778
"2024-05-23 00:00:00",67906.465342761
"2024-05-24 00:00:00",68539.91646553
"2024-05-25 00:00:00",69268.445589738
"2024-05-26 00:00:00",68508.831108757
"2024-05-27 00:00:00",69367.238717557
"2024-05-28 00:00:00",68316.635880496
"2024-05-29 00:00:00",67577.26558996
"2024-05-30 00:00:00",68372.492884341
"2024-05-31 00:00:00",67474.954836984
"2024-06-01 00:00:00",67704.326418115
"2024-06-02 00:00:00",67740.016902225
"2024-06-03 00:00:00",68808.293685905
"2024-06-04 00:00:00",70600.011166761
"2024-06-05 00:00:00",71184.599430592
"2024-06-06 00:00:00",70759.588193014
"2024-06-07 00:00:00",69325.362388472
"2024-06-08 00:00:00",69315.104123397
"2024-06-09 00:00:00",69654.160737604
"2024-06-10 00:00:00",69493.177609157
"2024-06-11 00:00:00",67329.152327243
"2024-06-12 00:00:00",68224.51967502
"2024-06-13 00:00:00",66700.316965644
"2024-06-14 00:00:00",66011.078737137
"2024-06-15 00:00:00",66190.487489113
"2024-06-16 00:00:00",66615.537821318
"2024-06-17 00:00:00",66460.3889791
"2024-06-18 00:00:00",65109.31481219
"2024-06-19 00:00:00",64907.074607603
"2024-06-20 00:00:00",64844.674417978
"2024-06-21 00:00:00",64071.62428471
"2024-06-22 00:00:00",64239.903488131
"2024-06-23 00:00:00",63221.357384375
"2024-06-24 00:00:00",60363.234975296
"2024-06-25 00:00:00",61770.413870095
"2024-06-26 00:00:00",60749.89619402
"2024-06-27 00:00:00",61562.6453255
"2024-06-28 00:00:00",60317.096979451
"2024-06-29 00:00:00",60864.443161934
"2024-06-30 00:00:00",62734.393839455
"2024-07-01 00:00:00",62819.822269218
"2024-07-02 00:00:00",62042.565037101
"2024-07-03 00:00:00",60244.680764331
"2024-07-04 00:00:00",57189.174124086
"2024-07-05 00:00:00",56739.862851072
"2024-07-06 00:00:00",58230.484154227
"2024-07-07 00:00:00",55880.375377671
"2024-07-08 00:00:00",56665.14073352
"2024-07-09 00:00:00",57988.303512084
"2024-07-10 00:00:00",57704.202284463
"2024-07-11 00:00:00",57388.192479167
"2024-07-12 00:00:00",57899.288957496
"2024-07-13 00:00:00",59152.719138873
"2024-07-14 00:00:00",60942.327739963
"2024-07-15 00:00:00",64835.489733216
"2024-07-16 00:00:00",65162.236252344
"2024-07-17 00:00:00",64136.313843607
"2024-07-18 00:00:00",63959.569008094
"2024-07-19 00:00:00",66689.54880735
"2024-07-20 00:00:00",67206.064706149
"2024-07-21 00:00:00",68088.139963245
"2024-07-22 00:00:00",67607.713399189
"2024-07-23 00:00:00",65942.417465228
"2024-07-24 00:00:00",65403.535130225
"2024-07-25 00:00:00",65749.963619653
"2024-07-26 00:00:00",67920.296485703
"2024-07-27 00:00:00",68055.408389687
"2024-07-28 00:00:00",68242.247444049
"2024-07-29 00:00:00",66770.320918483
"2024-07-30 00:00:00",66219.051024861
"2024-07-31 00:00:00",64679.778647033
"2024-08-01 00:00:00",65357.529607674
"2024-08-02 00:00:00",61407.295473975
"2024-08-03 00:00:00",60738.744925057
"2024-08-04 00:00:00",58006.206586687
"2024-08-05 00:00:00",53956.261841597
"2024-08-06 00:00:00",55959.841073994
"2024-08-07 00:00:00",55099.951811467
"2024-08-08 00:00:00",61859.031599042
"2024-08-09 00:00:00",60912.588533351
"2024-08-10 00:00:00",60887.708616415
"2024-08-11 00:00:00",58804.234499926
"2024-08-12 00:00:00",59350.074332707
"2024-08-13 00:00:00",60601.223177897
"2024-08-14 00:00:00",58739.19382231
"2024-08-15 00:00:00",57624.116928522
"2024-08-16 00:00:00",58881.925791512
"2024-08-17 00:00:00",59430.791634459
"2024-08-18 00:00:00",58438.293742685
"2024-08-19 00:00:00",59574.945812941
"2024-08-20 00:00:00",59060.126100741
"2024-08-21 00:00:00",61144.687628666
"2024-08-22 00:00:00",60387.540623214
"2024-08-23 00:00:00",64049.685615556
"2024-08-24 00:00:00",64157.160613478
"2024-08-25 00:00:00",64265.816312729
"2024-08-26 00:00:00",62922.586346763
"2024-08-27 00:00:00",59526.560879591
"2024-08-28 00:00:00",59015.296338879
"2024-08-29 00:00:00",59351.579490973
"2024-08-30 00:00:00",59156.246036464
"2024-08-31 00:00:00",58960.236586646
"2024-09-01 00:00:00",57357.716172822
"2024-09-02 00:00:00",59108.732358637
"2024-09-03 00:00:00",57504.53858622
"2024-09-04 00:00:00",57987.846014101
"2024-09-05 00:00:00",56132.404732089
"2024-09-06 00:00:00",53923.356110719
"2024-09-07 00:00:00",54150.938358907
"2024-09-08 00:00:00",54792.407557686
"2024-09-09 00:00:00",57049.118751143
"2024-09-10 00:00:00",57624.161783361
"2024-09-11 00:00:00",57381.764445
"2024-09-12 00:00:00",58106.951229815
"2024-09-13 00:00:00",60620.627472958
"2024-09-14 00:00:00",60003.29940083
"2024-09-15 00:00:00",59214.802268018
"2024-09-16 00:00:00",58211.123231286
"2024-09-17 00:00:00",60317.031979463
"2024-09-18 00:00:00",61440.412084945
"2024-09-19 00:00:00",62966.529319105
"2024-09-20 00:00:00",63128.224540748
"2024-09-21 00:00:00",63403.402349259
"2024-09-22 00:00:00",63582.599569248
"2024-09-23 00:00:00",63327.026544502
"2024-09-24 00:00:00",64334.142748761
"2024-09-25 00:00:00",63151.899594013
"2024-09-26 00:00:00",65130.768840232
"2024-09-27 00:00:00",65791.002125417
"2024-09-28 00:00:00",65934.107094414
"2024-09-29 00:00:00",65663.689866623
"2024-09-30 00:00:00",63243.275324644
"2024-10-01 00:00:00",60872.668543726
"2024-10-02 00:00:00",60655.559791968
"2024-10-03 00:00:00",60727.863951693
"2024-10-04 00:00:00",62103.010472833
"2024-10-05 00:00:00",62091.932585194
"2024-10-06 00:00:00",62811.799728113
"2024-10-07 00:00:00",62287.390105107
"2024-10-08 00:00:00",62185.230423728
"2024-10-09 00:00:00",60597.150456183
"2024-10-10 00:00:00",60195.180737725
"2024-10-11 00:00:00",62392.340482932
"2024-10-12 00:00:00",63207.770621276
"2024-10-13 00:00:00",62829.533686089
"2024-10-14 00:00:00",66049.99492708
"2024-10-15 00:00:00",66962.219944968
"2024-10-16 00:00:00",67647.544147669
"2024-10-17 00:00:00",67328.10527003
"2024-10-18 00:00:00",68465.619206687
"2024-10-19 00:00:00",68388.871289653
"2024-10-20 00:00:00",68962.829180457
"2024-10-21 00:00:00",67394.857757356
"2024-10-22 00:00:00",67351.047935125
"2024-10-23 00:00:00",66683.968065423
"2024-10-24 00:00:00",68214.052051574
"2024-10-25 00:00:00",66585.665355014
"2024-10-26 00:00:00",67018.165017027
"2024-10-27 00:00:00",67938.554128857
"2024-10-28 00:00:00",69845.304531169
"2024-10-29 00:00:00",72781.113081581
"2024-10-30 00:00:00",72342.62171128
"2024-10-31 00:00:00",70264.997355733
"2024-11-01 00:00:00",69507.922563956
"2024-11-02 00:00:00",69299.160366994
"2024-11-03 00:00:00",68803.506262775
"2024-11-04 00:00:00",67793.297827048
"2024-11-05 00:00:00",69335.425531338
"2024-11-06 00:00:00",75620.886069632
"2024-11-07 00:00:00",75987.241783207
"2024-11-08 00:00:00",76550.021384561
"2024-11-09 00:00:00",76630.226314154
"2024-11-10 00:00:00",80466.716548335
"2024-11-11 00:00:00",88637.420003229
"2024-11-12 00:00:00",88264.599745829
"2024-11-13 00:00:00",90488.100074978
"2024-11-14 00:00:00",87407.512737101
"2024-11-15 00:00:00",90947.975094437
"2024-11-16 00:00:00",90606.454893807
"2024-11-17 00:00:00",89841.471941351
"2024-11-18 00:00:00",90534.624596503
"2024-11-19 00:00:00",92251.652407383
"2024-11-20 00:00:00",94217.022296342
"2024-11-21 00:00:00",98509.118591024
"2024-11-22 00:00:00",98927.494945534
"2024-11-23 00:00:00",97679.46381643
"2024-11-24 00:00:00",98015.935528946
"2024-11-25 00:00:00",93004.700931033
"2024-11-26 00:00:00",91931.830772918
"2024-11-27 00:00:00",95981.180572106
"2024-11-28 00:00:00",95661.595958179
"2024-11-29 00:00:00",97453.247345104
"2024-11-30 00:00:00",96513.142346982
"2024-12-01 00:00:00",97311.707190843
"2024-12-02 00:00:00",95833.136230036
"2024-12-03 00:00:00",96031.630977598
"2024-12-04 00:00:00",98881.469456182
"2024-12-05 00:00:00",97201.500364077
"2024-12-06 00:00:00",99973.851506598
"2024-12-07 00:00:00",99781.829991982
"2024-12-08 00:00:00",101235.371702532
"2024-12-09 00:00:00",97353.947008209
"2024-12-10 00:00:00",96649.714467715
"2024-12-11 00:00:00",101123.618110337
"2024-12-12 00:00:00",100000.808365352
"2024-12-13 00:00:00",101352.229712923
"2024-12-14 00:00:00",101367.010645534
"2024-12-15 00:00:00",104721.50151809
"2024-12-16 00:00:00",106074.107235412
"2024-12-17 00:00:00",106034.913402645
"2024-12-18 00:00:00",100355.57614815
"2024-12-19 00:00:00",97851.353770758
"2024-12-20 00:00:00",97691.434316927
"2024-12-21 00:00:00",97202.824968476
"2024-12-22 00:00:00",95094.273948622
"2024-12-23 00:00:00",94644.910854643
"2024-12-24 00:00:00",98695.714007826
"2024-12-25 00:00:00",99344.954173672
"2024-12-26 00:00:00",95678.312445654
"2024-12-27 00:00:00",94331.947270531
"2024-12-28 00:00:00",95184.619452886
"2024-12-29 00:00:00",93663.447519641
"2024-12-30 00:00:00",92627.282131133
"2024-12-31 00:00:00",93507.858747415
"2025-01-01 00:00:00",94384.176115387
"2025-01-02 00:00:00",96852.146812351
"2025-01-03 00:00:00",98084.342792808
"2025-01-04 00:00:00",98256.738768499
"2025-01-05 00:00:00",98364.589465998
"2025-01-06 00:00:00",102229.394531897
"2025-01-07 00:00:00",96952.09886775
"2025-01-08 00:00:00",95016.714409892
"2025-01-09 00:00:00",92376.275783461
"2025-01-10 00:00:00",94736.626742097
"2025-01-11 00:00:00",94559.551672242
"2025-01-12 00:00:00",94454.770896388
"2025-01-13 00:00:00",94456.349374699
"2025-01-14 00:00:00",96574.077687992
"2025-01-15 00:00:00",100313.152398284
"2025-01-16 00:00:00",100044.579267764
"2025-01-17 00:00:00",104160.693584842
"2025-01-18 00:00:00",104334.615757244
"2025-01-19 00:00:00",101275.337148142
"2025-01-20 00:00:00",101764.908601705
"2025-01-21 00:00:00",106182.236820181
"2025-01-22 00:00:00",103673.535095378
"2025-01-23 00:00:00",104067.609912069
"2025-01-24 00:00:00",104835.19253556
"2025-01-25 00:00:00",104796.040777382
"2025-01-26 00:00:00",102552.248742802
"2025-01-27 00:00:00",101958.469537456
"2025-01-28 00:00:00",101313.112644983
"2025-01-29 00:00:00",103718.979398136
"2025-01-30 00:00:00",104781.51351001
"2025-01-31 00:00:00",102382.394097222
"2025-02-01 00:00:00",100674.78762545
"2025-02-02 00:00:00",97568.316530249
"2025-02-03 00:00:00",101466.860665704
"2025-02-04 00:00:00",98118.439216645
"2025-02-05 00:00:00",96582.886829191
"2025-02-06 00:00:00",96635.418753322
"2025-02-07 00:00:00",96558.456309667
"2025-02-08 00:00:00",96558.237625011
"2025-02-09 00:00:00",96548.578653796
"2025-02-10 00:00:00",97399.981613832
"2025-02-11 00:00:00",95739.977370792
"2025-02-12 00:00:00",97836.188561275
"2025-02-13 00:00:00",96561.663999098
"2025-02-14 00:00:00",97488.481485365
"2025-02-15 00:00:00",97569.951694305
"2025-02-16 00:00:00",96149.34845482
"2025-02-17 00:00:00",95776.157238527
"2025-02-18 00:00:00",95495.891532993
"2025-02-19 00:00:00",96554.871562593
"2025-02-20 00:00:00",98384.317382403
"2025-02-21 00:00:00",96135.155413053
"2025-02-22 00:00:00",96564.154142902
"2025-02-23 00:00:00",96327.463091278
"2025-02-24 00:00:00",91396.766869303
"2025-02-25 00:00:00",88755.769335698
"2025-02-26 00:00:00",83900.114965248
"2025-02-27 00:00:00",84709.14477848
"2025-02-28 00:00:00",84441.901223713
"2025-03-01 00:00:00",86005.25629681
"2025-03-02 00:00:00",94261.532865384
"2025-03-03 00:00:00",86124.714187222
"2025-03-04 00:00:00",87310.805310783
"2025-03-05 00:00:00",90604.080985236
"2025-03-06 00:00:00",90001.40087607
"2025-03-07 00:00:00",86773.335975554
"2025-03-08 00:00:00",86142.983358643
"2025-03-09 00:00:00",80751.138933009
"2025-03-10 00:00:00",78783.940579343
"2025-03-11 00:00:00",82799.108029205
"2025-03-12 00:00:00",83884.24578829
"2025-03-13 00:00:00",81098.900524362
"2025-03-14 00:00:00",83971.709160646
"2025-03-15 00:00:00",84391.690876472
"2025-03-16 00:00:00",82610.617503439
"2025-03-17 00:00:00",84075.365596945
"2025-03-18 00:00:00",82780.030486883
"2025-03-19 00:00:00",86815.441094707
"2025-03-20 00:00:00",84270.843589662
"2025-03-21 00:00:00",84009.532917822
"2025-03-22 00:00:00",83793.308541926
"2025-03-23 00:00:00",85787.709149018
"2025-03-24 00:00:00",87327.729696691
"2025-03-25 00:00:00",87520.583915306
"2025-03-26 00:00:00",86960.855549104
"2025-03-27 00:00:00",87227.271580324
"2025-03-28 00:00:00",84359.46915506
"2025-03-29 00:00:00",82679.17255385
"2025-03-30 00:00:00",82356.381111838
"2025-03-31 00:00:00",82514.093653978
"2025-04-01 00:00:00",85237.587605285
"2025-04-02 00:00:00",82526.422152643
"2025-04-03 00:00:00",83163.987573877
"2025-04-04 00:00:00",83852.007653996
"2025-04-05 00:00:00",83595.885501775
"2025-04-06 00:00:00",78211.483582
"2025-04-07 00:00:00",79179.292267578
"2025-04-08 00:00:00",76329.090356324
"2025-04-09 00:00:00",82622.170295463
"2025-04-10 00:00:00",79596.357322508
"2025-04-11 00:00:00",83439.288180438
"2025-04-12 00:00:00",85305.097283927
"2025-04-13 00:00:00",83600.820100545
"2025-04-14 00:00:00",84523.452491495
"2025-04-15 00:00:00",83656.49248858
"2025-04-16 00:00:00",84105.779421671
"2025-04-17 00:00:00",84930.90857601
"2025-04-18 00:00:00",84433.750172154
"2025-04-19 00:00:00",85126.662443018
"2025-04-20 00:00:00",85073.165448581
"2025-04-21 00:00:00",87452.046990683
"2025-04-22 00:00:00",93576.16588574
"2025-04-23 00:00:00",93605.452308732
"2025-04-24 00:00:00",93872.814228673
"2025-04-25 00:00:00",94773.112006435
"2025-04-26 00:00:00",94644.066371201
"2025-04-27 00:00:00",93809.337819682
"2025-04-28 00:00:00",95030.606454744
"2025-04-29 00:00:00",94256.359463181
"2025-04-30 00:00:00",94235.753310482
"2025-05-01 00:00:00",96426.94522273
"2025-05-02 00:00:00",96855.568134394
"2025-05-03 00:00:00",95922.868424044
"2025-05-04 00:00:00",94326.620485292
"2025-05-05 00:00:00",94758.823710555
"2025-05-06 00:00:00",96854.531988159
"2025-05-07 00:00:00",97026.493769668
"2025-05-08 00:00:00",103076.275555129
"2025-05-09 00:00:00",102962.540456923
"2025-05-10 00:00:00",104630.879299417
"2025-05-11 00:00:00",103994.061616746
"2025-05-12 00:00:00",102876.830428601
"2025-05-13 00:00:00",104184.490392707
"2025-05-14 00:00:00",103594.425750907
"2025-05-15 00:00:00",103708.851364236
"2025-05-16 00:00:00",103556.034939824
"2025-05-17 00:00:00",103212.364838855
"2025-05-18 00:00:00",106030.637683136
"2025-05-19 00:00:00",105629.415804367
"2025-05-20 00:00:00",106786.71995834
"2025-05-21 00:00:00",109665.863716253
"2025-05-22 00:00:00",111560.356938144
"2025-05-23 00:00:00",107216.668568706
"2025-05-24 00:00:00",107831.363743804
"2025-05-25 00:00:00",108861.810377443
"2025-05-26 00:00:00",109377.715132631
"2025-05-27 00:00:00",109068.456949014
"2025-05-28 00:00:00",107838.184311002
"2025-05-29 00:00:00",105745.41660358
"2025-05-30 00:00:00",104010.919562426
"2025-05-31 00:00:00",104687.507429349
"2025-06-01 00:00:00",105710.005938228
"2025-06-02 00:00:00",105884.742632211
"2025-06-03 00:00:00",105434.47745145
"2025-06-04 00:00:00",104812.918218807
"2025-06-05 00:00:00",101650.738754543
"2025-06-06 00:00:00",104409.749679591
"2025-06-07 00:00:00",105681.454614176
"2025-06-08 00:00:00",105692.24740699
"2025-06-09 00:00:00",110261.574859485
"2025-06-10 00:00:00",110212.732521096
"2025-06-11 00:00:00",108679.976091617
"2025-06-12 00:00:00",105979.229023759
"2025-06-13 00:00:00",106045.564408192
"2025-06-14 00:00:00",105482.906116289
"2025-06-15 00:00:00",105554.493830617
"2025-06-16 00:00:00",106951.27201815
"2025-06-17 00:00:00",104683.424798357
"2025-06-18 00:00:00",104722.695052907
"2025-06-19 00:00:00",104690.650024581
"2025-06-20 00:00:00",103290.105144757
"2025-06-21 00:00:00",101532.568384733
"2025-06-22 00:00:00",100852.582646488
"2025-06-23 00:00:00",105511.624379331
"2025-06-24 00:00:00",105976.069298084
"2025-06-25 00:00:00",107238.530450163
"2025-06-26 00:00:00",106984.012537757
"2025-06-27 00:00:00",107078.915606441
"2025-06-28 00:00:00",107331.585484636
"2025-06-29 00:00:00",108396.616313179
"2025-06-30 00:00:00",107132.799107019
"2025-07-01 00:00:00",105613.399741631
"2025-07-02 00:00:00",108824.444231679
"2025-07-03 00:00:00",109602.20483914
"2025-07-04 00:00:00",108040.89194001
"2025-07-05 00:00:00",108217.468499924
"2025-07-06 00:00:00",109215.197718403
"2025-07-07 00:00:00",108300.71675785
"2025-07-08 00:00:00",108953.191877278
"2025-07-09 00:00:00",111327.530542457
"2025-07-10 00:00:00",115879.650301125
"2025-07-11 00:00:00",117571.02510036
"2025-07-12 00:00:00",117418.957450077
"2025-07-13 00:00:00",119117.556663276
"2025-07-14 00:00:00",119833.674467124
"2025-07-15 00:00:00",117678.194934043
"2025-07-16 00:00:00",118748.162736775
"2025-07-17 00:00:00",119445.36520434
"2025-07-18 00:00:00",117988.946644558
"2025-07-19 00:00:00",117901.626559009
"2025-07-20 00:00:00",117256.920822268
"2025-07-21 00:00:00",117482.469777673
"2025-07-22 00:00:00",119955.795706077
"2025-07-23 00:00:00",118629.055881304
"2025-07-24 00:00:00",118354.435174386
"2025-07-25 00:00:00",117540.808370857
"2025-07-26 00:00:00",117959.542343606
"2025-07-27 00:00:00",119418.914051415
"2025-07-28 00:00:00",118003.302016078
"2025-07-29 00:00:00",117853.308928638
"2025-07-30 00:00:00",117833.240879959
"2025-07-31 00:00:00",115700.002439158
"2025-08-01 00:00:00",113234.605134319
"2025-08-02 00:00:00",112554.902322217
"2025-08-03 00:00:00",114199.109664608
"2025-08-04 00:00:00",115138.686130702
"2025-08-05 00:00:00",114128.354088817
"2025-08-06 00:00:00",115022.095768309
"2025-08-07 00:00:00",117463.474510852
"2025-08-08 00:00:00",116688.366631861
"2025-08-09 00:00:00",116510.083932138
"2025-08-10 00:00:00",119266.925168806
"2025-08-11 00:00:00",118773.79960861
"2025-08-12 00:00:00",120202.534855032
"2025-08-13 00:00:00",123560.993635773
"2025-08-14 00:00:00",118405.59579824
"2025-08-15 00:00:00",117339.791902133
"2025-08-16 00:00:00",117501.21653395
"2025-08-17 00:00:00",117542.836877781
"2025-08-18 00:00:00",116256.412767409
"2025-08-19 00:00:00",112778.344835558
"2025-08-20 00:00:00",114252.397551954
"2025-08-21 00:00:00",112414.399873365
"2025-08-22 00:00:00",116834.249482023
"2025-08-23 00:00:00",115359.983467147
"2025-08-24 00:00:00",113399.54847315
"2025-08-25 00:00:00",110185.354439004
"2025-08-26 00:00:00",111842.709992606
"2025-08-27 00:00:00",111216.084796292
"2025-08-28 00:00:00",112525.597406698
"2025-08-29 00:00:00",108480.306666394
"2025-08-30 00:00:00",108781.957279257
"2025-08-31 00:00:00",108253.360923856
"2025-09-01 00:00:00",109162.685579923
"2025-09-02 00:00:00",111190.182098454
"2025-09-03 00:00:00",111711.519777251
"2025-09-04 00:00:00",110724.736377486
"2025-09-05 00:00:00",110662.181126285
"2025-09-06 00:00:00",110209.188824778
"2025-09-07 00:00:00",111131.992386841
"2025-09-08 00:00:00",112025.128781188
"2025-09-09 00:00:00",111547.439564348
"2025-09-10 00:00:00",113975.324894688
"2025-09-11 00:00:00",115503.16663193
"2025-09-12 00:00:00",116160.143445945
"2025-09-13 00:00:00",115970.58488443
"2025-09-14 00:00:00",115373.555558868
"2025-09-15 00:00:00",115397.252727275
"2025-09-16 00:00:00",116762.849686419
"2025-09-17 00:00:00",116455.946482253
"2025-09-18 00:00:00",117145.49508952
"2025-09-19 00:00:00",115655.810464413
"2025-09-20 00:00:00",115715.515367818
"2025-09-21 00:00:00",115304.47999407
"2025-09-22 00:00:00",112696.741017119
"2025-09-23 00:00:00",112022.165878612
"2025-09-24 00:00:00",113320.56908541
"2025-09-25 00:00:00",108963.530135956
"2025-09-26 00:00:00",109710.208746677
"2025-09-27 00:00:00",109654.810210757
"2025-09-28 00:00:00",112142.573627527
"2025-09-29 00:00:00",114309.150411194
"2025-09-30 00:00:00",114024.227835501
"2025-10-01 00:00:00",118503.244517525
"2025-10-02 00:00:00",120611.719115911
"2025-10-03 00:00:00",122250.151868428
"2025-10-04 00:00:00",122380.937084633
"2025-10-05 00:00:00",123506.185200277
"2025-10-06 00:00:00",124773.508230744
"2025-10-07 00:00:00",121518.755935751
"2025-10-08 00:00:00",123352.504875232
"2025-10-09 00:00:00",121698.030667783
"2025-10-10 00:00:00",113201.740641389
"2025-10-11 00:00:00",110853.116638839
"2025-10-12 00:00:00",115189.571463726
"2025-10-13 00:00:00",115222.283021165
"2025-10-14 00:00:00",113156.569438269
"2025-10-15 00:00:00",110708.669608794
"2025-10-16 00:00:00",108076.728620332
"2025-10-17 00:00:00",106443.611949846
"2025-10-18 00:00:00",107156.003376477
"2025-10-19 00:00:00",108621.134857428
"2025-10-20 00:00:00",110608.571493266
"2025-10-21 00:00:00",108486.102627166
"2025-10-22 00:00:00",107618.42667154
"2025-10-23 00:00:00",110048.518272916
"2025-10-24 00:00:00",110997.804371297
"2025-10-25 00:00:00",111620.309373135
"2025-10-26 00:00:00",114476.012275086
"2025-10-27 00:00:00",114182.794428068
"2025-10-28 00:00:00",112950.348632595
"2025-10-29 00:00:00",110046.669258373
"2025-10-30 00:00:00",108240.765287257
"2025-10-31 00:00:00",109573.905556291
"2025-11-01 00:00:00",110014.135567761
"2025-11-02 00:00:00",110650.209282315
"2025-11-03 00:00:00",106521.086738258
"2025-11-04 00:00:00",101635.274022723
"2025-11-05 00:00:00",103877.959659552
"2025-11-06 00:00:00",101322.640294586
"2025-11-07 00:00:00",103396.084215925
"2025-11-08 00:00:00",102290.137146552
"2025-11-09 00:00:00",104709.678616563
"2025-11-10 00:00:00",105909.072723217
"2025-11-11 00:00:00",102960.775645006
"2025-11-12 00:00:00",101521.708594536
"2025-11-13 00:00:00",99730.45339562
"2025-11-14 00:00:00",94456.393682353
"2025-11-15 00:00:00",95508.310198892
"2025-11-16 00:00:00",94411.32947183
"2025-11-17 00:00:00",92036.725504567
"2025-11-18 00:00:00",92819.759215009
"2025-11-19 00:00:00",91363.278386934
"2025-11-20 00:00:00",86649.972579182
"2025-11-21 00:00:00",85051.8019295
"2025-11-22 00:00:00",84682.624291477
"2025-11-23 00:00:00",86783.847668396
"2025-11-24 00:00:00",88229.357407198
"2025-11-25 00:00:00",87310.331599504
"2025-11-26 00:00:00",90474.226779697
"2025-11-27 00:00:00",91279.060571764
"2025-11-28 00:00:00",90950.37695911
"2025-11-29 00:00:00",90841.452581937
"2025-11-30 00:00:00",90406.284485711
"2025-12-01 00:00:00",86281.495197769
"2025-12-02 00:00:00",91344.732751502
"2025-12-03 00:00:00",93619.437508171
"2025-12-04 00:00:00",92140.704197958
"2025-12-05 00:00:00",89307.09154513
"2025-12-06 00:00:00",89244.762081412
"2025-12-07 00:00:00",90162.907140071
"2025-12-08 00:00:00",90618.053520461
"2025-12-09 00:00:00",92723.213720696
"2025-12-10 00:00:00",92005.137149574
"2025-12-11 00:00:00",92494.176916404
"2025-12-12 00:00:00",90307.260285678
"2025-12-13 00:00:00",90257.429288589
"2025-12-14 00:00:00",88230.774093679
"2025-12-15 00:00:00",86413.919019564
"2025-12-16 00:00:00",87821.889191091
"2025-12-17 00:00:00",86064.94716216
"2025-12-18 00:00:00",85450.33120093
"2025-12-19 00:00:00",88103.86075721
"2025-12-20 00:00:00",88347.94310568
"2025-12-21 00:00:00",88577.420383588
"2025-12-22 00:00:00",88491.120207881
"2025-12-23 00:00:00",87406.43636738
"2025-12-24 00:00:00",87642.6088812
"2025-12-25 00:00:00",87229.780660109
"2025-12-26 00:00:00",87305.956559614
"2025-12-27 00:00:00",87807.003210775
"2025-12-28 00:00:00",87822.908290768
"2025-12-29 00:00:00",87156.562660801
"2025-12-30 00:00:00",88414.628560734
"2025-12-31 00:00:00",87520.180487429
"2026-01-01 00:00:00",88727.670042497
"2026-01-02 00:00:00",89926.279249534
"2026-01-03 00:00:00",90593.854431804
"2026-01-04 00:00:00",91373.215881084
"2026-01-05 00:00:00",93926.795648566
"2026-01-06 00:00:00",93666.863873143
"2026-01-07 00:00:00",91257.155440359
"2026-01-08 00:00:00",90983.515781426
"2026-01-09 00:00:00",90504.8956034
"2026-01-10 00:00:00",90442.01907847
"2026-01-11 00:00:00",90819.365989042
"2026-01-12 00:00:00",91134.969179515
"2026-01-13 00:00:00",95260.4422971
"2026-01-14 00:00:00",97007.780788813
"2026-01-15 00:00:00",95584.827978785
"2026-01-16 00:00:00",95516.077719871
"2026-01-17 00:00:00",95099.531925546
"2026-01-18 00:00:00",93752.705771882
"2026-01-19 00:00:00",92558.463343721
"2026-01-20 00:00:00",88312.840532556
"2026-01-21 00:00:00",89354.343775121
"2026-01-22 00:00:00",89443.397441469
"2026-01-23 00:00:00",89412.398499531
"2026-01-24 00:00:00",89170.873645315
"2026-01-25 00:00:00",86548.322134698
"2026-01-26 00:00:00",88307.861207044
"2026-01-27 00:00:00",89204.222396445
"2026-01-28 00:00:00",89162.09701575
"2026-01-29 00:00:00",84570.409061359
"2026-01-30 00:00:00",84141.778569673
"2026-01-31 00:00:00",78725.858538845
"2026-02-01 00:00:00",76937.064066368
"2026-02-02 00:00:00",78767.658153459
"2026-02-03 00:00:00",75638.956702074
"2026-02-04 00:00:00",73172.292032489
"2026-02-05 00:00:00",62853.69038446
"2026-02-06 00:00:00",70523.954170358
"2026-02-07 00:00:00",69296.806773551
"2026-02-08 00:00:00",70542.373294639
"2026-02-09 00:00:00",70096.406922726
"2026-02-10 00:00:00",68779.909812691
"2026-02-11 00:00:00",66937.58141158
"2026-02-12 00:00:00",66184.577654704
"2026-02-13 00:00:00",68838.874905104
"2026-02-14 00:00:00",69765.596388243
"2026-02-15 00:00:00",68716.583374864
"2026-02-16 00:00:00",68907.783536062
"2026-02-17 00:00:00",67489.45540268
"2026-02-18 00:00:00",66456.353762068
"2026-02-19 00:00:00",66918.684174676
"2026-02-20 00:00:00",67970.294031332
"2026-02-21 00:00:00",67977.90904199
"2026-02-22 00:00:00",67585.117189382
"2026-02-23 00:00:00",64577.553200674
"2026-02-24 00:00:00",64074.110985282
"2026-02-25 00:00:00",67947.391855852
"2026-02-26 00:00:00",67469.06040327
"2026-02-27 00:00:00",65883.990962353
"2026-02-28 00:00:00",67008.454357462
"2026-03-01 00:00:00",65713.498989112
"2026-03-02 00:00:00",68864.036919185
"2026-03-03 00:00:00",68321.617848425
"2026-03-04 00:00:00",72669.770165222
"2026-03-05 00:00:00",70874.986871401
"2026-03-06 00:00:00",68148.283399665
"2026-03-07 00:00:00",67271.190777718
"2026-03-08 00:00:00",66036.157823627
"2026-03-09 00:00:00",68459.315370953
"2026-03-10 00:00:00",69883.008875799
"2026-03-11 00:00:00",70226.818790692
"2026-03-12 00:00:00",70544.425354619
"2026-03-13 00:00:00",70965.282286005
"2026-03-14 00:00:00",71217.10102838
"2026-03-15 00:00:00",72681.913253889
"2026-03-16 00:00:00",74858.148701003
"2026-03-17 00:00:00",73926.278991524
"2026-03-18 00:00:00",71304